tx_id,account_id,timestamp,amount,tx_type,status
tx_9,acc_1,2025-04-07T11:08:50Z,265.38,WITHDRAWAL,SUCCESS
tx_7,acc_1,2025-05-05T20:15:38Z,173.43,P2P,FAILED
tx_5,acc_1,2025-05-08T03:02:17Z,209.43,DEPOSIT,SUCCESS
tx_1,acc_1,2025-05-11T09:55:36Z,121.26,DEPOSIT,SUCCESS
tx_14,acc_1,2025-05-11T12:40:57Z,491.25,P2P,FAILED
tx_3,acc_1,2025-05-14T20:08:10Z,456.72,P2P,FAILED
tx_8,acc_1,2025-05-16T01:31:09Z,377.71,WITHDRAWAL,SUCCESS
tx_4,acc_1,2025-05-17T11:15:34Z,225.27,P2P,FAILED
tx_10,acc_1,2025-05-17T20:09:39Z,29.78,DEPOSIT,SUCCESS
tx_15,acc_1,2025-05-18T11:11:32Z,326.43,P2P,FAILED
tx_6,acc_1,2025-05-19T07:37:04Z,453.52,DEPOSIT,SUCCESS
tx_12,acc_1,2025-05-19T10:22:01Z,430.44,WITHDRAWAL,SUCCESS
tx_11,acc_1,2025-05-19T16:01:17Z,181.71,WITHDRAWAL,SUCCESS
tx_13,acc_1,2025-05-22T01:24:19Z,393.44,WITHDRAWAL,SUCCESS
tx_2,acc_1,2025-05-22T08:41:41Z,71.14,P2P,SUCCESS
tx_16,acc_2,2025-03-14T18:58:49Z,78.41,WITHDRAWAL,FAILED
tx_23,acc_2,2025-03-14T23:15:03Z,65.94,WITHDRAWAL,SUCCESS
tx_22,acc_2,2025-03-19T02:18:01Z,133.19,P2P,FAILED
tx_18,acc_2,2025-03-24T16:41:37Z,175.07,DEPOSIT,SUCCESS
tx_19,acc_2,2025-04-07T17:28:02Z,358.94,WITHDRAWAL,SUCCESS
tx_21,acc_2,2025-04-09T06:18:24Z,74.27,DEPOSIT,SUCCESS
tx_20,acc_2,2025-04-18T18:41:08Z,225.37,P2P,FAILED
tx_17,acc_2,2025-04-25T03:02:51Z,212.3,DEPOSIT,SUCCESS
tx_29,acc_3,2025-03-28T05:33:31Z,272.84,WITHDRAWAL,SUCCESS
tx_24,acc_3,2025-03-29T08:47:40Z,21.42,WITHDRAWAL,SUCCESS
tx_27,acc_3,2025-04-02T09:44:31Z,453.7,WITHDRAWAL,SUCCESS
tx_26,acc_3,2025-04-15T02:59:58Z,16.8,DEPOSIT,SUCCESS
tx_30,acc_3,2025-04-17T22:19:54Z,448.31,WITHDRAWAL,FAILED
tx_25,acc_3,2025-04-19T10:57:49Z,241.34,WITHDRAWAL,SUCCESS
tx_28,acc_3,2025-04-19T22:28:42Z,30.04,P2P,FAILED
tx_31,acc_4,2025-04-12T19:30:52Z,384.82,WITHDRAWAL,SUCCESS
tx_33,acc_4,2025-04-15T09:32:08Z,214.8,WITHDRAWAL,SUCCESS
tx_32,acc_4,2025-04-16T07:30:49Z,426.23,DEPOSIT,SUCCESS
tx_39,acc_5,2025-05-02T04:21:33Z,18.86,DEPOSIT,SUCCESS
tx_49,acc_5,2025-05-03T06:03:28Z,305.92,P2P,FAILED
tx_53,acc_5,2025-05-05T06:55:59Z,176.89,WITHDRAWAL,SUCCESS
tx_51,acc_5,2025-05-07T21:07:29Z,216.08,DEPOSIT,FAILED
tx_34,acc_5,2025-05-07T22:34:15Z,252.07,WITHDRAWAL,SUCCESS
tx_40,acc_5,2025-05-08T18:10:40Z,392.9,WITHDRAWAL,SUCCESS
tx_43,acc_5,2025-05-09T07:09:36Z,5.64,DEPOSIT,FAILED
tx_45,acc_5,2025-05-09T15:43:40Z,239.63,P2P,FAILED
tx_35,acc_5,2025-05-09T21:40:01Z,95.25,P2P,FAILED
tx_41,acc_5,2025-05-10T04:06:00Z,474.08,WITHDRAWAL,FAILED
tx_46,acc_5,2025-05-10T17:56:06Z,362.12,WITHDRAWAL,SUCCESS
tx_36,acc_5,2025-05-11T10:15:13Z,345.71,WITHDRAWAL,FAILED
tx_48,acc_5,2025-05-11T20:08:39Z,144.31,P2P,FAILED
tx_47,acc_5,2025-05-11T23:45:42Z,194.29,P2P,SUCCESS
tx_38,acc_5,2025-05-12T23:41:06Z,301.4,DEPOSIT,SUCCESS
tx_52,acc_5,2025-05-14T15:58:14Z,173.26,WITHDRAWAL,SUCCESS
tx_50,acc_5,2025-05-15T05:51:44Z,363.31,DEPOSIT,SUCCESS
tx_42,acc_5,2025-05-16T07:52:50Z,455.21,P2P,SUCCESS
tx_37,acc_5,2025-05-16T13:59:59Z,419.01,P2P,FAILED
tx_44,acc_5,2025-05-16T18:17:19Z,91.08,DEPOSIT,SUCCESS
tx_57,acc_6,2025-04-15T10:56:35Z,171.42,P2P,FAILED
tx_55,acc_6,2025-04-21T12:02:27Z,222.2,WITHDRAWAL,SUCCESS
tx_54,acc_6,2025-04-22T16:29:27Z,93.12,P2P,FAILED
tx_56,acc_6,2025-04-23T05:43:44Z,163.1,DEPOSIT,SUCCESS
tx_58,acc_6,2025-04-24T10:21:31Z,254.09,P2P,FAILED
tx_59,acc_6,2025-04-28T02:04:49Z,205.2,P2P,SUCCESS
tx_70,acc_7,2025-04-04T10:35:31Z,101.09,DEPOSIT,SUCCESS
tx_69,acc_7,2025-04-21T07:52:49Z,213.38,P2P,FAILED
tx_60,acc_7,2025-04-21T15:58:13Z,10.58,DEPOSIT,SUCCESS
tx_63,acc_7,2025-04-23T14:52:59Z,449.37,P2P,FAILED
tx_77,acc_7,2025-04-24T07:02:48Z,362.38,WITHDRAWAL,SUCCESS
tx_71,acc_7,2025-04-25T02:42:19Z,161.87,WITHDRAWAL,SUCCESS
tx_68,acc_7,2025-04-25T11:57:07Z,104.89,WITHDRAWAL,FAILED
tx_67,acc_7,2025-04-27T11:25:14Z,6.65,WITHDRAWAL,SUCCESS
tx_61,acc_7,2025-04-28T14:56:22Z,359.73,WITHDRAWAL,SUCCESS
tx_62,acc_7,2025-04-28T22:31:51Z,66.16,P2P,FAILED
tx_78,acc_7,2025-04-29T02:21:26Z,476.33,WITHDRAWAL,FAILED
tx_76,acc_7,2025-04-30T06:08:42Z,274.37,DEPOSIT,SUCCESS
tx_73,acc_7,2025-04-30T11:38:13Z,158.2,P2P,FAILED
tx_74,acc_7,2025-04-30T19:57:41Z,169.2,DEPOSIT,SUCCESS
tx_72,acc_7,2025-05-02T01:38:11Z,56.82,P2P,FAILED
tx_64,acc_7,2025-05-02T11:27:03Z,349.37,P2P,SUCCESS
tx_65,acc_7,2025-05-02T21:59:33Z,423.19,P2P,SUCCESS
tx_66,acc_7,2025-05-03T19:59:25Z,365.68,DEPOSIT,FAILED
tx_75,acc_7,2025-05-05T08:32:35Z,106.16,P2P,SUCCESS
tx_86,acc_8,2025-03-31T01:18:44Z,477.87,DEPOSIT,SUCCESS
tx_80,acc_8,2025-04-01T13:31:49Z,82.14,DEPOSIT,SUCCESS
tx_84,acc_8,2025-04-04T06:55:35Z,420.13,P2P,FAILED
tx_79,acc_8,2025-04-10T17:07:21Z,19.29,DEPOSIT,SUCCESS
tx_83,acc_8,2025-04-15T11:13:46Z,436.65,P2P,FAILED
tx_81,acc_8,2025-04-16T12:57:24Z,175.44,WITHDRAWAL,SUCCESS
tx_85,acc_8,2025-04-18T03:00:27Z,174.62,P2P,FAILED
tx_82,acc_8,2025-04-22T16:54:22Z,139.17,WITHDRAWAL,FAILED
tx_87,acc_9,2025-04-16T01:50:21Z,363.96,P2P,FAILED
tx_90,acc_9,2025-04-20T17:20:35Z,331.91,WITHDRAWAL,SUCCESS
tx_88,acc_9,2025-04-23T13:06:25Z,374.59,WITHDRAWAL,FAILED
tx_89,acc_9,2025-04-28T12:34:05Z,95.81,WITHDRAWAL,SUCCESS
tx_101,acc_10,2025-03-15T05:01:16Z,412.46,P2P,FAILED
tx_96,acc_10,2025-04-10T16:45:07Z,429.76,DEPOSIT,SUCCESS
tx_94,acc_10,2025-04-12T03:03:29Z,428.62,P2P,FAILED
tx_104,acc_10,2025-04-12T11:16:32Z,385.64,WITHDRAWAL,FAILED
tx_98,acc_10,2025-04-19T18:34:08Z,307.72,WITHDRAWAL,SUCCESS
tx_95,acc_10,2025-04-22T07:53:01Z,238.05,WITHDRAWAL,SUCCESS
tx_103,acc_10,2025-04-22T12:12:25Z,381.68,WITHDRAWAL,SUCCESS
tx_92,acc_10,2025-04-23T07:30:56Z,13.53,WITHDRAWAL,SUCCESS
tx_100,acc_10,2025-04-25T04:25:49Z,53.27,WITHDRAWAL,SUCCESS
tx_91,acc_10,2025-04-27T04:43:07Z,51.5,P2P,FAILED
tx_99,acc_10,2025-04-27T22:36:09Z,339.98,P2P,SUCCESS
tx_102,acc_10,2025-04-28T23:07:59Z,334.28,WITHDRAWAL,SUCCESS
tx_93,acc_10,2025-04-30T10:27:42Z,132.99,WITHDRAWAL,FAILED
tx_97,acc_10,2025-05-01T07:06:48Z,205.21,P2P,SUCCESS
tx_107,acc_11,2025-04-17T07:12:41Z,256.13,WITHDRAWAL,SUCCESS
tx_106,acc_11,2025-04-26T04:55:17Z,211.36,DEPOSIT,SUCCESS
tx_105,acc_11,2025-05-09T00:56:11Z,250.26,WITHDRAWAL,SUCCESS
tx_114,acc_12,2025-04-01T16:11:43Z,220.83,DEPOSIT,SUCCESS
tx_108,acc_12,2025-04-01T23:36:07Z,458.13,DEPOSIT,FAILED
tx_113,acc_12,2025-04-11T00:09:36Z,300.86,P2P,FAILED
tx_115,acc_12,2025-04-23T08:31:17Z,308.26,DEPOSIT,SUCCESS
tx_112,acc_12,2025-04-23T16:27:03Z,43.82,DEPOSIT,SUCCESS
tx_111,acc_12,2025-04-26T07:54:44Z,65.85,DEPOSIT,FAILED
tx_110,acc_12,2025-04-26T16:03:06Z,287.66,WITHDRAWAL,SUCCESS
tx_109,acc_12,2025-04-26T22:40:40Z,363.75,WITHDRAWAL,FAILED
tx_119,acc_13,2025-03-22T14:27:46Z,285.05,WITHDRAWAL,SUCCESS
tx_116,acc_13,2025-03-31T12:49:05Z,454.83,WITHDRAWAL,SUCCESS
tx_117,acc_13,2025-04-06T09:33:44Z,229.44,WITHDRAWAL,SUCCESS
tx_118,acc_13,2025-04-07T15:44:27Z,359.72,P2P,FAILED
tx_121,acc_14,2025-03-30T04:28:10Z,94.13,P2P,FAILED
tx_120,acc_14,2025-04-09T15:01:47Z,436.8,WITHDRAWAL,SUCCESS
tx_122,acc_14,2025-04-15T13:23:49Z,36.44,WITHDRAWAL,SUCCESS
tx_125,acc_15,2025-04-17T04:30:38Z,401.46,WITHDRAWAL,SUCCESS
tx_123,acc_15,2025-04-24T00:11:21Z,193.93,WITHDRAWAL,SUCCESS
tx_126,acc_15,2025-04-24T01:17:29Z,40.67,DEPOSIT,SUCCESS
tx_124,acc_15,2025-05-03T01:42:10Z,107.87,WITHDRAWAL,SUCCESS
tx_127,acc_15,2025-05-04T20:34:08Z,63.84,DEPOSIT,FAILED
tx_135,acc_16,2025-04-01T22:19:56Z,399.66,WITHDRAWAL,FAILED
tx_136,acc_16,2025-04-18T12:43:39Z,357.61,WITHDRAWAL,SUCCESS
tx_142,acc_16,2025-04-24T08:56:50Z,320.86,P2P,FAILED
tx_133,acc_16,2025-04-28T19:38:17Z,268.49,P2P,FAILED
tx_131,acc_16,2025-05-03T02:48:17Z,345.55,WITHDRAWAL,SUCCESS
tx_146,acc_16,2025-05-03T23:32:30Z,95.54,P2P,FAILED
tx_139,acc_16,2025-05-04T01:25:27Z,43.49,WITHDRAWAL,SUCCESS
tx_140,acc_16,2025-05-06T13:26:01Z,106.12,DEPOSIT,SUCCESS
tx_143,acc_16,2025-05-06T17:54:51Z,488.91,WITHDRAWAL,SUCCESS
tx_141,acc_16,2025-05-12T01:27:39Z,59.52,WITHDRAWAL,SUCCESS
tx_145,acc_16,2025-05-12T02:57:21Z,175.14,P2P,FAILED
tx_130,acc_16,2025-05-13T08:05:01Z,476.45,P2P,SUCCESS
tx_132,acc_16,2025-05-14T20:02:44Z,211.41,P2P,SUCCESS
tx_138,acc_16,2025-05-15T01:55:23Z,63.92,DEPOSIT,SUCCESS
tx_147,acc_16,2025-05-15T03:53:39Z,496.44,P2P,SUCCESS
tx_128,acc_16,2025-05-15T04:46:10Z,454.1,DEPOSIT,SUCCESS
tx_137,acc_16,2025-05-15T20:31:55Z,111.13,WITHDRAWAL,FAILED
tx_129,acc_16,2025-05-16T15:00:24Z,216.58,WITHDRAWAL,SUCCESS
tx_144,acc_16,2025-05-16T23:53:12Z,10.1,WITHDRAWAL,SUCCESS
tx_134,acc_16,2025-05-17T07:15:59Z,258.38,P2P,SUCCESS
tx_148,acc_17,2025-03-22T21:26:22Z,417.44,WITHDRAWAL,FAILED
tx_149,acc_17,2025-04-03T02:19:24Z,361.37,P2P,FAILED
tx_150,acc_17,2025-04-03T21:41:35Z,73.71,DEPOSIT,SUCCESS
tx_151,acc_17,2025-04-15T09:08:59Z,409.73,P2P,FAILED
tx_153,acc_18,2025-03-31T17:34:37Z,52.21,WITHDRAWAL,FAILED
tx_152,acc_18,2025-04-01T01:17:23Z,335.92,WITHDRAWAL,SUCCESS
tx_154,acc_18,2025-04-03T17:39:52Z,192.41,DEPOSIT,SUCCESS
tx_155,acc_19,2025-04-22T11:09:59Z,21.03,DEPOSIT,SUCCESS
tx_156,acc_19,2025-05-03T13:23:33Z,172.68,WITHDRAWAL,SUCCESS
tx_157,acc_19,2025-05-13T08:41:44Z,97.8,WITHDRAWAL,SUCCESS
tx_163,acc_20,2025-03-03T21:13:54Z,480.45,DEPOSIT,SUCCESS
tx_160,acc_20,2025-03-21T02:06:36Z,37.64,WITHDRAWAL,FAILED
tx_161,acc_20,2025-04-08T02:40:06Z,373.27,P2P,FAILED
tx_158,acc_20,2025-04-12T20:27:07Z,367.01,DEPOSIT,SUCCESS
tx_159,acc_20,2025-04-16T18:40:53Z,79.35,DEPOSIT,SUCCESS
tx_162,acc_20,2025-04-24T05:45:42Z,443.93,P2P,FAILED
tx_168,acc_21,2025-04-28T02:26:54Z,490.91,P2P,FAILED
tx_167,acc_21,2025-04-28T06:46:48Z,331.43,WITHDRAWAL,SUCCESS
tx_166,acc_21,2025-04-30T10:26:29Z,297.37,WITHDRAWAL,SUCCESS
tx_164,acc_21,2025-05-05T21:46:03Z,357.33,WITHDRAWAL,SUCCESS
tx_169,acc_21,2025-05-08T03:41:23Z,208.05,WITHDRAWAL,SUCCESS
tx_165,acc_21,2025-05-10T08:29:15Z,314.98,WITHDRAWAL,SUCCESS
tx_170,acc_21,2025-05-10T22:19:03Z,68.74,P2P,FAILED
tx_171,acc_22,2025-04-20T12:57:11Z,322.72,WITHDRAWAL,SUCCESS
tx_173,acc_22,2025-04-28T23:51:50Z,202.76,DEPOSIT,SUCCESS
tx_172,acc_22,2025-05-01T18:33:51Z,109.95,P2P,FAILED
tx_184,acc_23,2025-03-23T02:39:41Z,156.9,WITHDRAWAL,SUCCESS
tx_174,acc_23,2025-03-26T23:40:04Z,378.49,WITHDRAWAL,SUCCESS
tx_183,acc_23,2025-04-08T07:20:00Z,68.43,DEPOSIT,SUCCESS
tx_180,acc_23,2025-04-08T15:35:54Z,83.11,WITHDRAWAL,SUCCESS
tx_175,acc_23,2025-04-14T19:26:07Z,109.37,P2P,FAILED
tx_181,acc_23,2025-04-18T10:59:48Z,228.91,WITHDRAWAL,FAILED
tx_179,acc_23,2025-04-23T09:39:09Z,396.86,WITHDRAWAL,SUCCESS
tx_177,acc_23,2025-04-26T19:13:10Z,226.32,WITHDRAWAL,FAILED
tx_176,acc_23,2025-04-30T19:23:51Z,230.96,WITHDRAWAL,SUCCESS
tx_178,acc_23,2025-05-02T05:07:09Z,221.46,WITHDRAWAL,FAILED
tx_182,acc_23,2025-05-02T06:44:22Z,379.49,P2P,FAILED
tx_185,acc_24,2025-04-06T00:50:56Z,207.5,WITHDRAWAL,SUCCESS
tx_186,acc_24,2025-04-11T00:18:34Z,496.61,WITHDRAWAL,SUCCESS
tx_188,acc_24,2025-04-20T12:59:22Z,480.61,P2P,FAILED
tx_187,acc_24,2025-04-25T07:27:23Z,419.02,WITHDRAWAL,SUCCESS
tx_195,acc_25,2025-03-22T13:57:38Z,276.91,P2P,FAILED
tx_200,acc_25,2025-04-02T10:54:48Z,95.01,P2P,FAILED
tx_196,acc_25,2025-04-03T18:50:31Z,345.75,DEPOSIT,SUCCESS
tx_189,acc_25,2025-04-05T11:30:42Z,316.04,WITHDRAWAL,SUCCESS
tx_197,acc_25,2025-04-15T15:33:38Z,310.15,WITHDRAWAL,SUCCESS
tx_199,acc_25,2025-04-16T19:34:19Z,148.76,DEPOSIT,SUCCESS
tx_190,acc_25,2025-04-20T15:38:04Z,104.7,P2P,FAILED
tx_191,acc_25,2025-04-22T10:01:05Z,317.22,WITHDRAWAL,SUCCESS
tx_198,acc_25,2025-04-22T13:10:49Z,387.2,P2P,FAILED
tx_193,acc_25,2025-04-25T02:12:57Z,21.06,P2P,FAILED
tx_192,acc_25,2025-04-27T17:58:08Z,211.06,P2P,SUCCESS
tx_194,acc_25,2025-04-28T22:35:01Z,269.91,WITHDRAWAL,SUCCESS
tx_217,acc_26,2025-03-23T16:42:35Z,258.59,P2P,SUCCESS
tx_203,acc_26,2025-04-19T01:51:50Z,131.33,WITHDRAWAL,SUCCESS
tx_208,acc_26,2025-04-22T20:42:46Z,148.37,DEPOSIT,SUCCESS
tx_212,acc_26,2025-04-28T04:13:40Z,266.67,DEPOSIT,SUCCESS
tx_211,acc_26,2025-04-29T20:40:26Z,114.07,P2P,SUCCESS
tx_228,acc_26,2025-04-30T06:21:46Z,53.63,WITHDRAWAL,SUCCESS
tx_213,acc_26,2025-05-05T18:17:28Z,415.16,DEPOSIT,SUCCESS
tx_219,acc_26,2025-05-08T14:24:36Z,182.78,P2P,SUCCESS
tx_220,acc_26,2025-05-10T01:04:38Z,334.8,WITHDRAWAL,FAILED
tx_224,acc_26,2025-05-10T05:11:13Z,48.72,P2P,SUCCESS
tx_221,acc_26,2025-05-11T12:23:54Z,221.51,DEPOSIT,SUCCESS
tx_204,acc_26,2025-05-12T21:23:01Z,192.63,P2P,SUCCESS
tx_216,acc_26,2025-05-13T05:00:50Z,26.89,DEPOSIT,SUCCESS
tx_218,acc_26,2025-05-13T22:53:34Z,123.89,P2P,SUCCESS
tx_207,acc_26,2025-05-14T07:42:52Z,424.75,WITHDRAWAL,SUCCESS
tx_227,acc_26,2025-05-14T13:01:53Z,328.64,P2P,SUCCESS
tx_202,acc_26,2025-05-15T13:24:37Z,425.07,DEPOSIT,SUCCESS
tx_205,acc_26,2025-05-17T05:31:45Z,497.35,DEPOSIT,SUCCESS
tx_223,acc_26,2025-05-17T14:00:44Z,483.12,DEPOSIT,SUCCESS
tx_222,acc_26,2025-05-17T14:40:40Z,421.69,DEPOSIT,SUCCESS
tx_214,acc_26,2025-05-17T19:20:47Z,43.0,DEPOSIT,FAILED
tx_210,acc_26,2025-05-18T04:50:24Z,339.03,WITHDRAWAL,SUCCESS
tx_206,acc_26,2025-05-19T08:20:50Z,308.62,DEPOSIT,FAILED
tx_215,acc_26,2025-05-20T05:08:10Z,443.0,DEPOSIT,SUCCESS
tx_209,acc_26,2025-05-20T17:24:03Z,73.81,DEPOSIT,SUCCESS
tx_225,acc_26,2025-05-20T18:26:13Z,281.05,WITHDRAWAL,SUCCESS
tx_201,acc_26,2025-05-21T06:12:17Z,330.72,WITHDRAWAL,SUCCESS
tx_226,acc_26,2025-05-21T11:13:51Z,262.21,DEPOSIT,SUCCESS
tx_230,acc_27,2025-03-05T04:50:44Z,298.41,WITHDRAWAL,SUCCESS
tx_241,acc_27,2025-03-11T04:24:45Z,36.56,P2P,SUCCESS
tx_229,acc_27,2025-03-17T05:08:37Z,151.62,P2P,SUCCESS
tx_242,acc_27,2025-03-19T19:18:47Z,201.71,WITHDRAWAL,SUCCESS
tx_235,acc_27,2025-03-28T14:38:38Z,315.69,WITHDRAWAL,SUCCESS
tx_245,acc_27,2025-04-06T08:57:08Z,348.59,DEPOSIT,SUCCESS
tx_240,acc_27,2025-04-12T09:20:49Z,76.95,P2P,SUCCESS
tx_232,acc_27,2025-04-12T17:14:32Z,11.32,P2P,SUCCESS
tx_244,acc_27,2025-04-14T19:44:04Z,483.09,P2P,SUCCESS
tx_239,acc_27,2025-04-14T20:56:04Z,477.73,DEPOSIT,SUCCESS
tx_231,acc_27,2025-04-18T08:31:27Z,237.48,DEPOSIT,SUCCESS
tx_233,acc_27,2025-04-26T19:14:15Z,401.88,DEPOSIT,SUCCESS
tx_238,acc_27,2025-04-26T23:11:39Z,453.3,DEPOSIT,FAILED
tx_247,acc_27,2025-04-27T06:07:37Z,385.65,DEPOSIT,SUCCESS
tx_234,acc_27,2025-04-29T11:58:08Z,45.95,P2P,SUCCESS
tx_246,acc_27,2025-04-30T05:01:15Z,269.51,WITHDRAWAL,FAILED
tx_243,acc_27,2025-04-30T07:33:48Z,52.43,P2P,FAILED
tx_236,acc_27,2025-05-01T15:21:58Z,362.8,DEPOSIT,SUCCESS
tx_237,acc_27,2025-05-03T02:40:51Z,292.04,WITHDRAWAL,SUCCESS
tx_254,acc_28,2025-05-01T20:56:00Z,370.1,DEPOSIT,SUCCESS
tx_248,acc_28,2025-05-01T22:41:52Z,379.95,P2P,SUCCESS
tx_255,acc_28,2025-05-05T12:27:07Z,200.0,DEPOSIT,SUCCESS
tx_249,acc_28,2025-05-13T18:47:57Z,188.25,WITHDRAWAL,SUCCESS
tx_252,acc_28,2025-05-16T10:36:50Z,210.51,DEPOSIT,SUCCESS
tx_265,acc_28,2025-05-20T18:22:31Z,432.18,P2P,SUCCESS
tx_256,acc_28,2025-05-21T10:39:54Z,181.35,P2P,SUCCESS
tx_261,acc_28,2025-05-22T20:48:58Z,271.51,P2P,SUCCESS
tx_251,acc_28,2025-05-24T07:07:14Z,270.36,DEPOSIT,SUCCESS
tx_258,acc_28,2025-05-24T16:56:54Z,282.45,DEPOSIT,SUCCESS
tx_260,acc_28,2025-05-24T22:21:26Z,210.19,WITHDRAWAL,SUCCESS
tx_263,acc_28,2025-05-25T18:43:48Z,267.77,WITHDRAWAL,SUCCESS
tx_259,acc_28,2025-05-26T00:23:39Z,247.06,P2P,SUCCESS
tx_264,acc_28,2025-05-26T06:16:28Z,317.72,P2P,SUCCESS
tx_262,acc_28,2025-05-26T13:23:46Z,14.02,P2P,SUCCESS
tx_253,acc_28,2025-05-26T16:13:14Z,386.24,P2P,SUCCESS
tx_257,acc_28,2025-05-26T17:07:21Z,454.4,DEPOSIT,SUCCESS
tx_250,acc_28,2025-05-27T09:33:55Z,471.0,DEPOSIT,SUCCESS
tx_277,acc_29,2025-03-18T17:53:52Z,129.14,DEPOSIT,FAILED
tx_278,acc_29,2025-04-08T17:01:42Z,222.0,DEPOSIT,SUCCESS
tx_266,acc_29,2025-04-13T04:04:50Z,116.9,P2P,SUCCESS
tx_282,acc_29,2025-04-29T04:57:52Z,451.77,P2P,SUCCESS
tx_273,acc_29,2025-04-30T03:03:34Z,438.96,P2P,SUCCESS
tx_272,acc_29,2025-04-30T23:42:30Z,195.84,DEPOSIT,SUCCESS
tx_271,acc_29,2025-05-01T21:32:54Z,129.73,P2P,SUCCESS
tx_269,acc_29,2025-05-03T06:52:51Z,497.36,P2P,SUCCESS
tx_267,acc_29,2025-05-03T15:50:31Z,198.94,WITHDRAWAL,SUCCESS
tx_270,acc_29,2025-05-04T18:49:14Z,348.41,P2P,SUCCESS
tx_268,acc_29,2025-05-05T17:30:35Z,48.57,WITHDRAWAL,SUCCESS
tx_280,acc_29,2025-05-06T10:37:11Z,402.44,WITHDRAWAL,SUCCESS
tx_283,acc_29,2025-05-07T06:31:51Z,441.04,P2P,SUCCESS
tx_284,acc_29,2025-05-07T20:07:22Z,412.2,WITHDRAWAL,SUCCESS
tx_286,acc_29,2025-05-08T03:40:31Z,391.32,DEPOSIT,SUCCESS
tx_276,acc_29,2025-05-08T04:00:30Z,69.68,DEPOSIT,FAILED
tx_275,acc_29,2025-05-11T18:11:46Z,198.65,WITHDRAWAL,SUCCESS
tx_274,acc_29,2025-05-11T21:14:25Z,475.2,P2P,SUCCESS
tx_285,acc_29,2025-05-11T21:50:44Z,270.53,DEPOSIT,SUCCESS
tx_279,acc_29,2025-05-12T02:58:07Z,206.34,WITHDRAWAL,SUCCESS
tx_281,acc_29,2025-05-13T11:59:00Z,22.84,P2P,FAILED
tx_298,acc_30,2025-04-18T18:30:10Z,309.06,WITHDRAWAL,SUCCESS
tx_305,acc_30,2025-04-22T11:48:56Z,235.22,P2P,SUCCESS
tx_291,acc_30,2025-04-25T18:49:03Z,80.13,WITHDRAWAL,SUCCESS
tx_304,acc_30,2025-04-27T10:21:43Z,375.48,WITHDRAWAL,SUCCESS
tx_299,acc_30,2025-05-02T09:28:08Z,303.74,WITHDRAWAL,SUCCESS
tx_289,acc_30,2025-05-03T05:48:10Z,62.76,DEPOSIT,SUCCESS
tx_288,acc_30,2025-05-07T01:32:38Z,369.65,DEPOSIT,FAILED
tx_294,acc_30,2025-05-07T17:55:12Z,368.45,WITHDRAWAL,SUCCESS
tx_302,acc_30,2025-05-07T22:30:23Z,170.71,P2P,SUCCESS
tx_303,acc_30,2025-05-10T11:13:38Z,223.6,P2P,SUCCESS
tx_297,acc_30,2025-05-10T23:27:58Z,270.22,DEPOSIT,SUCCESS
tx_290,acc_30,2025-05-14T07:08:45Z,451.28,DEPOSIT,SUCCESS
tx_292,acc_30,2025-05-15T01:08:30Z,188.77,DEPOSIT,SUCCESS
tx_295,acc_30,2025-05-15T23:16:48Z,347.72,WITHDRAWAL,FAILED
tx_287,acc_30,2025-05-16T11:42:57Z,402.83,P2P,SUCCESS
tx_306,acc_30,2025-05-17T00:10:57Z,334.16,P2P,SUCCESS
tx_296,acc_30,2025-05-18T15:31:31Z,442.64,DEPOSIT,SUCCESS
tx_300,acc_30,2025-05-19T16:25:18Z,374.43,P2P,SUCCESS
tx_293,acc_30,2025-05-19T19:13:54Z,38.64,DEPOSIT,SUCCESS
tx_301,acc_30,2025-05-20T21:08:38Z,260.99,P2P,SUCCESS
tx_308,acc_31,2025-04-28T03:16:52Z,290.47,WITHDRAWAL,SUCCESS
tx_330,acc_31,2025-04-29T23:28:54Z,400.32,WITHDRAWAL,SUCCESS
tx_311,acc_31,2025-05-05T16:38:49Z,142.39,P2P,SUCCESS
tx_318,acc_31,2025-05-11T13:11:24Z,467.23,WITHDRAWAL,SUCCESS
tx_316,acc_31,2025-05-13T05:33:03Z,47.66,P2P,SUCCESS
tx_319,acc_31,2025-05-13T21:19:12Z,243.34,P2P,SUCCESS
tx_327,acc_31,2025-05-16T13:45:21Z,55.57,WITHDRAWAL,SUCCESS
tx_312,acc_31,2025-05-18T08:41:19Z,456.88,WITHDRAWAL,SUCCESS
tx_317,acc_31,2025-05-18T11:33:54Z,395.48,WITHDRAWAL,SUCCESS
tx_326,acc_31,2025-05-18T17:53:46Z,485.27,WITHDRAWAL,SUCCESS
tx_315,acc_31,2025-05-20T12:56:05Z,64.99,WITHDRAWAL,SUCCESS
tx_329,acc_31,2025-05-22T02:21:43Z,280.03,DEPOSIT,SUCCESS
tx_307,acc_31,2025-05-22T20:54:58Z,347.79,DEPOSIT,SUCCESS
tx_322,acc_31,2025-05-23T10:52:06Z,194.34,DEPOSIT,SUCCESS
tx_320,acc_31,2025-05-23T11:42:32Z,324.57,WITHDRAWAL,SUCCESS
tx_314,acc_31,2025-05-23T12:38:02Z,477.25,DEPOSIT,SUCCESS
tx_324,acc_31,2025-05-24T01:41:43Z,167.91,DEPOSIT,SUCCESS
tx_323,acc_31,2025-05-25T06:30:48Z,435.8,WITHDRAWAL,SUCCESS
tx_325,acc_31,2025-05-25T20:37:29Z,404.94,DEPOSIT,SUCCESS
tx_321,acc_31,2025-05-25T23:03:24Z,90.08,WITHDRAWAL,SUCCESS
tx_328,acc_31,2025-05-26T02:47:58Z,139.24,WITHDRAWAL,SUCCESS
tx_313,acc_31,2025-05-26T02:57:57Z,24.48,DEPOSIT,SUCCESS
tx_309,acc_31,2025-05-26T18:18:24Z,349.28,P2P,SUCCESS
tx_310,acc_31,2025-05-27T07:57:55Z,309.89,DEPOSIT,FAILED
tx_348,acc_32,2025-04-23T17:33:24Z,284.34,DEPOSIT,SUCCESS
tx_341,acc_32,2025-04-30T21:11:51Z,12.07,P2P,SUCCESS
tx_333,acc_32,2025-05-06T12:10:21Z,393.82,P2P,SUCCESS
tx_335,acc_32,2025-05-12T22:49:14Z,278.2,DEPOSIT,SUCCESS
tx_339,acc_32,2025-05-13T14:56:50Z,436.29,P2P,SUCCESS
tx_347,acc_32,2025-05-13T20:49:09Z,294.92,DEPOSIT,SUCCESS
tx_340,acc_32,2025-05-16T13:14:00Z,455.24,DEPOSIT,SUCCESS
tx_351,acc_32,2025-05-17T00:47:05Z,207.21,DEPOSIT,SUCCESS
tx_345,acc_32,2025-05-17T11:36:26Z,104.13,P2P,SUCCESS
tx_338,acc_32,2025-05-17T12:57:30Z,230.4,WITHDRAWAL,SUCCESS
tx_356,acc_32,2025-05-19T07:34:47Z,272.16,P2P,SUCCESS
tx_332,acc_32,2025-05-19T19:36:51Z,334.75,P2P,SUCCESS
tx_349,acc_32,2025-05-20T03:29:38Z,496.51,P2P,SUCCESS
tx_354,acc_32,2025-05-20T07:59:56Z,460.16,P2P,SUCCESS
tx_334,acc_32,2025-05-21T09:48:27Z,260.74,DEPOSIT,SUCCESS
tx_346,acc_32,2025-05-21T15:21:35Z,360.76,WITHDRAWAL,FAILED
tx_343,acc_32,2025-05-21T20:50:12Z,359.16,DEPOSIT,SUCCESS
tx_342,acc_32,2025-05-22T14:42:51Z,495.92,WITHDRAWAL,SUCCESS
tx_350,acc_32,2025-05-23T06:42:41Z,344.07,DEPOSIT,SUCCESS
tx_336,acc_32,2025-05-24T21:22:35Z,84.31,DEPOSIT,SUCCESS
tx_331,acc_32,2025-05-24T22:53:25Z,414.09,WITHDRAWAL,SUCCESS
tx_352,acc_32,2025-05-25T21:01:02Z,93.68,WITHDRAWAL,SUCCESS
tx_355,acc_32,2025-05-26T00:34:17Z,161.11,DEPOSIT,SUCCESS
tx_337,acc_32,2025-05-26T15:59:23Z,209.22,P2P,SUCCESS
tx_353,acc_32,2025-05-26T16:02:06Z,423.3,P2P,SUCCESS
tx_357,acc_32,2025-05-26T17:07:53Z,275.71,WITHDRAWAL,SUCCESS
tx_344,acc_32,2025-05-27T05:56:24Z,425.12,DEPOSIT,SUCCESS
tx_362,acc_33,2025-04-08T03:46:15Z,454.53,DEPOSIT,SUCCESS
tx_371,acc_33,2025-04-13T21:21:46Z,214.67,WITHDRAWAL,SUCCESS
tx_367,acc_33,2025-04-14T17:04:54Z,158.51,WITHDRAWAL,SUCCESS
tx_364,acc_33,2025-04-17T04:25:03Z,347.05,DEPOSIT,SUCCESS
tx_365,acc_33,2025-04-20T01:48:25Z,266.21,WITHDRAWAL,SUCCESS
tx_370,acc_33,2025-04-23T17:51:51Z,468.89,P2P,SUCCESS
tx_363,acc_33,2025-04-24T01:14:17Z,494.1,DEPOSIT,SUCCESS
tx_372,acc_33,2025-04-25T00:26:59Z,91.77,DEPOSIT,SUCCESS
tx_377,acc_33,2025-04-25T01:01:03Z,239.36,P2P,SUCCESS
tx_360,acc_33,2025-04-29T03:10:40Z,400.23,P2P,SUCCESS
tx_368,acc_33,2025-04-29T05:25:42Z,229.01,P2P,SUCCESS
tx_374,acc_33,2025-04-29T09:52:46Z,44.61,P2P,SUCCESS
tx_373,acc_33,2025-04-29T19:21:18Z,452.77,P2P,FAILED
tx_359,acc_33,2025-04-29T23:03:20Z,469.51,WITHDRAWAL,SUCCESS
tx_369,acc_33,2025-05-01T05:48:20Z,211.72,P2P,SUCCESS
tx_366,acc_33,2025-05-03T02:10:03Z,27.26,P2P,SUCCESS
tx_358,acc_33,2025-05-04T01:09:45Z,334.72,P2P,SUCCESS
tx_375,acc_33,2025-05-04T19:26:57Z,494.15,DEPOSIT,SUCCESS
tx_376,acc_33,2025-05-06T03:59:28Z,203.1,WITHDRAWAL,SUCCESS
tx_361,acc_33,2025-05-07T02:36:26Z,244.06,DEPOSIT,SUCCESS
tx_379,acc_33,2025-05-07T13:30:27Z,461.25,WITHDRAWAL,SUCCESS
tx_380,acc_33,2025-05-07T17:19:40Z,205.39,WITHDRAWAL,SUCCESS
tx_378,acc_33,2025-05-08T17:39:43Z,302.15,WITHDRAWAL,SUCCESS
tx_395,acc_34,2025-04-13T11:03:13Z,47.23,P2P,FAILED
tx_394,acc_34,2025-04-17T05:43:43Z,311.46,DEPOSIT,SUCCESS
tx_404,acc_34,2025-04-29T00:29:38Z,248.66,P2P,SUCCESS
tx_383,acc_34,2025-05-04T17:37:52Z,140.88,WITHDRAWAL,SUCCESS
tx_396,acc_34,2025-05-06T15:37:13Z,334.67,P2P,SUCCESS
tx_381,acc_34,2025-05-07T13:27:49Z,349.44,DEPOSIT,SUCCESS
tx_402,acc_34,2025-05-07T23:11:06Z,157.84,WITHDRAWAL,SUCCESS
tx_385,acc_34,2025-05-09T10:00:28Z,289.92,DEPOSIT,SUCCESS
tx_389,acc_34,2025-05-10T17:47:41Z,302.92,WITHDRAWAL,SUCCESS
tx_401,acc_34,2025-05-10T20:29:52Z,46.79,DEPOSIT,SUCCESS
tx_384,acc_34,2025-05-14T01:42:15Z,320.91,WITHDRAWAL,SUCCESS
tx_386,acc_34,2025-05-14T14:38:31Z,223.33,WITHDRAWAL,SUCCESS
tx_399,acc_34,2025-05-14T17:34:07Z,444.5,DEPOSIT,SUCCESS
tx_382,acc_34,2025-05-15T19:32:24Z,285.45,DEPOSIT,SUCCESS
tx_397,acc_34,2025-05-16T12:00:19Z,459.2,WITHDRAWAL,SUCCESS
tx_400,acc_34,2025-05-16T21:20:54Z,135.37,WITHDRAWAL,FAILED
tx_387,acc_34,2025-05-17T06:03:07Z,167.53,P2P,SUCCESS
tx_391,acc_34,2025-05-18T07:08:30Z,369.96,P2P,SUCCESS
tx_393,acc_34,2025-05-18T15:25:59Z,354.05,DEPOSIT,SUCCESS
tx_398,acc_34,2025-05-18T19:45:24Z,229.6,DEPOSIT,SUCCESS
tx_392,acc_34,2025-05-20T00:16:34Z,104.75,WITHDRAWAL,SUCCESS
tx_403,acc_34,2025-05-20T02:37:05Z,489.62,DEPOSIT,SUCCESS
tx_390,acc_34,2025-05-20T20:13:42Z,368.09,WITHDRAWAL,FAILED
tx_388,acc_34,2025-05-20T22:51:33Z,441.56,WITHDRAWAL,SUCCESS
tx_409,acc_35,2025-04-29T08:12:35Z,357.64,WITHDRAWAL,SUCCESS
tx_416,acc_35,2025-05-09T02:34:39Z,367.11,P2P,FAILED
tx_418,acc_35,2025-05-14T04:56:34Z,42.25,DEPOSIT,SUCCESS
tx_423,acc_35,2025-05-14T13:43:24Z,130.11,P2P,SUCCESS
tx_415,acc_35,2025-05-16T01:46:07Z,46.07,WITHDRAWAL,SUCCESS
tx_407,acc_35,2025-05-19T08:06:24Z,183.85,P2P,SUCCESS
tx_424,acc_35,2025-05-19T08:55:14Z,82.0,P2P,SUCCESS
tx_417,acc_35,2025-05-19T09:00:09Z,412.98,DEPOSIT,SUCCESS
tx_412,acc_35,2025-05-20T01:23:49Z,285.04,P2P,SUCCESS
tx_422,acc_35,2025-05-20T09:02:20Z,86.63,DEPOSIT,SUCCESS
tx_419,acc_35,2025-05-21T12:57:08Z,396.0,DEPOSIT,SUCCESS
tx_410,acc_35,2025-05-21T14:29:39Z,32.43,WITHDRAWAL,SUCCESS
tx_413,acc_35,2025-05-21T18:21:47Z,230.68,WITHDRAWAL,SUCCESS
tx_405,acc_35,2025-05-22T09:09:10Z,491.7,DEPOSIT,SUCCESS
tx_408,acc_35,2025-05-22T11:12:34Z,6.14,WITHDRAWAL,SUCCESS
tx_421,acc_35,2025-05-23T19:31:12Z,421.98,P2P,SUCCESS
tx_414,acc_35,2025-05-24T19:05:15Z,33.6,DEPOSIT,SUCCESS
tx_411,acc_35,2025-05-25T03:31:41Z,100.85,P2P,SUCCESS
tx_425,acc_35,2025-05-26T06:49:25Z,97.93,P2P,SUCCESS
tx_420,acc_35,2025-05-26T09:21:06Z,370.1,WITHDRAWAL,SUCCESS
tx_406,acc_35,2025-05-26T20:12:23Z,495.43,WITHDRAWAL,SUCCESS
tx_434,acc_36,2025-03-15T12:01:08Z,40.09,P2P,SUCCESS
tx_446,acc_36,2025-04-25T07:58:47Z,88.17,DEPOSIT,SUCCESS
tx_439,acc_36,2025-04-27T03:48:02Z,180.91,WITHDRAWAL,SUCCESS
tx_430,acc_36,2025-05-04T18:39:37Z,226.92,WITHDRAWAL,SUCCESS
tx_431,acc_36,2025-05-07T02:12:43Z,229.46,DEPOSIT,SUCCESS
tx_435,acc_36,2025-05-12T01:52:22Z,37.17,DEPOSIT,SUCCESS
tx_432,acc_36,2025-05-12T22:42:44Z,349.84,WITHDRAWAL,SUCCESS
tx_445,acc_36,2025-05-15T17:39:27Z,44.35,DEPOSIT,SUCCESS
tx_433,acc_36,2025-05-17T16:36:41Z,245.27,DEPOSIT,SUCCESS
tx_429,acc_36,2025-05-19T08:50:53Z,488.18,WITHDRAWAL,SUCCESS
tx_437,acc_36,2025-05-19T11:51:17Z,210.45,P2P,SUCCESS
tx_440,acc_36,2025-05-19T23:45:51Z,492.94,DEPOSIT,SUCCESS
tx_427,acc_36,2025-05-20T09:33:19Z,11.26,DEPOSIT,SUCCESS
tx_436,acc_36,2025-05-20T21:56:56Z,248.87,DEPOSIT,SUCCESS
tx_444,acc_36,2025-05-22T22:25:44Z,41.78,DEPOSIT,SUCCESS
tx_428,acc_36,2025-05-23T11:17:45Z,81.79,P2P,SUCCESS
tx_441,acc_36,2025-05-23T15:23:54Z,192.09,P2P,SUCCESS
tx_442,acc_36,2025-05-24T08:17:16Z,315.45,DEPOSIT,SUCCESS
tx_426,acc_36,2025-05-25T04:08:30Z,405.27,DEPOSIT,SUCCESS
tx_443,acc_36,2025-05-25T07:09:09Z,53.55,DEPOSIT,SUCCESS
tx_438,acc_36,2025-05-25T20:20:15Z,50.99,DEPOSIT,SUCCESS
tx_455,acc_37,2025-04-21T03:07:07Z,198.94,P2P,SUCCESS
tx_448,acc_37,2025-05-05T13:16:26Z,470.89,WITHDRAWAL,SUCCESS
tx_454,acc_37,2025-05-14T16:46:59Z,67.13,P2P,SUCCESS
tx_456,acc_37,2025-05-15T10:36:01Z,388.05,DEPOSIT,SUCCESS
tx_451,acc_37,2025-05-15T20:25:13Z,293.4,WITHDRAWAL,SUCCESS
tx_450,acc_37,2025-05-15T20:59:59Z,197.48,P2P,SUCCESS
tx_449,acc_37,2025-05-19T04:44:56Z,209.17,P2P,SUCCESS
tx_452,acc_37,2025-05-20T10:36:55Z,481.03,DEPOSIT,SUCCESS
tx_453,acc_37,2025-05-20T13:35:45Z,255.63,DEPOSIT,SUCCESS
tx_447,acc_37,2025-05-25T05:43:50Z,273.2,WITHDRAWAL,SUCCESS
tx_465,acc_38,2025-04-28T05:04:28Z,117.57,WITHDRAWAL,SUCCESS
tx_467,acc_38,2025-04-29T12:18:33Z,483.98,DEPOSIT,SUCCESS
tx_458,acc_38,2025-05-02T18:21:22Z,222.72,WITHDRAWAL,SUCCESS
tx_462,acc_38,2025-05-04T11:26:37Z,473.34,P2P,SUCCESS
tx_457,acc_38,2025-05-05T14:49:31Z,285.77,WITHDRAWAL,SUCCESS
tx_463,acc_38,2025-05-10T04:35:26Z,137.07,DEPOSIT,SUCCESS
tx_459,acc_38,2025-05-11T12:09:12Z,242.02,P2P,SUCCESS
tx_466,acc_38,2025-05-11T21:05:39Z,277.66,P2P,SUCCESS
tx_460,acc_38,2025-05-12T04:45:14Z,301.68,DEPOSIT,SUCCESS
tx_468,acc_38,2025-05-13T04:34:53Z,293.26,DEPOSIT,SUCCESS
tx_469,acc_38,2025-05-16T23:44:15Z,356.56,WITHDRAWAL,FAILED
tx_464,acc_38,2025-05-17T03:17:57Z,328.09,DEPOSIT,SUCCESS
tx_461,acc_38,2025-05-17T05:06:25Z,334.27,WITHDRAWAL,FAILED
tx_492,acc_39,2025-04-19T01:19:32Z,81.79,WITHDRAWAL,SUCCESS
tx_491,acc_39,2025-04-20T20:21:00Z,494.34,WITHDRAWAL,FAILED
tx_494,acc_39,2025-04-29T12:00:49Z,8.39,DEPOSIT,FAILED
tx_470,acc_39,2025-05-01T03:59:59Z,129.17,DEPOSIT,SUCCESS
tx_472,acc_39,2025-05-01T05:23:03Z,486.77,DEPOSIT,SUCCESS
tx_497,acc_39,2025-05-03T18:25:54Z,142.15,WITHDRAWAL,SUCCESS
tx_484,acc_39,2025-05-04T04:02:29Z,11.77,DEPOSIT,SUCCESS
tx_489,acc_39,2025-05-06T07:40:17Z,162.42,WITHDRAWAL,SUCCESS
tx_490,acc_39,2025-05-09T20:16:27Z,261.43,P2P,SUCCESS
tx_477,acc_39,2025-05-10T10:52:14Z,278.0,WITHDRAWAL,SUCCESS
tx_476,acc_39,2025-05-12T00:22:21Z,379.68,P2P,SUCCESS
tx_485,acc_39,2025-05-14T00:53:34Z,121.49,DEPOSIT,FAILED
tx_495,acc_39,2025-05-15T14:27:43Z,356.59,WITHDRAWAL,SUCCESS
tx_479,acc_39,2025-05-15T19:35:44Z,367.86,WITHDRAWAL,FAILED
tx_480,acc_39,2025-05-16T00:25:00Z,50.8,WITHDRAWAL,SUCCESS
tx_471,acc_39,2025-05-18T17:40:07Z,395.51,WITHDRAWAL,SUCCESS
tx_474,acc_39,2025-05-18T23:04:39Z,48.91,DEPOSIT,SUCCESS
tx_496,acc_39,2025-05-20T10:00:55Z,302.57,WITHDRAWAL,SUCCESS
tx_486,acc_39,2025-05-21T13:40:52Z,90.22,WITHDRAWAL,SUCCESS
tx_487,acc_39,2025-05-22T15:59:27Z,239.9,WITHDRAWAL,SUCCESS
tx_481,acc_39,2025-05-22T19:22:40Z,367.44,WITHDRAWAL,SUCCESS
tx_493,acc_39,2025-05-23T02:07:06Z,153.87,P2P,SUCCESS
tx_482,acc_39,2025-05-23T04:34:22Z,338.68,DEPOSIT,SUCCESS
tx_488,acc_39,2025-05-24T05:36:46Z,31.41,DEPOSIT,SUCCESS
tx_475,acc_39,2025-05-24T10:10:02Z,333.67,DEPOSIT,FAILED
tx_473,acc_39,2025-05-25T01:57:02Z,75.28,DEPOSIT,SUCCESS
tx_483,acc_39,2025-05-25T04:55:28Z,253.11,WITHDRAWAL,SUCCESS
tx_478,acc_39,2025-05-25T10:23:12Z,267.17,P2P,SUCCESS
tx_517,acc_40,2025-04-07T21:46:45Z,485.09,WITHDRAWAL,SUCCESS
tx_532,acc_40,2025-04-19T22:36:46Z,45.82,DEPOSIT,SUCCESS
tx_530,acc_40,2025-04-24T10:50:53Z,22.07,WITHDRAWAL,SUCCESS
tx_528,acc_40,2025-05-01T21:05:05Z,13.88,DEPOSIT,SUCCESS
tx_533,acc_40,2025-05-01T22:34:06Z,428.13,P2P,SUCCESS
tx_501,acc_40,2025-05-03T18:35:35Z,452.86,P2P,SUCCESS
tx_512,acc_40,2025-05-08T07:07:05Z,339.01,DEPOSIT,SUCCESS
tx_529,acc_40,2025-05-08T14:32:04Z,163.88,P2P,SUCCESS
tx_523,acc_40,2025-05-09T09:34:17Z,24.05,WITHDRAWAL,SUCCESS
tx_504,acc_40,2025-05-11T02:46:40Z,170.81,P2P,SUCCESS
tx_519,acc_40,2025-05-11T23:03:53Z,53.38,WITHDRAWAL,SUCCESS
tx_510,acc_40,2025-05-12T17:51:30Z,253.84,DEPOSIT,SUCCESS
tx_527,acc_40,2025-05-12T23:25:39Z,452.01,DEPOSIT,SUCCESS
tx_509,acc_40,2025-05-13T07:47:32Z,128.32,WITHDRAWAL,SUCCESS
tx_514,acc_40,2025-05-14T02:43:34Z,382.96,DEPOSIT,SUCCESS
tx_505,acc_40,2025-05-14T13:08:42Z,318.87,WITHDRAWAL,SUCCESS
tx_524,acc_40,2025-05-16T16:33:00Z,79.11,DEPOSIT,SUCCESS
tx_515,acc_40,2025-05-17T08:59:02Z,380.32,DEPOSIT,SUCCESS
tx_522,acc_40,2025-05-18T02:59:01Z,34.81,WITHDRAWAL,SUCCESS
tx_518,acc_40,2025-05-19T03:33:54Z,488.99,WITHDRAWAL,SUCCESS
tx_521,acc_40,2025-05-19T09:38:39Z,224.7,P2P,SUCCESS
tx_526,acc_40,2025-05-19T13:02:58Z,467.63,DEPOSIT,SUCCESS
tx_507,acc_40,2025-05-19T18:06:27Z,310.97,WITHDRAWAL,SUCCESS
tx_500,acc_40,2025-05-19T20:11:57Z,275.76,P2P,SUCCESS
tx_511,acc_40,2025-05-20T11:59:13Z,415.99,P2P,SUCCESS
tx_502,acc_40,2025-05-21T18:38:47Z,13.08,WITHDRAWAL,SUCCESS
tx_516,acc_40,2025-05-21T20:16:49Z,192.06,DEPOSIT,SUCCESS
tx_520,acc_40,2025-05-22T00:23:54Z,395.12,P2P,SUCCESS
tx_506,acc_40,2025-05-22T10:35:27Z,22.17,DEPOSIT,SUCCESS
tx_503,acc_40,2025-05-22T15:44:37Z,278.68,WITHDRAWAL,SUCCESS
tx_508,acc_40,2025-05-22T18:38:57Z,65.17,DEPOSIT,SUCCESS
tx_513,acc_40,2025-05-23T02:02:50Z,439.39,P2P,SUCCESS
tx_499,acc_40,2025-05-23T15:20:45Z,230.59,DEPOSIT,SUCCESS
tx_498,acc_40,2025-05-24T09:38:44Z,71.33,DEPOSIT,SUCCESS
tx_525,acc_40,2025-05-25T21:04:24Z,139.82,WITHDRAWAL,SUCCESS
tx_531,acc_40,2025-05-26T04:45:47Z,246.39,WITHDRAWAL,SUCCESS
tx_550,acc_41,2025-03-31T20:24:52Z,100.41,DEPOSIT,FAILED
tx_539,acc_41,2025-04-09T09:12:31Z,406.0,WITHDRAWAL,SUCCESS
tx_541,acc_41,2025-04-11T04:36:56Z,68.72,DEPOSIT,SUCCESS
tx_543,acc_41,2025-04-25T04:06:40Z,152.67,P2P,FAILED
tx_547,acc_41,2025-04-26T20:43:37Z,372.49,WITHDRAWAL,SUCCESS
tx_542,acc_41,2025-04-28T08:27:21Z,386.53,WITHDRAWAL,SUCCESS
tx_535,acc_41,2025-05-01T15:30:35Z,90.49,WITHDRAWAL,FAILED
tx_546,acc_41,2025-05-03T02:39:53Z,318.63,DEPOSIT,SUCCESS
tx_548,acc_41,2025-05-06T05:48:01Z,83.46,P2P,SUCCESS
tx_549,acc_41,2025-05-06T10:36:29Z,83.21,WITHDRAWAL,SUCCESS
tx_544,acc_41,2025-05-07T04:13:06Z,325.06,DEPOSIT,FAILED
tx_538,acc_41,2025-05-07T04:49:25Z,18.75,DEPOSIT,SUCCESS
tx_545,acc_41,2025-05-07T08:40:33Z,102.98,P2P,SUCCESS
tx_534,acc_41,2025-05-07T23:04:30Z,231.15,WITHDRAWAL,SUCCESS
tx_536,acc_41,2025-05-09T21:34:42Z,326.71,P2P,SUCCESS
tx_537,acc_41,2025-05-10T01:16:51Z,34.96,DEPOSIT,SUCCESS
tx_540,acc_41,2025-05-10T03:59:02Z,332.79,WITHDRAWAL,SUCCESS
tx_566,acc_42,2025-04-12T03:48:04Z,86.57,DEPOSIT,SUCCESS
tx_555,acc_42,2025-04-27T19:05:31Z,382.93,P2P,SUCCESS
tx_551,acc_42,2025-05-01T10:59:51Z,478.13,DEPOSIT,SUCCESS
tx_557,acc_42,2025-05-03T01:12:07Z,382.99,DEPOSIT,SUCCESS
tx_572,acc_42,2025-05-05T12:38:16Z,211.27,WITHDRAWAL,SUCCESS
tx_579,acc_42,2025-05-07T23:53:22Z,412.98,P2P,SUCCESS
tx_554,acc_42,2025-05-08T02:12:08Z,118.39,DEPOSIT,SUCCESS
tx_573,acc_42,2025-05-09T20:29:59Z,454.52,WITHDRAWAL,SUCCESS
tx_576,acc_42,2025-05-11T05:59:31Z,315.6,DEPOSIT,SUCCESS
tx_565,acc_42,2025-05-13T08:31:39Z,458.85,P2P,SUCCESS
tx_560,acc_42,2025-05-13T09:33:15Z,186.85,DEPOSIT,SUCCESS
tx_563,acc_42,2025-05-14T01:00:31Z,413.15,DEPOSIT,SUCCESS
tx_568,acc_42,2025-05-14T10:08:34Z,26.75,WITHDRAWAL,SUCCESS
tx_561,acc_42,2025-05-15T09:35:47Z,265.74,DEPOSIT,SUCCESS
tx_564,acc_42,2025-05-16T13:50:44Z,210.24,P2P,SUCCESS
tx_574,acc_42,2025-05-17T19:07:43Z,353.22,P2P,SUCCESS
tx_562,acc_42,2025-05-19T03:48:01Z,365.9,P2P,SUCCESS
tx_558,acc_42,2025-05-20T02:29:17Z,269.24,WITHDRAWAL,SUCCESS
tx_569,acc_42,2025-05-20T05:55:00Z,305.34,DEPOSIT,SUCCESS
tx_567,acc_42,2025-05-22T01:40:47Z,291.34,DEPOSIT,SUCCESS
tx_552,acc_42,2025-05-22T03:17:23Z,457.88,P2P,SUCCESS
tx_580,acc_42,2025-05-22T14:29:44Z,204.52,WITHDRAWAL,SUCCESS
tx_559,acc_42,2025-05-23T13:51:43Z,302.06,WITHDRAWAL,SUCCESS
tx_553,acc_42,2025-05-24T00:01:55Z,393.08,DEPOSIT,SUCCESS
tx_556,acc_42,2025-05-25T02:55:41Z,183.16,DEPOSIT,SUCCESS
tx_570,acc_42,2025-05-25T11:56:34Z,237.47,WITHDRAWAL,SUCCESS
tx_578,acc_42,2025-05-25T12:36:21Z,243.5,P2P,SUCCESS
tx_577,acc_42,2025-05-25T21:38:12Z,128.48,DEPOSIT,SUCCESS
tx_571,acc_42,2025-05-27T05:44:47Z,240.58,DEPOSIT,SUCCESS
tx_575,acc_42,2025-05-27T13:13:32Z,50.56,P2P,SUCCESS
tx_581,acc_42,2025-05-27T14:40:58Z,422.46,WITHDRAWAL,SUCCESS
tx_593,acc_43,2025-03-13T08:59:51Z,316.22,DEPOSIT,SUCCESS
tx_595,acc_43,2025-04-09T12:48:29Z,484.94,DEPOSIT,FAILED
tx_585,acc_43,2025-04-18T12:49:17Z,312.44,DEPOSIT,SUCCESS
tx_594,acc_43,2025-04-22T11:43:28Z,414.72,P2P,SUCCESS
tx_597,acc_43,2025-04-25T20:30:14Z,478.28,P2P,SUCCESS
tx_592,acc_43,2025-04-30T18:14:32Z,191.92,WITHDRAWAL,SUCCESS
tx_591,acc_43,2025-05-03T00:42:14Z,24.69,P2P,SUCCESS
tx_599,acc_43,2025-05-07T23:48:47Z,422.42,WITHDRAWAL,SUCCESS
tx_590,acc_43,2025-05-09T00:15:55Z,413.04,P2P,SUCCESS
tx_600,acc_43,2025-05-09T13:48:26Z,111.58,DEPOSIT,SUCCESS
tx_583,acc_43,2025-05-10T04:09:59Z,52.98,WITHDRAWAL,SUCCESS
tx_584,acc_43,2025-05-11T12:47:45Z,100.58,WITHDRAWAL,SUCCESS
tx_598,acc_43,2025-05-13T20:07:58Z,310.32,WITHDRAWAL,SUCCESS
tx_586,acc_43,2025-05-14T15:41:51Z,458.38,DEPOSIT,SUCCESS
tx_596,acc_43,2025-05-16T09:52:13Z,209.69,DEPOSIT,SUCCESS
tx_587,acc_43,2025-05-17T11:58:05Z,415.96,WITHDRAWAL,SUCCESS
tx_582,acc_43,2025-05-18T01:02:23Z,470.89,WITHDRAWAL,FAILED
tx_588,acc_43,2025-05-19T02:28:21Z,81.81,P2P,SUCCESS
tx_589,acc_43,2025-05-19T11:30:22Z,176.33,DEPOSIT,SUCCESS
tx_616,acc_44,2025-03-23T22:46:59Z,363.36,WITHDRAWAL,SUCCESS
tx_605,acc_44,2025-04-02T01:48:21Z,408.43,P2P,SUCCESS
tx_603,acc_44,2025-04-07T13:15:47Z,275.19,DEPOSIT,SUCCESS
tx_614,acc_44,2025-04-14T20:32:00Z,107.08,WITHDRAWAL,SUCCESS
tx_617,acc_44,2025-04-29T03:34:07Z,177.8,DEPOSIT,SUCCESS
tx_609,acc_44,2025-04-30T02:41:26Z,361.18,WITHDRAWAL,SUCCESS
tx_607,acc_44,2025-05-03T07:49:15Z,194.06,P2P,SUCCESS
tx_613,acc_44,2025-05-04T21:47:37Z,467.99,WITHDRAWAL,SUCCESS
tx_611,acc_44,2025-05-05T15:19:57Z,98.98,DEPOSIT,SUCCESS
tx_606,acc_44,2025-05-06T05:59:47Z,359.06,P2P,SUCCESS
tx_601,acc_44,2025-05-06T18:26:32Z,373.42,WITHDRAWAL,SUCCESS
tx_618,acc_44,2025-05-09T01:59:59Z,372.94,DEPOSIT,SUCCESS
tx_610,acc_44,2025-05-10T10:13:52Z,8.93,P2P,SUCCESS
tx_604,acc_44,2025-05-11T19:22:51Z,108.6,WITHDRAWAL,SUCCESS
tx_602,acc_44,2025-05-13T22:59:45Z,119.36,DEPOSIT,SUCCESS
tx_615,acc_44,2025-05-14T09:16:32Z,77.02,DEPOSIT,SUCCESS
tx_612,acc_44,2025-05-14T18:10:29Z,226.6,P2P,SUCCESS
tx_608,acc_44,2025-05-14T19:21:49Z,325.97,P2P,FAILED
tx_643,acc_45,2025-03-23T01:13:42Z,441.08,DEPOSIT,SUCCESS
tx_642,acc_45,2025-03-31T22:38:51Z,93.66,P2P,SUCCESS
tx_634,acc_45,2025-04-07T05:14:34Z,139.69,WITHDRAWAL,SUCCESS
tx_629,acc_45,2025-04-26T18:47:23Z,48.36,WITHDRAWAL,FAILED
tx_620,acc_45,2025-05-03T06:58:44Z,13.63,WITHDRAWAL,SUCCESS
tx_621,acc_45,2025-05-04T01:51:27Z,384.95,DEPOSIT,SUCCESS
tx_641,acc_45,2025-05-08T18:16:35Z,435.73,WITHDRAWAL,SUCCESS
tx_635,acc_45,2025-05-12T05:15:01Z,382.22,P2P,SUCCESS
tx_627,acc_45,2025-05-14T15:09:17Z,122.95,P2P,SUCCESS
tx_619,acc_45,2025-05-14T19:45:43Z,346.47,WITHDRAWAL,SUCCESS
tx_637,acc_45,2025-05-14T19:58:57Z,380.07,P2P,SUCCESS
tx_638,acc_45,2025-05-14T20:35:11Z,356.43,WITHDRAWAL,SUCCESS
tx_624,acc_45,2025-05-16T00:32:25Z,206.9,DEPOSIT,SUCCESS
tx_625,acc_45,2025-05-17T08:43:46Z,239.86,DEPOSIT,SUCCESS
tx_640,acc_45,2025-05-18T11:59:11Z,89.7,DEPOSIT,SUCCESS
tx_626,acc_45,2025-05-18T15:04:15Z,344.04,DEPOSIT,SUCCESS
tx_623,acc_45,2025-05-19T00:17:21Z,182.16,P2P,SUCCESS
tx_636,acc_45,2025-05-19T14:02:36Z,83.01,P2P,SUCCESS
tx_639,acc_45,2025-05-19T22:21:49Z,190.55,P2P,SUCCESS
tx_644,acc_45,2025-05-21T00:47:36Z,373.17,WITHDRAWAL,FAILED
tx_630,acc_45,2025-05-21T01:04:37Z,9.76,DEPOSIT,SUCCESS
tx_631,acc_45,2025-05-21T06:49:36Z,15.45,WITHDRAWAL,SUCCESS
tx_633,acc_45,2025-05-22T23:19:01Z,182.4,P2P,SUCCESS
tx_622,acc_45,2025-05-23T04:24:04Z,19.71,WITHDRAWAL,SUCCESS
tx_628,acc_45,2025-05-23T21:25:39Z,496.77,DEPOSIT,SUCCESS
tx_632,acc_45,2025-05-24T07:36:38Z,81.86,P2P,SUCCESS
tx_652,acc_46,2025-03-17T14:14:26Z,155.29,DEPOSIT,SUCCESS
tx_647,acc_46,2025-03-27T10:35:05Z,292.8,P2P,SUCCESS
tx_666,acc_46,2025-04-03T16:46:35Z,248.58,WITHDRAWAL,SUCCESS
tx_651,acc_46,2025-04-10T04:20:35Z,394.08,DEPOSIT,SUCCESS
tx_645,acc_46,2025-04-14T21:57:48Z,481.81,WITHDRAWAL,FAILED
tx_661,acc_46,2025-04-17T15:02:56Z,321.21,P2P,SUCCESS
tx_664,acc_46,2025-04-20T07:53:33Z,281.56,WITHDRAWAL,SUCCESS
tx_660,acc_46,2025-04-21T07:05:58Z,401.3,P2P,SUCCESS
tx_659,acc_46,2025-04-24T03:03:27Z,347.75,P2P,FAILED
tx_649,acc_46,2025-04-26T02:45:10Z,220.61,P2P,FAILED
tx_654,acc_46,2025-04-26T18:40:38Z,254.96,P2P,SUCCESS
tx_653,acc_46,2025-04-29T12:27:15Z,162.85,DEPOSIT,SUCCESS
tx_655,acc_46,2025-04-29T16:45:41Z,259.87,WITHDRAWAL,FAILED
tx_650,acc_46,2025-05-02T05:38:27Z,174.63,P2P,SUCCESS
tx_657,acc_46,2025-05-03T23:36:42Z,216.87,P2P,SUCCESS
tx_656,acc_46,2025-05-04T09:46:19Z,276.51,P2P,SUCCESS
tx_658,acc_46,2025-05-05T18:15:11Z,215.59,WITHDRAWAL,SUCCESS
tx_665,acc_46,2025-05-07T05:36:16Z,156.06,WITHDRAWAL,SUCCESS
tx_663,acc_46,2025-05-07T12:16:28Z,190.15,P2P,SUCCESS
tx_646,acc_46,2025-05-08T01:47:17Z,299.06,WITHDRAWAL,SUCCESS
tx_648,acc_46,2025-05-08T20:41:59Z,244.33,DEPOSIT,SUCCESS
tx_662,acc_46,2025-05-10T20:27:15Z,339.21,WITHDRAWAL,SUCCESS
tx_670,acc_47,2025-04-13T13:38:26Z,14.72,P2P,SUCCESS
tx_671,acc_47,2025-04-14T07:41:33Z,252.58,P2P,SUCCESS
tx_677,acc_47,2025-04-16T03:16:36Z,49.88,WITHDRAWAL,SUCCESS
tx_686,acc_47,2025-04-16T20:13:10Z,416.33,WITHDRAWAL,SUCCESS
tx_676,acc_47,2025-04-20T01:13:08Z,437.69,WITHDRAWAL,SUCCESS
tx_679,acc_47,2025-04-22T00:05:04Z,472.38,WITHDRAWAL,SUCCESS
tx_688,acc_47,2025-04-22T17:38:38Z,309.68,P2P,SUCCESS
tx_668,acc_47,2025-04-23T22:45:25Z,265.18,WITHDRAWAL,SUCCESS
tx_684,acc_47,2025-04-24T01:19:37Z,204.85,DEPOSIT,SUCCESS
tx_669,acc_47,2025-04-24T06:19:04Z,221.06,DEPOSIT,SUCCESS
tx_667,acc_47,2025-04-26T06:29:56Z,125.45,WITHDRAWAL,SUCCESS
tx_674,acc_47,2025-04-26T16:20:38Z,192.95,DEPOSIT,SUCCESS
tx_680,acc_47,2025-04-29T00:33:02Z,288.72,WITHDRAWAL,SUCCESS
tx_675,acc_47,2025-04-29T14:46:22Z,9.1,WITHDRAWAL,SUCCESS
tx_672,acc_47,2025-05-02T04:28:23Z,88.95,WITHDRAWAL,SUCCESS
tx_685,acc_47,2025-05-02T23:57:13Z,263.6,DEPOSIT,FAILED
tx_673,acc_47,2025-05-04T07:08:15Z,113.48,P2P,SUCCESS
tx_687,acc_47,2025-05-05T00:34:48Z,437.69,P2P,SUCCESS
tx_682,acc_47,2025-05-05T04:44:53Z,474.75,DEPOSIT,SUCCESS
tx_683,acc_47,2025-05-05T13:38:04Z,268.29,WITHDRAWAL,SUCCESS
tx_678,acc_47,2025-05-06T13:34:49Z,194.11,DEPOSIT,SUCCESS
tx_681,acc_47,2025-05-06T19:53:59Z,65.07,DEPOSIT,SUCCESS
tx_697,acc_48,2025-04-22T14:37:23Z,455.47,P2P,SUCCESS
tx_691,acc_48,2025-04-27T09:04:29Z,416.96,DEPOSIT,SUCCESS
tx_690,acc_48,2025-04-27T17:01:29Z,218.43,WITHDRAWAL,SUCCESS
tx_699,acc_48,2025-05-01T04:39:08Z,46.36,WITHDRAWAL,FAILED
tx_696,acc_48,2025-05-04T16:37:22Z,231.79,DEPOSIT,SUCCESS
tx_700,acc_48,2025-05-06T17:47:16Z,291.72,DEPOSIT,SUCCESS
tx_701,acc_48,2025-05-09T12:42:43Z,29.9,DEPOSIT,SUCCESS
tx_692,acc_48,2025-05-13T21:15:39Z,370.16,DEPOSIT,SUCCESS
tx_695,acc_48,2025-05-15T19:51:51Z,137.59,WITHDRAWAL,SUCCESS
tx_702,acc_48,2025-05-16T17:04:06Z,62.89,DEPOSIT,SUCCESS
tx_689,acc_48,2025-05-16T21:47:47Z,128.1,P2P,SUCCESS
tx_704,acc_48,2025-05-17T10:14:47Z,95.98,DEPOSIT,SUCCESS
tx_703,acc_48,2025-05-18T22:19:30Z,96.62,WITHDRAWAL,SUCCESS
tx_694,acc_48,2025-05-19T03:45:39Z,349.56,P2P,SUCCESS
tx_698,acc_48,2025-05-20T01:52:34Z,196.51,P2P,SUCCESS
tx_693,acc_48,2025-05-21T11:20:16Z,291.56,DEPOSIT,SUCCESS
tx_707,acc_49,2025-04-03T10:14:25Z,459.22,P2P,SUCCESS
tx_715,acc_49,2025-04-19T09:09:30Z,138.72,P2P,SUCCESS
tx_712,acc_49,2025-05-03T00:09:30Z,256.33,WITHDRAWAL,SUCCESS
tx_706,acc_49,2025-05-03T15:58:15Z,322.43,P2P,FAILED
tx_719,acc_49,2025-05-04T07:50:31Z,239.56,WITHDRAWAL,SUCCESS
tx_709,acc_49,2025-05-06T15:47:34Z,79.88,WITHDRAWAL,SUCCESS
tx_718,acc_49,2025-05-07T07:04:01Z,448.22,WITHDRAWAL,SUCCESS
tx_710,acc_49,2025-05-07T12:07:49Z,242.94,P2P,SUCCESS
tx_713,acc_49,2025-05-09T08:06:18Z,376.34,P2P,SUCCESS
tx_720,acc_49,2025-05-11T00:49:29Z,18.93,DEPOSIT,SUCCESS
tx_705,acc_49,2025-05-15T06:15:37Z,456.87,WITHDRAWAL,SUCCESS
tx_714,acc_49,2025-05-15T17:31:28Z,91.63,WITHDRAWAL,SUCCESS
tx_708,acc_49,2025-05-16T06:29:14Z,415.28,P2P,SUCCESS
tx_717,acc_49,2025-05-16T10:05:06Z,351.74,WITHDRAWAL,SUCCESS
tx_716,acc_49,2025-05-17T23:06:27Z,407.92,P2P,SUCCESS
tx_711,acc_49,2025-05-18T01:11:21Z,319.67,P2P,SUCCESS
tx_736,acc_50,2025-04-07T15:04:08Z,220.6,WITHDRAWAL,SUCCESS
tx_734,acc_50,2025-04-29T00:27:56Z,12.36,DEPOSIT,SUCCESS
tx_722,acc_50,2025-05-01T04:02:24Z,264.6,DEPOSIT,SUCCESS
tx_738,acc_50,2025-05-03T14:32:53Z,218.84,WITHDRAWAL,SUCCESS
tx_731,acc_50,2025-05-06T17:43:22Z,284.75,DEPOSIT,SUCCESS
tx_732,acc_50,2025-05-07T11:16:25Z,390.93,WITHDRAWAL,SUCCESS
tx_727,acc_50,2025-05-09T19:47:50Z,23.88,DEPOSIT,SUCCESS
tx_742,acc_50,2025-05-10T07:26:56Z,233.4,P2P,SUCCESS
tx_733,acc_50,2025-05-10T09:30:42Z,105.81,DEPOSIT,SUCCESS
tx_724,acc_50,2025-05-10T10:25:53Z,497.64,DEPOSIT,SUCCESS
tx_737,acc_50,2025-05-11T16:55:01Z,282.91,WITHDRAWAL,SUCCESS
tx_746,acc_50,2025-05-12T20:13:51Z,136.39,P2P,SUCCESS
tx_743,acc_50,2025-05-12T22:53:27Z,96.76,DEPOSIT,SUCCESS
tx_729,acc_50,2025-05-13T06:21:41Z,424.92,DEPOSIT,SUCCESS
tx_728,acc_50,2025-05-15T03:14:44Z,375.19,P2P,SUCCESS
tx_740,acc_50,2025-05-15T06:36:54Z,147.31,P2P,SUCCESS
tx_744,acc_50,2025-05-15T07:57:29Z,222.33,P2P,SUCCESS
tx_745,acc_50,2025-05-16T06:41:52Z,104.25,DEPOSIT,SUCCESS
tx_735,acc_50,2025-05-16T14:41:59Z,447.76,WITHDRAWAL,SUCCESS
tx_723,acc_50,2025-05-16T21:20:00Z,228.11,WITHDRAWAL,SUCCESS
tx_725,acc_50,2025-05-16T22:04:01Z,67.0,DEPOSIT,SUCCESS
tx_741,acc_50,2025-05-18T05:14:29Z,135.84,P2P,SUCCESS
tx_749,acc_50,2025-05-18T10:42:40Z,333.58,DEPOSIT,SUCCESS
tx_721,acc_50,2025-05-18T22:03:48Z,207.0,P2P,SUCCESS
tx_739,acc_50,2025-05-19T03:53:13Z,178.04,P2P,SUCCESS
tx_726,acc_50,2025-05-19T07:49:07Z,476.74,WITHDRAWAL,SUCCESS
tx_730,acc_50,2025-05-19T16:16:38Z,170.05,P2P,SUCCESS
tx_747,acc_50,2025-05-19T16:45:35Z,7.03,DEPOSIT,FAILED
tx_748,acc_50,2025-05-20T10:44:30Z,477.51,DEPOSIT,SUCCESS
tx_752,acc_51,2025-04-11T20:14:55Z,457.08,DEPOSIT,SUCCESS
tx_756,acc_51,2025-04-14T17:16:07Z,419.33,WITHDRAWAL,SUCCESS
tx_762,acc_51,2025-04-29T08:11:57Z,325.86,P2P,SUCCESS
tx_754,acc_51,2025-05-09T01:04:33Z,276.47,DEPOSIT,SUCCESS
tx_757,acc_51,2025-05-09T17:00:10Z,96.41,WITHDRAWAL,SUCCESS
tx_755,acc_51,2025-05-10T15:36:53Z,142.76,WITHDRAWAL,SUCCESS
tx_759,acc_51,2025-05-10T21:15:11Z,350.71,DEPOSIT,SUCCESS
tx_758,acc_51,2025-05-11T08:21:53Z,459.21,P2P,SUCCESS
tx_750,acc_51,2025-05-15T06:43:30Z,181.61,DEPOSIT,SUCCESS
tx_751,acc_51,2025-05-17T07:46:12Z,242.08,DEPOSIT,SUCCESS
tx_753,acc_51,2025-05-18T07:05:20Z,84.81,WITHDRAWAL,SUCCESS
tx_761,acc_51,2025-05-18T13:03:19Z,276.01,P2P,FAILED
tx_760,acc_51,2025-05-19T00:06:15Z,362.18,WITHDRAWAL,SUCCESS
tx_770,acc_52,2025-04-11T14:07:33Z,290.74,P2P,SUCCESS
tx_765,acc_52,2025-04-20T22:30:06Z,466.34,DEPOSIT,FAILED
tx_764,acc_52,2025-04-28T11:54:49Z,127.39,DEPOSIT,SUCCESS
tx_777,acc_52,2025-05-02T06:01:27Z,247.66,DEPOSIT,SUCCESS
tx_771,acc_52,2025-05-03T18:28:06Z,482.07,WITHDRAWAL,SUCCESS
tx_767,acc_52,2025-05-07T07:46:07Z,161.37,WITHDRAWAL,SUCCESS
tx_776,acc_52,2025-05-08T12:49:53Z,293.22,P2P,SUCCESS
tx_763,acc_52,2025-05-13T05:16:06Z,305.62,P2P,SUCCESS
tx_774,acc_52,2025-05-14T07:06:16Z,303.86,P2P,SUCCESS
tx_773,acc_52,2025-05-15T09:07:16Z,301.69,DEPOSIT,SUCCESS
tx_766,acc_52,2025-05-15T09:11:17Z,237.27,WITHDRAWAL,SUCCESS
tx_775,acc_52,2025-05-15T10:59:11Z,5.6,WITHDRAWAL,SUCCESS
tx_769,acc_52,2025-05-16T10:50:19Z,252.93,DEPOSIT,FAILED
tx_772,acc_52,2025-05-19T09:59:03Z,379.57,P2P,SUCCESS
tx_768,acc_52,2025-05-19T18:03:01Z,46.67,P2P,SUCCESS
tx_785,acc_53,2025-04-23T05:02:17Z,220.66,WITHDRAWAL,SUCCESS
tx_783,acc_53,2025-04-25T10:50:58Z,447.16,DEPOSIT,SUCCESS
tx_780,acc_53,2025-04-28T05:57:07Z,151.01,P2P,FAILED
tx_784,acc_53,2025-05-07T01:43:51Z,199.19,WITHDRAWAL,SUCCESS
tx_793,acc_53,2025-05-07T17:57:14Z,389.32,P2P,SUCCESS
tx_779,acc_53,2025-05-09T11:49:09Z,310.15,WITHDRAWAL,SUCCESS
tx_778,acc_53,2025-05-12T15:53:36Z,242.92,DEPOSIT,SUCCESS
tx_787,acc_53,2025-05-16T10:02:42Z,305.02,DEPOSIT,SUCCESS
tx_789,acc_53,2025-05-17T05:34:01Z,178.87,P2P,SUCCESS
tx_791,acc_53,2025-05-17T06:25:59Z,311.15,WITHDRAWAL,SUCCESS
tx_797,acc_53,2025-05-17T07:29:52Z,387.19,DEPOSIT,SUCCESS
tx_796,acc_53,2025-05-17T22:07:23Z,119.33,DEPOSIT,SUCCESS
tx_788,acc_53,2025-05-18T22:58:31Z,68.29,DEPOSIT,FAILED
tx_798,acc_53,2025-05-19T21:40:33Z,417.37,WITHDRAWAL,SUCCESS
tx_794,acc_53,2025-05-20T15:28:48Z,228.69,P2P,SUCCESS
tx_782,acc_53,2025-05-21T05:37:31Z,265.63,P2P,SUCCESS
tx_786,acc_53,2025-05-21T15:08:45Z,257.33,WITHDRAWAL,SUCCESS
tx_790,acc_53,2025-05-21T19:02:09Z,133.97,DEPOSIT,SUCCESS
tx_792,acc_53,2025-05-21T21:22:50Z,363.55,WITHDRAWAL,SUCCESS
tx_795,acc_53,2025-05-21T22:33:25Z,27.8,DEPOSIT,SUCCESS
tx_781,acc_53,2025-05-23T02:00:31Z,245.93,DEPOSIT,SUCCESS
tx_815,acc_54,2025-04-03T04:52:49Z,345.4,WITHDRAWAL,FAILED
tx_799,acc_54,2025-04-10T23:58:34Z,174.41,WITHDRAWAL,SUCCESS
tx_819,acc_54,2025-04-24T14:50:46Z,388.51,P2P,SUCCESS
tx_813,acc_54,2025-04-25T17:07:22Z,16.73,DEPOSIT,FAILED
tx_803,acc_54,2025-04-27T12:53:22Z,423.49,P2P,SUCCESS
tx_805,acc_54,2025-04-29T13:31:32Z,265.46,P2P,SUCCESS
tx_802,acc_54,2025-05-03T08:09:44Z,431.65,DEPOSIT,SUCCESS
tx_816,acc_54,2025-05-06T02:17:57Z,444.94,WITHDRAWAL,SUCCESS
tx_808,acc_54,2025-05-06T07:19:00Z,225.42,WITHDRAWAL,SUCCESS
tx_809,acc_54,2025-05-08T02:07:14Z,132.32,P2P,SUCCESS
tx_811,acc_54,2025-05-08T05:07:30Z,477.3,WITHDRAWAL,SUCCESS
tx_820,acc_54,2025-05-10T15:12:26Z,427.25,P2P,SUCCESS
tx_814,acc_54,2025-05-10T18:25:42Z,138.65,P2P,SUCCESS
tx_807,acc_54,2025-05-11T16:46:26Z,82.14,DEPOSIT,SUCCESS
tx_817,acc_54,2025-05-11T23:19:55Z,341.92,WITHDRAWAL,SUCCESS
tx_800,acc_54,2025-05-13T13:51:35Z,115.52,DEPOSIT,SUCCESS
tx_801,acc_54,2025-05-14T01:40:00Z,346.89,DEPOSIT,SUCCESS
tx_806,acc_54,2025-05-14T07:13:14Z,288.1,WITHDRAWAL,SUCCESS
tx_818,acc_54,2025-05-15T05:27:49Z,443.15,WITHDRAWAL,SUCCESS
tx_810,acc_54,2025-05-15T18:50:22Z,166.29,P2P,FAILED
tx_804,acc_54,2025-05-15T21:11:12Z,287.82,DEPOSIT,SUCCESS
tx_812,acc_54,2025-05-15T22:11:37Z,183.0,DEPOSIT,SUCCESS
tx_836,acc_55,2025-04-23T20:29:30Z,10.71,DEPOSIT,SUCCESS
tx_827,acc_55,2025-04-28T18:28:27Z,360.26,DEPOSIT,SUCCESS
tx_838,acc_55,2025-04-30T00:19:10Z,233.11,WITHDRAWAL,SUCCESS
tx_824,acc_55,2025-04-30T14:50:22Z,219.67,DEPOSIT,SUCCESS
tx_832,acc_55,2025-05-03T12:58:59Z,327.82,P2P,SUCCESS
tx_842,acc_55,2025-05-07T14:03:38Z,367.73,P2P,SUCCESS
tx_829,acc_55,2025-05-14T18:48:12Z,402.83,DEPOSIT,SUCCESS
tx_839,acc_55,2025-05-17T09:52:56Z,267.49,WITHDRAWAL,SUCCESS
tx_822,acc_55,2025-05-17T13:32:33Z,249.88,DEPOSIT,SUCCESS
tx_828,acc_55,2025-05-17T15:31:55Z,263.71,DEPOSIT,SUCCESS
tx_841,acc_55,2025-05-20T00:45:52Z,477.44,WITHDRAWAL,SUCCESS
tx_823,acc_55,2025-05-20T07:55:31Z,105.69,DEPOSIT,SUCCESS
tx_837,acc_55,2025-05-20T22:45:26Z,460.65,WITHDRAWAL,SUCCESS
tx_826,acc_55,2025-05-22T06:07:08Z,440.43,P2P,SUCCESS
tx_834,acc_55,2025-05-22T06:20:13Z,293.93,P2P,SUCCESS
tx_831,acc_55,2025-05-22T15:57:00Z,377.98,P2P,SUCCESS
tx_830,acc_55,2025-05-23T12:22:48Z,246.06,WITHDRAWAL,SUCCESS
tx_825,acc_55,2025-05-23T13:18:07Z,18.07,WITHDRAWAL,SUCCESS
tx_840,acc_55,2025-05-23T18:34:08Z,471.5,DEPOSIT,SUCCESS
tx_821,acc_55,2025-05-23T22:49:58Z,200.54,DEPOSIT,FAILED
tx_833,acc_55,2025-05-24T21:37:50Z,81.98,DEPOSIT,SUCCESS
tx_835,acc_55,2025-05-25T10:15:25Z,262.88,P2P,SUCCESS
tx_850,acc_56,2025-04-10T15:09:13Z,289.52,DEPOSIT,FAILED
tx_844,acc_56,2025-05-01T06:34:37Z,353.13,DEPOSIT,SUCCESS
tx_846,acc_56,2025-05-01T09:24:39Z,129.51,P2P,SUCCESS
tx_847,acc_56,2025-05-02T07:57:34Z,369.87,P2P,FAILED
tx_853,acc_56,2025-05-05T08:22:54Z,127.95,DEPOSIT,SUCCESS
tx_858,acc_56,2025-05-06T01:31:50Z,162.05,WITHDRAWAL,SUCCESS
tx_843,acc_56,2025-05-12T13:09:00Z,372.38,P2P,SUCCESS
tx_854,acc_56,2025-05-12T17:42:36Z,499.58,DEPOSIT,SUCCESS
tx_849,acc_56,2025-05-15T14:24:45Z,343.49,WITHDRAWAL,SUCCESS
tx_859,acc_56,2025-05-16T03:12:28Z,232.75,WITHDRAWAL,SUCCESS
tx_848,acc_56,2025-05-16T06:11:00Z,425.02,DEPOSIT,SUCCESS
tx_861,acc_56,2025-05-17T06:29:49Z,494.38,DEPOSIT,SUCCESS
tx_860,acc_56,2025-05-17T07:12:38Z,166.75,P2P,SUCCESS
tx_852,acc_56,2025-05-17T22:07:31Z,70.95,DEPOSIT,SUCCESS
tx_855,acc_56,2025-05-18T02:42:13Z,265.33,WITHDRAWAL,FAILED
tx_845,acc_56,2025-05-19T11:16:35Z,148.84,WITHDRAWAL,SUCCESS
tx_851,acc_56,2025-05-19T20:17:27Z,495.16,DEPOSIT,SUCCESS
tx_857,acc_56,2025-05-20T03:53:00Z,98.0,WITHDRAWAL,SUCCESS
tx_862,acc_56,2025-05-21T05:34:44Z,260.74,P2P,SUCCESS
tx_856,acc_56,2025-05-21T11:49:04Z,70.66,P2P,SUCCESS
tx_875,acc_57,2025-04-28T12:59:12Z,264.69,P2P,SUCCESS
tx_864,acc_57,2025-05-07T13:28:04Z,403.54,WITHDRAWAL,SUCCESS
tx_878,acc_57,2025-05-08T01:45:05Z,427.76,WITHDRAWAL,SUCCESS
tx_877,acc_57,2025-05-10T22:26:14Z,451.8,WITHDRAWAL,SUCCESS
tx_863,acc_57,2025-05-12T03:41:12Z,19.48,WITHDRAWAL,SUCCESS
tx_869,acc_57,2025-05-12T18:59:11Z,248.52,P2P,FAILED
tx_872,acc_57,2025-05-13T09:48:00Z,486.03,P2P,SUCCESS
tx_865,acc_57,2025-05-19T16:06:49Z,312.79,DEPOSIT,SUCCESS
tx_876,acc_57,2025-05-20T11:26:46Z,103.13,WITHDRAWAL,FAILED
tx_866,acc_57,2025-05-21T08:59:55Z,170.77,DEPOSIT,SUCCESS
tx_871,acc_57,2025-05-21T18:27:21Z,205.09,DEPOSIT,SUCCESS
tx_873,acc_57,2025-05-22T14:32:27Z,327.01,P2P,SUCCESS
tx_867,acc_57,2025-05-22T17:05:25Z,115.27,WITHDRAWAL,SUCCESS
tx_868,acc_57,2025-05-23T04:53:16Z,97.88,DEPOSIT,FAILED
tx_874,acc_57,2025-05-23T16:48:47Z,328.17,P2P,SUCCESS
tx_870,acc_57,2025-05-24T11:06:03Z,156.6,P2P,SUCCESS
tx_886,acc_58,2025-04-14T00:21:48Z,242.88,WITHDRAWAL,SUCCESS
tx_891,acc_58,2025-04-29T08:16:15Z,354.15,DEPOSIT,SUCCESS
tx_888,acc_58,2025-04-30T17:30:54Z,116.47,WITHDRAWAL,SUCCESS
tx_884,acc_58,2025-05-03T04:20:31Z,233.78,P2P,SUCCESS
tx_882,acc_58,2025-05-07T16:07:51Z,22.3,DEPOSIT,SUCCESS
tx_889,acc_58,2025-05-09T11:55:44Z,36.01,WITHDRAWAL,SUCCESS
tx_890,acc_58,2025-05-09T12:34:48Z,128.56,P2P,SUCCESS
tx_881,acc_58,2025-05-22T04:08:58Z,119.44,P2P,SUCCESS
tx_885,acc_58,2025-05-23T02:20:17Z,147.64,WITHDRAWAL,SUCCESS
tx_879,acc_58,2025-05-23T03:21:33Z,107.22,DEPOSIT,SUCCESS
tx_892,acc_58,2025-05-24T19:33:24Z,158.31,WITHDRAWAL,SUCCESS
tx_895,acc_58,2025-05-25T04:23:58Z,290.59,P2P,SUCCESS
tx_883,acc_58,2025-05-26T05:14:36Z,288.24,P2P,SUCCESS
tx_880,acc_58,2025-05-26T19:37:39Z,280.78,WITHDRAWAL,SUCCESS
tx_893,acc_58,2025-05-26T21:41:37Z,311.67,WITHDRAWAL,SUCCESS
tx_894,acc_58,2025-05-27T12:21:37Z,248.47,WITHDRAWAL,SUCCESS
tx_887,acc_58,2025-05-28T16:47:31Z,310.93,DEPOSIT,SUCCESS
tx_912,acc_59,2025-04-12T03:35:23Z,149.45,DEPOSIT,SUCCESS
tx_913,acc_59,2025-04-30T21:34:46Z,489.95,P2P,SUCCESS
tx_897,acc_59,2025-05-01T11:33:14Z,198.55,DEPOSIT,SUCCESS
tx_904,acc_59,2025-05-01T19:45:42Z,443.65,P2P,SUCCESS
tx_902,acc_59,2025-05-05T16:52:37Z,481.63,DEPOSIT,SUCCESS
tx_910,acc_59,2025-05-10T15:09:22Z,173.76,P2P,SUCCESS
tx_908,acc_59,2025-05-11T13:52:56Z,115.02,P2P,SUCCESS
tx_918,acc_59,2025-05-15T03:54:38Z,297.34,P2P,SUCCESS
tx_906,acc_59,2025-05-15T08:54:39Z,271.17,DEPOSIT,SUCCESS
tx_905,acc_59,2025-05-18T22:03:41Z,407.01,P2P,SUCCESS
tx_899,acc_59,2025-05-19T11:39:46Z,186.7,P2P,SUCCESS
tx_919,acc_59,2025-05-20T07:37:52Z,457.81,DEPOSIT,SUCCESS
tx_909,acc_59,2025-05-20T09:57:56Z,6.69,P2P,SUCCESS
tx_915,acc_59,2025-05-21T02:17:57Z,290.87,WITHDRAWAL,SUCCESS
tx_911,acc_59,2025-05-21T04:05:29Z,241.12,WITHDRAWAL,SUCCESS
tx_917,acc_59,2025-05-21T11:47:18Z,204.03,WITHDRAWAL,SUCCESS
tx_901,acc_59,2025-05-21T22:24:04Z,478.35,DEPOSIT,SUCCESS
tx_900,acc_59,2025-05-22T01:05:16Z,497.89,P2P,SUCCESS
tx_921,acc_59,2025-05-22T02:07:19Z,312.97,DEPOSIT,SUCCESS
tx_920,acc_59,2025-05-22T10:24:59Z,155.1,P2P,SUCCESS
tx_903,acc_59,2025-05-22T21:05:11Z,243.43,WITHDRAWAL,SUCCESS
tx_907,acc_59,2025-05-23T17:40:59Z,249.16,DEPOSIT,SUCCESS
tx_916,acc_59,2025-05-24T03:26:36Z,172.66,P2P,SUCCESS
tx_914,acc_59,2025-05-25T09:54:47Z,158.18,DEPOSIT,SUCCESS
tx_922,acc_59,2025-05-25T14:44:06Z,281.14,WITHDRAWAL,SUCCESS
tx_898,acc_59,2025-05-25T16:00:39Z,119.93,P2P,SUCCESS
tx_896,acc_59,2025-05-25T18:03:07Z,390.1,WITHDRAWAL,SUCCESS
tx_941,acc_60,2025-04-25T00:29:59Z,419.73,DEPOSIT,SUCCESS
tx_925,acc_60,2025-05-02T08:18:14Z,339.73,P2P,SUCCESS
tx_943,acc_60,2025-05-02T13:50:36Z,319.54,P2P,SUCCESS
tx_939,acc_60,2025-05-03T21:24:16Z,282.6,WITHDRAWAL,SUCCESS
tx_927,acc_60,2025-05-03T23:53:48Z,134.31,WITHDRAWAL,SUCCESS
tx_936,acc_60,2025-05-04T13:05:01Z,153.38,DEPOSIT,SUCCESS
tx_928,acc_60,2025-05-06T16:25:37Z,156.59,P2P,SUCCESS
tx_949,acc_60,2025-05-07T08:10:42Z,351.8,DEPOSIT,SUCCESS
tx_938,acc_60,2025-05-09T06:08:55Z,77.53,DEPOSIT,SUCCESS
tx_952,acc_60,2025-05-12T12:11:35Z,365.24,P2P,SUCCESS
tx_926,acc_60,2025-05-13T14:29:54Z,5.97,DEPOSIT,FAILED
tx_946,acc_60,2025-05-16T00:57:16Z,240.8,P2P,SUCCESS
tx_934,acc_60,2025-05-17T00:58:52Z,310.79,P2P,SUCCESS
tx_951,acc_60,2025-05-17T10:51:56Z,384.1,DEPOSIT,SUCCESS
tx_930,acc_60,2025-05-18T08:11:53Z,165.71,P2P,SUCCESS
tx_932,acc_60,2025-05-18T08:41:39Z,357.04,P2P,SUCCESS
tx_948,acc_60,2025-05-18T15:44:53Z,123.34,WITHDRAWAL,SUCCESS
tx_950,acc_60,2025-05-19T02:28:28Z,294.68,WITHDRAWAL,SUCCESS
tx_937,acc_60,2025-05-19T15:33:37Z,285.56,DEPOSIT,SUCCESS
tx_933,acc_60,2025-05-20T17:49:09Z,468.23,P2P,SUCCESS
tx_924,acc_60,2025-05-20T18:32:08Z,178.22,P2P,SUCCESS
tx_945,acc_60,2025-05-20T21:32:18Z,402.56,WITHDRAWAL,SUCCESS
tx_929,acc_60,2025-05-21T05:27:39Z,496.81,P2P,SUCCESS
tx_935,acc_60,2025-05-21T09:37:17Z,236.18,DEPOSIT,SUCCESS
tx_944,acc_60,2025-05-21T20:56:26Z,201.48,WITHDRAWAL,SUCCESS
tx_942,acc_60,2025-05-21T23:17:01Z,327.09,DEPOSIT,SUCCESS
tx_940,acc_60,2025-05-22T09:36:28Z,374.13,DEPOSIT,SUCCESS
tx_923,acc_60,2025-05-23T04:28:40Z,86.82,DEPOSIT,SUCCESS
tx_947,acc_60,2025-05-23T07:41:41Z,428.15,P2P,SUCCESS
tx_931,acc_60,2025-05-23T22:43:47Z,136.07,P2P,SUCCESS
tx_969,acc_61,2025-04-27T13:06:39Z,172.55,P2P,SUCCESS
tx_954,acc_61,2025-04-28T17:53:37Z,387.7,WITHDRAWAL,SUCCESS
tx_958,acc_61,2025-04-29T02:20:43Z,369.47,WITHDRAWAL,SUCCESS
tx_960,acc_61,2025-04-30T14:48:15Z,185.52,WITHDRAWAL,FAILED
tx_953,acc_61,2025-05-05T16:47:53Z,280.73,P2P,SUCCESS
tx_955,acc_61,2025-05-06T02:33:27Z,38.7,WITHDRAWAL,SUCCESS
tx_964,acc_61,2025-05-06T15:20:39Z,110.76,P2P,SUCCESS
tx_962,acc_61,2025-05-07T14:27:32Z,14.19,WITHDRAWAL,SUCCESS
tx_959,acc_61,2025-05-07T23:26:59Z,330.79,WITHDRAWAL,SUCCESS
tx_973,acc_61,2025-05-08T08:15:46Z,401.83,P2P,SUCCESS
tx_966,acc_61,2025-05-08T09:03:03Z,406.81,DEPOSIT,SUCCESS
tx_957,acc_61,2025-05-09T16:56:20Z,451.01,P2P,SUCCESS
tx_972,acc_61,2025-05-12T01:13:32Z,309.31,DEPOSIT,SUCCESS
tx_956,acc_61,2025-05-14T16:25:26Z,139.24,P2P,SUCCESS
tx_968,acc_61,2025-05-15T18:28:47Z,71.1,WITHDRAWAL,SUCCESS
tx_971,acc_61,2025-05-16T19:50:01Z,167.8,WITHDRAWAL,SUCCESS
tx_967,acc_61,2025-05-16T21:37:34Z,171.34,DEPOSIT,SUCCESS
tx_963,acc_61,2025-05-16T21:44:08Z,139.31,WITHDRAWAL,SUCCESS
tx_961,acc_61,2025-05-17T01:32:02Z,326.43,DEPOSIT,SUCCESS
tx_970,acc_61,2025-05-17T11:05:35Z,422.65,DEPOSIT,FAILED
tx_965,acc_61,2025-05-18T10:25:27Z,183.66,DEPOSIT,SUCCESS
tx_986,acc_62,2025-04-12T08:23:38Z,31.36,DEPOSIT,SUCCESS
tx_990,acc_62,2025-04-14T18:53:13Z,294.94,DEPOSIT,SUCCESS
tx_978,acc_62,2025-04-23T02:49:55Z,289.52,DEPOSIT,SUCCESS
tx_982,acc_62,2025-04-26T21:02:56Z,15.44,DEPOSIT,SUCCESS
tx_984,acc_62,2025-04-28T14:11:17Z,259.62,WITHDRAWAL,SUCCESS
tx_979,acc_62,2025-04-29T21:51:04Z,13.64,WITHDRAWAL,SUCCESS
tx_988,acc_62,2025-04-30T05:51:19Z,181.68,WITHDRAWAL,SUCCESS
tx_987,acc_62,2025-05-03T04:27:11Z,338.3,DEPOSIT,SUCCESS
tx_976,acc_62,2025-05-03T12:41:29Z,305.35,DEPOSIT,FAILED
tx_981,acc_62,2025-05-04T19:34:31Z,462.93,DEPOSIT,SUCCESS
tx_977,acc_62,2025-05-06T18:54:40Z,491.16,P2P,SUCCESS
tx_989,acc_62,2025-05-08T09:38:56Z,83.04,P2P,SUCCESS
tx_983,acc_62,2025-05-08T19:07:53Z,9.85,DEPOSIT,SUCCESS
tx_985,acc_62,2025-05-09T02:57:39Z,67.42,DEPOSIT,SUCCESS
tx_975,acc_62,2025-05-09T23:28:02Z,192.44,WITHDRAWAL,SUCCESS
tx_974,acc_62,2025-05-10T13:51:59Z,451.6,P2P,SUCCESS
tx_980,acc_62,2025-05-12T01:21:02Z,130.89,WITHDRAWAL,SUCCESS
tx_991,acc_63,2025-04-09T18:23:23Z,268.37,DEPOSIT,SUCCESS
tx_1006,acc_63,2025-04-25T09:35:12Z,419.68,WITHDRAWAL,SUCCESS
tx_1004,acc_63,2025-04-29T17:48:34Z,410.71,P2P,SUCCESS
tx_1011,acc_63,2025-05-01T00:26:20Z,400.1,P2P,SUCCESS
tx_1018,acc_63,2025-05-02T10:22:54Z,67.85,DEPOSIT,SUCCESS
tx_993,acc_63,2025-05-05T05:51:55Z,15.44,P2P,FAILED
tx_1002,acc_63,2025-05-06T15:41:35Z,123.17,WITHDRAWAL,SUCCESS
tx_1012,acc_63,2025-05-08T04:17:05Z,180.18,P2P,SUCCESS
tx_997,acc_63,2025-05-08T09:00:01Z,303.09,DEPOSIT,SUCCESS
tx_1013,acc_63,2025-05-09T10:02:08Z,227.36,DEPOSIT,SUCCESS
tx_996,acc_63,2025-05-09T10:37:24Z,383.59,WITHDRAWAL,SUCCESS
tx_998,acc_63,2025-05-09T15:03:32Z,178.07,P2P,SUCCESS
tx_1009,acc_63,2025-05-11T20:31:47Z,79.91,DEPOSIT,SUCCESS
tx_999,acc_63,2025-05-15T14:13:16Z,166.99,WITHDRAWAL,SUCCESS
tx_1010,acc_63,2025-05-16T15:11:33Z,291.24,DEPOSIT,SUCCESS
tx_1005,acc_63,2025-05-18T04:01:37Z,102.09,WITHDRAWAL,SUCCESS
tx_1016,acc_63,2025-05-18T04:31:16Z,408.07,DEPOSIT,SUCCESS
tx_1017,acc_63,2025-05-18T23:16:38Z,63.21,P2P,SUCCESS
tx_1015,acc_63,2025-05-19T01:46:37Z,14.78,DEPOSIT,SUCCESS
tx_1001,acc_63,2025-05-19T02:30:50Z,136.02,WITHDRAWAL,SUCCESS
tx_1000,acc_63,2025-05-19T05:08:34Z,264.52,WITHDRAWAL,SUCCESS
tx_1003,acc_63,2025-05-19T07:58:24Z,173.89,DEPOSIT,SUCCESS
tx_1014,acc_63,2025-05-19T21:25:02Z,282.04,P2P,SUCCESS
tx_1007,acc_63,2025-05-20T03:36:29Z,262.81,P2P,SUCCESS
tx_992,acc_63,2025-05-20T05:44:52Z,205.71,P2P,SUCCESS
tx_994,acc_63,2025-05-21T22:06:05Z,267.18,P2P,SUCCESS
tx_1008,acc_63,2025-05-22T07:44:32Z,225.38,P2P,SUCCESS
tx_995,acc_63,2025-05-22T10:06:47Z,384.47,P2P,SUCCESS
tx_1035,acc_64,2025-03-02T21:59:28Z,98.37,P2P,SUCCESS
tx_1020,acc_64,2025-03-05T22:45:39Z,139.36,WITHDRAWAL,SUCCESS
tx_1031,acc_64,2025-03-28T06:32:27Z,317.03,WITHDRAWAL,FAILED
tx_1032,acc_64,2025-04-18T14:27:14Z,256.52,WITHDRAWAL,SUCCESS
tx_1026,acc_64,2025-04-22T09:33:26Z,298.41,WITHDRAWAL,SUCCESS
tx_1027,acc_64,2025-04-24T11:35:45Z,247.99,P2P,SUCCESS
tx_1021,acc_64,2025-04-29T11:05:44Z,448.36,DEPOSIT,SUCCESS
tx_1022,acc_64,2025-04-29T15:31:40Z,318.23,DEPOSIT,SUCCESS
tx_1025,acc_64,2025-05-04T12:51:21Z,484.71,WITHDRAWAL,SUCCESS
tx_1019,acc_64,2025-05-04T19:23:34Z,148.91,P2P,SUCCESS
tx_1030,acc_64,2025-05-05T11:22:58Z,444.29,DEPOSIT,SUCCESS
tx_1037,acc_64,2025-05-05T22:43:43Z,446.67,DEPOSIT,SUCCESS
tx_1034,acc_64,2025-05-07T01:54:46Z,50.22,WITHDRAWAL,SUCCESS
tx_1036,acc_64,2025-05-07T10:08:12Z,405.51,WITHDRAWAL,SUCCESS
tx_1024,acc_64,2025-05-07T14:43:15Z,99.27,P2P,FAILED
tx_1029,acc_64,2025-05-08T16:36:37Z,55.76,WITHDRAWAL,SUCCESS
tx_1033,acc_64,2025-05-08T23:07:19Z,17.51,WITHDRAWAL,SUCCESS
tx_1028,acc_64,2025-05-10T17:18:21Z,411.23,P2P,SUCCESS
tx_1038,acc_64,2025-05-11T13:28:59Z,236.76,P2P,SUCCESS
tx_1023,acc_64,2025-05-11T16:34:35Z,443.91,P2P,SUCCESS
tx_1047,acc_65,2025-04-25T05:47:40Z,38.08,DEPOSIT,SUCCESS
tx_1043,acc_65,2025-05-01T01:34:27Z,32.01,WITHDRAWAL,SUCCESS
tx_1040,acc_65,2025-05-04T23:28:41Z,440.28,P2P,SUCCESS
tx_1041,acc_65,2025-05-05T02:26:11Z,277.12,DEPOSIT,SUCCESS
tx_1048,acc_65,2025-05-06T23:22:55Z,280.94,P2P,SUCCESS
tx_1045,acc_65,2025-05-08T03:33:40Z,110.34,P2P,SUCCESS
tx_1042,acc_65,2025-05-08T16:10:07Z,255.48,WITHDRAWAL,FAILED
tx_1046,acc_65,2025-05-12T12:25:59Z,482.28,WITHDRAWAL,SUCCESS
tx_1044,acc_65,2025-05-13T22:23:19Z,50.13,WITHDRAWAL,SUCCESS
tx_1039,acc_65,2025-05-14T04:38:15Z,187.87,DEPOSIT,FAILED
tx_1071,acc_66,2025-04-22T16:40:35Z,418.0,DEPOSIT,SUCCESS
tx_1049,acc_66,2025-04-27T07:18:10Z,494.55,DEPOSIT,SUCCESS
tx_1065,acc_66,2025-04-28T09:06:38Z,482.87,WITHDRAWAL,SUCCESS
tx_1052,acc_66,2025-05-06T09:54:59Z,72.39,P2P,SUCCESS
tx_1054,acc_66,2025-05-07T01:40:46Z,368.31,WITHDRAWAL,SUCCESS
tx_1061,acc_66,2025-05-09T16:55:54Z,81.88,DEPOSIT,SUCCESS
tx_1051,acc_66,2025-05-10T08:20:12Z,166.83,DEPOSIT,SUCCESS
tx_1062,acc_66,2025-05-10T17:24:06Z,122.04,WITHDRAWAL,SUCCESS
tx_1053,acc_66,2025-05-10T23:17:35Z,320.24,P2P,SUCCESS
tx_1064,acc_66,2025-05-12T00:09:07Z,130.68,DEPOSIT,SUCCESS
tx_1050,acc_66,2025-05-13T19:40:23Z,176.98,WITHDRAWAL,SUCCESS
tx_1060,acc_66,2025-05-14T20:38:58Z,59.01,WITHDRAWAL,FAILED
tx_1063,acc_66,2025-05-15T02:52:39Z,253.1,DEPOSIT,SUCCESS
tx_1069,acc_66,2025-05-18T10:14:17Z,481.79,P2P,SUCCESS
tx_1059,acc_66,2025-05-19T18:23:28Z,129.57,P2P,SUCCESS
tx_1057,acc_66,2025-05-20T16:24:42Z,156.25,P2P,SUCCESS
tx_1067,acc_66,2025-05-21T02:03:42Z,253.63,WITHDRAWAL,SUCCESS
tx_1070,acc_66,2025-05-21T18:41:02Z,310.5,WITHDRAWAL,SUCCESS
tx_1058,acc_66,2025-05-21T20:20:53Z,283.62,P2P,SUCCESS
tx_1072,acc_66,2025-05-23T00:28:46Z,347.73,DEPOSIT,SUCCESS
tx_1068,acc_66,2025-05-23T09:23:20Z,377.33,P2P,SUCCESS
tx_1056,acc_66,2025-05-24T00:29:29Z,202.55,DEPOSIT,SUCCESS
tx_1066,acc_66,2025-05-24T01:14:59Z,274.52,DEPOSIT,SUCCESS
tx_1055,acc_66,2025-05-24T23:51:10Z,482.48,P2P,SUCCESS
tx_1073,acc_67,2025-04-20T15:52:59Z,441.9,WITHDRAWAL,SUCCESS
tx_1077,acc_67,2025-04-22T02:08:15Z,200.55,WITHDRAWAL,SUCCESS
tx_1081,acc_67,2025-04-23T06:57:36Z,457.18,WITHDRAWAL,SUCCESS
tx_1078,acc_67,2025-04-24T06:27:56Z,388.79,DEPOSIT,SUCCESS
tx_1083,acc_67,2025-05-04T06:07:12Z,241.44,WITHDRAWAL,SUCCESS
tx_1076,acc_67,2025-05-07T19:41:47Z,110.71,WITHDRAWAL,SUCCESS
tx_1082,acc_67,2025-05-11T23:43:33Z,327.31,P2P,FAILED
tx_1074,acc_67,2025-05-12T16:34:51Z,256.07,WITHDRAWAL,SUCCESS
tx_1075,acc_67,2025-05-13T07:17:48Z,99.7,DEPOSIT,SUCCESS
tx_1080,acc_67,2025-05-14T22:23:55Z,422.1,P2P,SUCCESS
tx_1079,acc_67,2025-05-15T00:00:23Z,149.16,P2P,SUCCESS
tx_1098,acc_68,2025-04-14T14:02:44Z,298.49,WITHDRAWAL,SUCCESS
tx_1084,acc_68,2025-04-15T03:44:45Z,265.35,DEPOSIT,SUCCESS
tx_1109,acc_68,2025-04-21T21:41:45Z,199.08,P2P,FAILED
tx_1108,acc_68,2025-04-26T16:21:58Z,51.41,WITHDRAWAL,SUCCESS
tx_1089,acc_68,2025-04-28T17:13:24Z,435.42,P2P,SUCCESS
tx_1085,acc_68,2025-04-30T07:54:47Z,239.13,DEPOSIT,SUCCESS
tx_1088,acc_68,2025-05-04T10:45:12Z,174.54,DEPOSIT,SUCCESS
tx_1091,acc_68,2025-05-04T16:01:46Z,186.58,WITHDRAWAL,SUCCESS
tx_1105,acc_68,2025-05-05T00:01:05Z,42.02,P2P,SUCCESS
tx_1103,acc_68,2025-05-06T15:47:52Z,313.87,WITHDRAWAL,SUCCESS
tx_1095,acc_68,2025-05-09T20:00:55Z,144.08,WITHDRAWAL,SUCCESS
tx_1090,acc_68,2025-05-12T15:39:08Z,147.58,P2P,SUCCESS
tx_1107,acc_68,2025-05-13T01:40:17Z,83.73,P2P,SUCCESS
tx_1094,acc_68,2025-05-13T02:48:28Z,309.75,WITHDRAWAL,SUCCESS
tx_1110,acc_68,2025-05-14T13:51:51Z,444.07,DEPOSIT,SUCCESS
tx_1104,acc_68,2025-05-15T10:15:04Z,352.5,P2P,SUCCESS
tx_1087,acc_68,2025-05-15T22:14:07Z,442.47,P2P,SUCCESS
tx_1106,acc_68,2025-05-16T19:04:30Z,143.09,DEPOSIT,SUCCESS
tx_1096,acc_68,2025-05-16T19:28:47Z,456.68,WITHDRAWAL,FAILED
tx_1101,acc_68,2025-05-17T05:54:56Z,383.5,P2P,SUCCESS
tx_1099,acc_68,2025-05-17T15:17:35Z,68.58,P2P,SUCCESS
tx_1092,acc_68,2025-05-18T06:02:42Z,207.5,WITHDRAWAL,SUCCESS
tx_1097,acc_68,2025-05-18T14:48:42Z,10.43,WITHDRAWAL,SUCCESS
tx_1100,acc_68,2025-05-19T19:49:10Z,367.85,P2P,SUCCESS
tx_1093,acc_68,2025-05-19T21:03:27Z,104.17,WITHDRAWAL,SUCCESS
tx_1102,acc_68,2025-05-19T21:40:42Z,86.28,WITHDRAWAL,SUCCESS
tx_1086,acc_68,2025-05-22T08:56:28Z,494.81,DEPOSIT,FAILED
tx_1112,acc_69,2025-05-06T12:04:47Z,104.96,P2P,SUCCESS
tx_1120,acc_69,2025-05-07T18:19:43Z,425.88,P2P,SUCCESS
tx_1123,acc_69,2025-05-08T06:55:48Z,67.3,DEPOSIT,SUCCESS
tx_1122,acc_69,2025-05-09T09:26:05Z,255.73,DEPOSIT,SUCCESS
tx_1111,acc_69,2025-05-16T08:26:59Z,116.64,P2P,SUCCESS
tx_1113,acc_69,2025-05-17T15:48:27Z,134.88,P2P,SUCCESS
tx_1129,acc_69,2025-05-17T22:21:49Z,12.45,DEPOSIT,SUCCESS
tx_1130,acc_69,2025-05-21T02:56:38Z,403.41,WITHDRAWAL,FAILED
tx_1126,acc_69,2025-05-21T16:28:16Z,197.37,WITHDRAWAL,SUCCESS
tx_1125,acc_69,2025-05-22T05:10:17Z,240.28,DEPOSIT,SUCCESS
tx_1117,acc_69,2025-05-24T06:26:25Z,290.06,P2P,SUCCESS
tx_1114,acc_69,2025-05-24T11:53:18Z,8.08,DEPOSIT,SUCCESS
tx_1116,acc_69,2025-05-24T23:16:48Z,155.76,P2P,SUCCESS
tx_1118,acc_69,2025-05-25T19:57:04Z,169.94,DEPOSIT,SUCCESS
tx_1127,acc_69,2025-05-26T04:46:48Z,178.38,DEPOSIT,SUCCESS
tx_1115,acc_69,2025-05-26T10:52:58Z,121.68,P2P,SUCCESS
tx_1121,acc_69,2025-05-27T12:22:09Z,237.32,P2P,SUCCESS
tx_1119,acc_69,2025-05-27T20:17:25Z,119.78,DEPOSIT,SUCCESS
tx_1124,acc_69,2025-05-28T08:53:13Z,245.22,WITHDRAWAL,SUCCESS
tx_1128,acc_69,2025-05-28T09:22:22Z,447.36,P2P,SUCCESS
tx_1135,acc_70,2025-03-04T09:32:53Z,198.73,P2P,SUCCESS
tx_1134,acc_70,2025-04-09T13:59:51Z,269.37,DEPOSIT,SUCCESS
tx_1133,acc_70,2025-04-20T11:08:54Z,109.24,WITHDRAWAL,SUCCESS
tx_1149,acc_70,2025-04-22T15:13:46Z,188.58,P2P,SUCCESS
tx_1141,acc_70,2025-04-30T17:32:48Z,496.03,WITHDRAWAL,FAILED
tx_1151,acc_70,2025-05-06T17:18:42Z,261.63,DEPOSIT,FAILED
tx_1147,acc_70,2025-05-09T21:35:13Z,146.57,P2P,SUCCESS
tx_1143,acc_70,2025-05-10T07:47:02Z,450.77,P2P,SUCCESS
tx_1148,acc_70,2025-05-10T22:38:25Z,396.81,DEPOSIT,SUCCESS
tx_1132,acc_70,2025-05-12T08:25:07Z,152.98,WITHDRAWAL,SUCCESS
tx_1140,acc_70,2025-05-12T17:20:22Z,168.89,P2P,SUCCESS
tx_1144,acc_70,2025-05-12T21:37:15Z,251.44,WITHDRAWAL,SUCCESS
tx_1150,acc_70,2025-05-13T10:16:49Z,466.56,DEPOSIT,SUCCESS
tx_1131,acc_70,2025-05-16T01:32:47Z,290.35,WITHDRAWAL,SUCCESS
tx_1145,acc_70,2025-05-17T12:19:12Z,202.24,WITHDRAWAL,SUCCESS
tx_1137,acc_70,2025-05-18T02:42:44Z,73.41,WITHDRAWAL,SUCCESS
tx_1136,acc_70,2025-05-18T02:45:00Z,272.22,DEPOSIT,SUCCESS
tx_1138,acc_70,2025-05-18T20:09:40Z,5.62,WITHDRAWAL,SUCCESS
tx_1146,acc_70,2025-05-18T21:53:38Z,332.15,DEPOSIT,FAILED
tx_1142,acc_70,2025-05-19T17:37:21Z,374.23,WITHDRAWAL,SUCCESS
tx_1139,acc_70,2025-05-20T14:31:24Z,431.79,P2P,SUCCESS
tx_1163,acc_71,2025-04-18T19:20:57Z,275.49,DEPOSIT,SUCCESS
tx_1179,acc_71,2025-04-29T11:43:55Z,375.13,P2P,SUCCESS
tx_1170,acc_71,2025-05-05T07:59:25Z,64.11,P2P,SUCCESS
tx_1173,acc_71,2025-05-11T16:12:23Z,273.76,WITHDRAWAL,SUCCESS
tx_1168,acc_71,2025-05-12T21:12:32Z,6.28,P2P,SUCCESS
tx_1157,acc_71,2025-05-14T07:36:08Z,490.48,P2P,SUCCESS
tx_1154,acc_71,2025-05-14T16:40:33Z,295.6,WITHDRAWAL,SUCCESS
tx_1152,acc_71,2025-05-17T12:20:26Z,168.2,WITHDRAWAL,SUCCESS
tx_1160,acc_71,2025-05-18T06:30:15Z,399.21,DEPOSIT,SUCCESS
tx_1158,acc_71,2025-05-18T14:12:26Z,232.81,DEPOSIT,SUCCESS
tx_1171,acc_71,2025-05-19T07:23:41Z,136.94,DEPOSIT,SUCCESS
tx_1175,acc_71,2025-05-20T18:36:36Z,415.15,DEPOSIT,SUCCESS
tx_1169,acc_71,2025-05-21T03:36:07Z,454.35,DEPOSIT,SUCCESS
tx_1167,acc_71,2025-05-21T12:28:02Z,206.04,DEPOSIT,SUCCESS
tx_1153,acc_71,2025-05-21T20:05:30Z,349.4,DEPOSIT,SUCCESS
tx_1177,acc_71,2025-05-21T20:17:12Z,261.98,WITHDRAWAL,SUCCESS
tx_1174,acc_71,2025-05-22T00:26:57Z,381.74,DEPOSIT,SUCCESS
tx_1159,acc_71,2025-05-22T05:23:16Z,166.94,DEPOSIT,SUCCESS
tx_1182,acc_71,2025-05-23T07:40:23Z,105.08,P2P,SUCCESS
tx_1165,acc_71,2025-05-24T00:28:12Z,290.26,P2P,SUCCESS
tx_1172,acc_71,2025-05-25T07:50:06Z,367.45,WITHDRAWAL,SUCCESS
tx_1180,acc_71,2025-05-26T09:53:13Z,488.45,DEPOSIT,SUCCESS
tx_1181,acc_71,2025-05-27T01:23:45Z,39.9,WITHDRAWAL,SUCCESS
tx_1156,acc_71,2025-05-27T02:29:27Z,119.25,WITHDRAWAL,SUCCESS
tx_1176,acc_71,2025-05-27T02:33:39Z,202.11,WITHDRAWAL,SUCCESS
tx_1155,acc_71,2025-05-27T07:30:50Z,361.51,DEPOSIT,SUCCESS
tx_1162,acc_71,2025-05-27T08:10:19Z,186.38,P2P,SUCCESS
tx_1178,acc_71,2025-05-27T13:17:16Z,150.63,P2P,SUCCESS
tx_1166,acc_71,2025-05-27T23:17:00Z,104.64,P2P,SUCCESS
tx_1161,acc_71,2025-05-28T06:19:31Z,413.7,WITHDRAWAL,SUCCESS
tx_1164,acc_71,2025-05-28T10:19:00Z,327.73,WITHDRAWAL,SUCCESS
tx_1194,acc_72,2025-04-11T08:45:54Z,313.38,DEPOSIT,SUCCESS
tx_1210,acc_72,2025-04-18T14:24:37Z,339.92,P2P,SUCCESS
tx_1190,acc_72,2025-04-21T03:24:53Z,362.97,P2P,SUCCESS
tx_1185,acc_72,2025-04-24T03:28:24Z,493.51,WITHDRAWAL,SUCCESS
tx_1203,acc_72,2025-04-24T05:11:16Z,161.64,P2P,SUCCESS
tx_1192,acc_72,2025-04-26T17:11:11Z,440.74,DEPOSIT,SUCCESS
tx_1193,acc_72,2025-05-01T02:11:46Z,57.89,DEPOSIT,SUCCESS
tx_1204,acc_72,2025-05-06T04:45:46Z,43.42,P2P,FAILED
tx_1200,acc_72,2025-05-11T18:10:56Z,380.35,WITHDRAWAL,SUCCESS
tx_1208,acc_72,2025-05-12T01:34:58Z,361.15,DEPOSIT,SUCCESS
tx_1187,acc_72,2025-05-12T18:08:55Z,37.48,P2P,SUCCESS
tx_1183,acc_72,2025-05-12T18:20:54Z,294.81,P2P,SUCCESS
tx_1186,acc_72,2025-05-13T04:39:26Z,109.73,WITHDRAWAL,SUCCESS
tx_1184,acc_72,2025-05-13T18:53:34Z,55.45,P2P,SUCCESS
tx_1197,acc_72,2025-05-13T23:06:28Z,32.73,WITHDRAWAL,SUCCESS
tx_1196,acc_72,2025-05-15T09:44:34Z,211.15,P2P,SUCCESS
tx_1199,acc_72,2025-05-15T12:17:14Z,174.16,WITHDRAWAL,SUCCESS
tx_1201,acc_72,2025-05-15T15:18:54Z,325.84,P2P,SUCCESS
tx_1188,acc_72,2025-05-16T07:52:12Z,237.75,WITHDRAWAL,SUCCESS
tx_1195,acc_72,2025-05-16T23:29:34Z,198.99,P2P,SUCCESS
tx_1202,acc_72,2025-05-17T04:32:52Z,84.54,WITHDRAWAL,SUCCESS
tx_1207,acc_72,2025-05-18T08:42:21Z,371.71,WITHDRAWAL,SUCCESS
tx_1206,acc_72,2025-05-18T13:19:39Z,200.26,DEPOSIT,SUCCESS
tx_1205,acc_72,2025-05-18T18:16:02Z,421.22,P2P,SUCCESS
tx_1189,acc_72,2025-05-19T08:46:10Z,360.27,P2P,SUCCESS
tx_1198,acc_72,2025-05-19T10:50:25Z,227.1,P2P,SUCCESS
tx_1191,acc_72,2025-05-20T03:54:52Z,247.58,DEPOSIT,SUCCESS
tx_1209,acc_72,2025-05-20T04:08:51Z,410.92,WITHDRAWAL,SUCCESS
tx_1232,acc_73,2025-03-30T03:49:23Z,225.37,DEPOSIT,SUCCESS
tx_1220,acc_73,2025-04-17T07:52:10Z,493.34,P2P,FAILED
tx_1224,acc_73,2025-04-24T16:55:13Z,319.43,WITHDRAWAL,SUCCESS
tx_1233,acc_73,2025-05-03T01:23:48Z,48.03,DEPOSIT,SUCCESS
tx_1231,acc_73,2025-05-06T04:35:07Z,454.03,P2P,SUCCESS
tx_1218,acc_73,2025-05-06T09:41:13Z,447.78,WITHDRAWAL,FAILED
tx_1226,acc_73,2025-05-18T12:10:12Z,410.46,WITHDRAWAL,SUCCESS
tx_1211,acc_73,2025-05-21T10:05:11Z,391.16,DEPOSIT,SUCCESS
tx_1234,acc_73,2025-05-21T21:29:30Z,320.41,P2P,SUCCESS
tx_1230,acc_73,2025-05-25T04:52:39Z,203.99,P2P,SUCCESS
tx_1235,acc_73,2025-05-25T14:48:04Z,250.56,DEPOSIT,SUCCESS
tx_1212,acc_73,2025-05-25T23:20:18Z,409.79,WITHDRAWAL,SUCCESS
tx_1215,acc_73,2025-05-26T01:51:26Z,190.46,P2P,SUCCESS
tx_1214,acc_73,2025-05-26T04:46:42Z,318.74,DEPOSIT,SUCCESS
tx_1222,acc_73,2025-05-26T22:19:21Z,475.39,DEPOSIT,SUCCESS
tx_1213,acc_73,2025-05-27T08:13:33Z,477.12,DEPOSIT,SUCCESS
tx_1227,acc_73,2025-05-27T14:30:20Z,47.45,P2P,SUCCESS
tx_1216,acc_73,2025-05-27T15:52:15Z,313.8,WITHDRAWAL,FAILED
tx_1221,acc_73,2025-05-28T11:48:23Z,410.96,WITHDRAWAL,SUCCESS
tx_1219,acc_73,2025-05-28T15:05:22Z,415.24,WITHDRAWAL,SUCCESS
tx_1229,acc_73,2025-05-28T16:27:02Z,479.34,P2P,SUCCESS
tx_1225,acc_73,2025-05-28T17:27:57Z,482.17,DEPOSIT,SUCCESS
tx_1223,acc_73,2025-05-28T18:01:07Z,224.73,DEPOSIT,SUCCESS
tx_1217,acc_73,2025-05-28T19:19:58Z,436.85,DEPOSIT,SUCCESS
tx_1228,acc_73,2025-05-29T04:33:09Z,263.13,P2P,SUCCESS
tx_1236,acc_74,2025-04-16T17:18:24Z,103.92,WITHDRAWAL,FAILED
tx_1239,acc_74,2025-04-26T18:25:29Z,194.02,P2P,SUCCESS
tx_1250,acc_74,2025-04-28T23:41:03Z,80.91,WITHDRAWAL,SUCCESS
tx_1248,acc_74,2025-04-29T10:02:00Z,289.66,WITHDRAWAL,SUCCESS
tx_1249,acc_74,2025-04-29T15:15:38Z,272.12,WITHDRAWAL,SUCCESS
tx_1254,acc_74,2025-05-01T04:35:32Z,185.96,DEPOSIT,SUCCESS
tx_1247,acc_74,2025-05-03T07:42:21Z,144.91,WITHDRAWAL,SUCCESS
tx_1243,acc_74,2025-05-04T06:21:50Z,137.2,WITHDRAWAL,SUCCESS
tx_1252,acc_74,2025-05-05T00:25:55Z,126.14,P2P,SUCCESS
tx_1241,acc_74,2025-05-05T05:09:47Z,112.01,P2P,SUCCESS
tx_1246,acc_74,2025-05-05T11:26:02Z,284.51,DEPOSIT,SUCCESS
tx_1238,acc_74,2025-05-06T09:43:05Z,74.38,WITHDRAWAL,SUCCESS
tx_1244,acc_74,2025-05-07T01:05:43Z,101.78,P2P,SUCCESS
tx_1237,acc_74,2025-05-07T10:42:16Z,269.22,P2P,SUCCESS
tx_1242,acc_74,2025-05-07T13:48:47Z,247.61,WITHDRAWAL,SUCCESS
tx_1240,acc_74,2025-05-08T22:46:14Z,449.3,WITHDRAWAL,SUCCESS
tx_1253,acc_74,2025-05-09T15:11:59Z,142.66,DEPOSIT,FAILED
tx_1245,acc_74,2025-05-10T01:01:56Z,148.35,DEPOSIT,SUCCESS
tx_1251,acc_74,2025-05-10T17:07:32Z,50.3,P2P,SUCCESS
tx_1264,acc_75,2025-03-19T15:20:33Z,459.74,P2P,SUCCESS
tx_1259,acc_75,2025-04-29T03:31:26Z,342.23,DEPOSIT,SUCCESS
tx_1263,acc_75,2025-05-12T09:42:31Z,339.89,P2P,SUCCESS
tx_1265,acc_75,2025-05-16T02:56:11Z,313.26,WITHDRAWAL,SUCCESS
tx_1266,acc_75,2025-05-16T06:49:18Z,62.11,DEPOSIT,SUCCESS
tx_1260,acc_75,2025-05-17T14:52:01Z,46.08,DEPOSIT,SUCCESS
tx_1256,acc_75,2025-05-18T06:26:09Z,123.79,DEPOSIT,SUCCESS
tx_1261,acc_75,2025-05-20T01:17:41Z,367.05,DEPOSIT,FAILED
tx_1269,acc_75,2025-05-20T03:30:29Z,43.71,P2P,SUCCESS
tx_1262,acc_75,2025-05-20T05:18:40Z,327.81,P2P,SUCCESS
tx_1257,acc_75,2025-05-22T01:59:56Z,482.7,WITHDRAWAL,SUCCESS
tx_1271,acc_75,2025-05-22T06:01:00Z,85.3,P2P,SUCCESS
tx_1258,acc_75,2025-05-23T05:32:46Z,291.77,DEPOSIT,SUCCESS
tx_1267,acc_75,2025-05-25T02:11:26Z,311.23,P2P,SUCCESS
tx_1270,acc_75,2025-05-25T04:45:30Z,73.05,DEPOSIT,SUCCESS
tx_1255,acc_75,2025-05-25T10:19:25Z,193.07,DEPOSIT,SUCCESS
tx_1268,acc_75,2025-05-26T13:54:21Z,55.97,DEPOSIT,SUCCESS
tx_1295,acc_76,2025-05-01T16:04:02Z,386.21,DEPOSIT,SUCCESS
tx_1283,acc_76,2025-05-02T03:19:36Z,42.79,WITHDRAWAL,SUCCESS
tx_1272,acc_76,2025-05-06T07:05:23Z,218.8,P2P,SUCCESS
tx_1289,acc_76,2025-05-08T10:03:29Z,132.17,WITHDRAWAL,SUCCESS
tx_1286,acc_76,2025-05-08T10:38:35Z,47.87,DEPOSIT,SUCCESS
tx_1287,acc_76,2025-05-11T02:38:24Z,169.85,DEPOSIT,SUCCESS
tx_1290,acc_76,2025-05-12T08:48:34Z,91.59,WITHDRAWAL,SUCCESS
tx_1285,acc_76,2025-05-13T10:10:09Z,111.67,DEPOSIT,SUCCESS
tx_1294,acc_76,2025-05-15T11:47:32Z,77.84,WITHDRAWAL,SUCCESS
tx_1296,acc_76,2025-05-17T23:03:33Z,266.68,WITHDRAWAL,SUCCESS
tx_1275,acc_76,2025-05-20T10:01:35Z,334.55,DEPOSIT,SUCCESS
tx_1274,acc_76,2025-05-20T21:24:43Z,128.39,DEPOSIT,SUCCESS
tx_1292,acc_76,2025-05-21T02:29:07Z,451.85,P2P,SUCCESS
tx_1281,acc_76,2025-05-21T21:51:39Z,483.52,WITHDRAWAL,SUCCESS
tx_1278,acc_76,2025-05-24T13:51:56Z,132.21,P2P,SUCCESS
tx_1299,acc_76,2025-05-24T18:19:00Z,83.97,DEPOSIT,SUCCESS
tx_1297,acc_76,2025-05-25T01:37:48Z,295.22,DEPOSIT,SUCCESS
tx_1288,acc_76,2025-05-25T04:49:06Z,431.99,WITHDRAWAL,SUCCESS
tx_1276,acc_76,2025-05-26T01:01:35Z,231.18,P2P,SUCCESS
tx_1291,acc_76,2025-05-26T06:21:18Z,70.14,WITHDRAWAL,FAILED
tx_1298,acc_76,2025-05-26T19:49:14Z,78.66,WITHDRAWAL,SUCCESS
tx_1280,acc_76,2025-05-27T04:30:39Z,315.08,P2P,SUCCESS
tx_1277,acc_76,2025-05-28T02:06:34Z,356.98,P2P,SUCCESS
tx_1282,acc_76,2025-05-28T12:02:07Z,75.9,DEPOSIT,SUCCESS
tx_1284,acc_76,2025-05-28T13:45:03Z,364.63,DEPOSIT,SUCCESS
tx_1293,acc_76,2025-05-28T17:12:23Z,349.64,P2P,SUCCESS
tx_1273,acc_76,2025-05-28T17:49:33Z,93.3,DEPOSIT,SUCCESS
tx_1279,acc_76,2025-05-29T00:25:56Z,10.68,P2P,SUCCESS
tx_1321,acc_77,2025-04-29T06:00:15Z,246.0,DEPOSIT,SUCCESS
tx_1322,acc_77,2025-04-29T06:49:35Z,288.38,DEPOSIT,FAILED
tx_1317,acc_77,2025-05-06T21:03:45Z,38.79,DEPOSIT,SUCCESS
tx_1308,acc_77,2025-05-09T04:26:56Z,488.22,WITHDRAWAL,SUCCESS
tx_1306,acc_77,2025-05-09T18:06:02Z,93.34,WITHDRAWAL,SUCCESS
tx_1323,acc_77,2025-05-11T10:52:21Z,349.82,P2P,SUCCESS
tx_1328,acc_77,2025-05-14T12:42:02Z,12.37,P2P,SUCCESS
tx_1309,acc_77,2025-05-15T03:40:38Z,175.77,P2P,SUCCESS
tx_1315,acc_77,2025-05-15T07:06:03Z,264.13,WITHDRAWAL,SUCCESS
tx_1324,acc_77,2025-05-15T17:11:21Z,162.25,DEPOSIT,SUCCESS
tx_1310,acc_77,2025-05-16T13:15:45Z,450.46,DEPOSIT,SUCCESS
tx_1302,acc_77,2025-05-21T06:46:46Z,191.95,WITHDRAWAL,SUCCESS
tx_1313,acc_77,2025-05-22T01:11:00Z,285.19,P2P,SUCCESS
tx_1319,acc_77,2025-05-22T04:33:53Z,341.3,DEPOSIT,SUCCESS
tx_1327,acc_77,2025-05-22T05:57:17Z,14.31,P2P,SUCCESS
tx_1300,acc_77,2025-05-22T22:37:32Z,255.05,P2P,SUCCESS
tx_1320,acc_77,2025-05-24T05:36:51Z,405.12,DEPOSIT,SUCCESS
tx_1303,acc_77,2025-05-24T19:35:15Z,64.69,P2P,SUCCESS
tx_1311,acc_77,2025-05-24T21:31:59Z,323.19,WITHDRAWAL,SUCCESS
tx_1301,acc_77,2025-05-25T00:45:35Z,90.12,P2P,SUCCESS
tx_1325,acc_77,2025-05-25T06:29:02Z,86.19,WITHDRAWAL,SUCCESS
tx_1305,acc_77,2025-05-26T01:34:59Z,158.7,P2P,FAILED
tx_1304,acc_77,2025-05-26T14:51:42Z,167.95,DEPOSIT,SUCCESS
tx_1326,acc_77,2025-05-26T22:42:23Z,489.77,DEPOSIT,SUCCESS
tx_1318,acc_77,2025-05-27T13:47:09Z,340.7,P2P,SUCCESS
tx_1307,acc_77,2025-05-27T21:07:11Z,245.84,DEPOSIT,SUCCESS
tx_1312,acc_77,2025-05-27T23:10:47Z,364.43,WITHDRAWAL,SUCCESS
tx_1316,acc_77,2025-05-28T10:44:57Z,52.43,WITHDRAWAL,SUCCESS
tx_1314,acc_77,2025-05-29T01:33:36Z,271.38,WITHDRAWAL,SUCCESS
tx_1339,acc_78,2025-04-20T18:54:57Z,323.47,WITHDRAWAL,SUCCESS
tx_1341,acc_78,2025-04-23T22:44:13Z,407.12,P2P,SUCCESS
tx_1342,acc_78,2025-04-25T10:53:05Z,386.15,DEPOSIT,SUCCESS
tx_1332,acc_78,2025-04-26T19:21:06Z,98.76,WITHDRAWAL,SUCCESS
tx_1343,acc_78,2025-04-27T19:59:35Z,79.8,P2P,SUCCESS
tx_1345,acc_78,2025-05-01T18:41:35Z,287.83,WITHDRAWAL,SUCCESS
tx_1338,acc_78,2025-05-02T14:51:53Z,434.42,P2P,SUCCESS
tx_1331,acc_78,2025-05-03T15:28:24Z,399.89,DEPOSIT,SUCCESS
tx_1335,acc_78,2025-05-03T19:43:05Z,251.91,WITHDRAWAL,SUCCESS
tx_1336,acc_78,2025-05-03T21:37:02Z,66.12,P2P,SUCCESS
tx_1349,acc_78,2025-05-05T07:22:58Z,287.97,WITHDRAWAL,FAILED
tx_1350,acc_78,2025-05-07T05:30:17Z,27.97,DEPOSIT,SUCCESS
tx_1337,acc_78,2025-05-07T05:48:50Z,168.49,DEPOSIT,SUCCESS
tx_1329,acc_78,2025-05-09T01:49:46Z,251.32,WITHDRAWAL,SUCCESS
tx_1330,acc_78,2025-05-09T05:52:21Z,93.01,WITHDRAWAL,SUCCESS
tx_1344,acc_78,2025-05-09T06:22:04Z,190.96,DEPOSIT,SUCCESS
tx_1333,acc_78,2025-05-10T03:38:09Z,477.11,P2P,FAILED
tx_1334,acc_78,2025-05-11T00:38:22Z,79.3,DEPOSIT,FAILED
tx_1347,acc_78,2025-05-11T09:45:46Z,476.06,P2P,SUCCESS
tx_1348,acc_78,2025-05-11T10:02:00Z,402.25,P2P,SUCCESS
tx_1340,acc_78,2025-05-12T09:48:28Z,107.06,WITHDRAWAL,FAILED
tx_1346,acc_78,2025-05-14T08:00:26Z,128.39,P2P,FAILED
tx_1351,acc_79,2025-04-11T15:30:05Z,390.9,P2P,FAILED
tx_1362,acc_79,2025-04-13T20:58:56Z,69.85,DEPOSIT,SUCCESS
tx_1355,acc_79,2025-04-25T05:50:06Z,478.1,P2P,FAILED
tx_1361,acc_79,2025-04-27T16:05:24Z,119.83,WITHDRAWAL,SUCCESS
tx_1356,acc_79,2025-05-04T05:39:43Z,222.41,WITHDRAWAL,SUCCESS
tx_1367,acc_79,2025-05-06T13:29:23Z,105.83,P2P,SUCCESS
tx_1354,acc_79,2025-05-11T01:11:38Z,422.19,WITHDRAWAL,FAILED
tx_1364,acc_79,2025-05-11T23:22:12Z,15.28,P2P,SUCCESS
tx_1352,acc_79,2025-05-12T21:38:54Z,60.14,WITHDRAWAL,SUCCESS
tx_1363,acc_79,2025-05-15T00:21:59Z,113.96,DEPOSIT,SUCCESS
tx_1369,acc_79,2025-05-16T20:05:45Z,251.63,DEPOSIT,SUCCESS
tx_1357,acc_79,2025-05-18T08:48:20Z,194.45,P2P,SUCCESS
tx_1353,acc_79,2025-05-20T14:53:44Z,293.68,P2P,SUCCESS
tx_1368,acc_79,2025-05-22T21:24:33Z,247.77,WITHDRAWAL,SUCCESS
tx_1366,acc_79,2025-05-24T01:46:10Z,316.6,WITHDRAWAL,SUCCESS
tx_1365,acc_79,2025-05-24T05:16:17Z,293.86,DEPOSIT,SUCCESS
tx_1358,acc_79,2025-05-25T02:07:14Z,77.97,WITHDRAWAL,SUCCESS
tx_1359,acc_79,2025-05-25T07:56:48Z,346.59,P2P,FAILED
tx_1360,acc_79,2025-05-26T03:58:37Z,136.1,P2P,SUCCESS
tx_1376,acc_80,2025-03-15T19:12:23Z,46.11,P2P,SUCCESS
tx_1375,acc_80,2025-03-22T17:10:59Z,398.34,WITHDRAWAL,SUCCESS
tx_1382,acc_80,2025-03-27T07:49:39Z,455.3,P2P,SUCCESS
tx_1388,acc_80,2025-04-02T13:52:30Z,104.68,DEPOSIT,SUCCESS
tx_1387,acc_80,2025-04-03T21:09:46Z,129.76,P2P,SUCCESS
tx_1372,acc_80,2025-04-14T19:15:01Z,469.15,P2P,SUCCESS
tx_1385,acc_80,2025-04-16T06:14:22Z,259.81,WITHDRAWAL,SUCCESS
tx_1386,acc_80,2025-04-20T21:25:16Z,72.56,WITHDRAWAL,SUCCESS
tx_1373,acc_80,2025-04-26T19:45:20Z,492.68,P2P,SUCCESS
tx_1379,acc_80,2025-04-27T12:20:21Z,143.87,WITHDRAWAL,SUCCESS
tx_1378,acc_80,2025-04-27T18:03:22Z,180.52,WITHDRAWAL,SUCCESS
tx_1377,acc_80,2025-04-28T00:41:03Z,469.44,WITHDRAWAL,SUCCESS
tx_1384,acc_80,2025-04-29T05:14:40Z,473.01,P2P,SUCCESS
tx_1374,acc_80,2025-05-02T11:53:47Z,364.02,P2P,FAILED
tx_1380,acc_80,2025-05-03T17:10:08Z,394.66,P2P,SUCCESS
tx_1370,acc_80,2025-05-04T23:00:41Z,26.71,DEPOSIT,SUCCESS
tx_1383,acc_80,2025-05-05T09:57:43Z,243.57,DEPOSIT,SUCCESS
tx_1381,acc_80,2025-05-05T21:50:14Z,408.08,WITHDRAWAL,SUCCESS
tx_1389,acc_80,2025-05-06T04:35:41Z,187.01,P2P,SUCCESS
tx_1371,acc_80,2025-05-06T11:32:27Z,56.41,P2P,SUCCESS
tx_1390,acc_80,2025-05-06T23:26:40Z,353.42,DEPOSIT,FAILED
tx_1401,acc_81,2025-04-04T13:03:38Z,243.45,P2P,SUCCESS
tx_1405,acc_81,2025-04-29T18:36:27Z,148.9,DEPOSIT,SUCCESS
tx_1397,acc_81,2025-05-11T07:34:22Z,100.7,WITHDRAWAL,SUCCESS
tx_1391,acc_81,2025-05-11T08:05:46Z,176.12,P2P,SUCCESS
tx_1410,acc_81,2025-05-11T16:44:14Z,114.45,WITHDRAWAL,SUCCESS
tx_1393,acc_81,2025-05-11T17:42:06Z,299.83,P2P,SUCCESS
tx_1402,acc_81,2025-05-12T22:24:34Z,275.35,P2P,SUCCESS
tx_1407,acc_81,2025-05-13T02:51:48Z,313.66,DEPOSIT,SUCCESS
tx_1400,acc_81,2025-05-13T12:17:35Z,252.19,WITHDRAWAL,SUCCESS
tx_1403,acc_81,2025-05-14T21:42:47Z,481.03,WITHDRAWAL,SUCCESS
tx_1409,acc_81,2025-05-15T02:05:27Z,485.34,DEPOSIT,SUCCESS
tx_1406,acc_81,2025-05-15T03:28:23Z,369.93,WITHDRAWAL,SUCCESS
tx_1396,acc_81,2025-05-16T02:04:59Z,444.27,WITHDRAWAL,SUCCESS
tx_1404,acc_81,2025-05-17T12:31:40Z,488.7,WITHDRAWAL,SUCCESS
tx_1399,acc_81,2025-05-17T16:03:10Z,379.63,P2P,SUCCESS
tx_1398,acc_81,2025-05-17T16:05:51Z,312.66,P2P,SUCCESS
tx_1392,acc_81,2025-05-17T16:10:38Z,322.07,WITHDRAWAL,SUCCESS
tx_1395,acc_81,2025-05-17T21:37:07Z,217.02,DEPOSIT,SUCCESS
tx_1408,acc_81,2025-05-18T00:59:15Z,495.51,DEPOSIT,SUCCESS
tx_1394,acc_81,2025-05-19T11:15:11Z,121.8,DEPOSIT,SUCCESS
tx_1438,acc_82,2025-03-09T20:38:48Z,201.83,DEPOSIT,SUCCESS
tx_1430,acc_82,2025-04-30T22:45:42Z,95.21,DEPOSIT,SUCCESS
tx_1420,acc_82,2025-05-01T04:22:16Z,369.36,DEPOSIT,SUCCESS
tx_1416,acc_82,2025-05-03T17:36:09Z,243.29,DEPOSIT,SUCCESS
tx_1437,acc_82,2025-05-07T03:48:50Z,470.93,WITHDRAWAL,SUCCESS
tx_1423,acc_82,2025-05-10T12:24:12Z,452.96,DEPOSIT,SUCCESS
tx_1436,acc_82,2025-05-11T03:27:19Z,405.86,DEPOSIT,SUCCESS
tx_1431,acc_82,2025-05-12T08:10:31Z,44.24,DEPOSIT,SUCCESS
tx_1426,acc_82,2025-05-12T09:33:03Z,309.73,DEPOSIT,SUCCESS
tx_1443,acc_82,2025-05-13T20:16:48Z,234.08,P2P,SUCCESS
tx_1427,acc_82,2025-05-16T13:04:52Z,461.92,DEPOSIT,SUCCESS
tx_1422,acc_82,2025-05-17T13:13:44Z,187.01,WITHDRAWAL,SUCCESS
tx_1414,acc_82,2025-05-17T19:57:18Z,118.34,DEPOSIT,FAILED
tx_1417,acc_82,2025-05-19T23:11:01Z,356.5,DEPOSIT,SUCCESS
tx_1439,acc_82,2025-05-20T00:35:52Z,169.68,P2P,SUCCESS
tx_1412,acc_82,2025-05-20T07:00:19Z,265.33,P2P,SUCCESS
tx_1440,acc_82,2025-05-23T15:57:14Z,32.96,WITHDRAWAL,SUCCESS
tx_1433,acc_82,2025-05-24T07:54:07Z,480.88,DEPOSIT,SUCCESS
tx_1442,acc_82,2025-05-24T11:03:47Z,262.17,DEPOSIT,SUCCESS
tx_1421,acc_82,2025-05-25T21:44:53Z,267.3,P2P,SUCCESS
tx_1435,acc_82,2025-05-25T23:40:13Z,195.43,WITHDRAWAL,SUCCESS
tx_1415,acc_82,2025-05-26T06:34:56Z,169.09,WITHDRAWAL,SUCCESS
tx_1424,acc_82,2025-05-27T15:47:45Z,178.54,DEPOSIT,SUCCESS
tx_1441,acc_82,2025-05-27T21:19:41Z,34.15,DEPOSIT,SUCCESS
tx_1425,acc_82,2025-05-28T01:18:22Z,210.82,DEPOSIT,SUCCESS
tx_1444,acc_82,2025-05-28T01:58:07Z,417.16,P2P,SUCCESS
tx_1419,acc_82,2025-05-29T00:21:08Z,427.92,P2P,SUCCESS
tx_1428,acc_82,2025-05-29T07:15:43Z,360.81,DEPOSIT,SUCCESS
tx_1411,acc_82,2025-05-29T09:38:29Z,328.06,DEPOSIT,SUCCESS
tx_1434,acc_82,2025-05-29T15:20:18Z,123.36,WITHDRAWAL,SUCCESS
tx_1418,acc_82,2025-05-29T17:09:21Z,380.44,WITHDRAWAL,FAILED
tx_1413,acc_82,2025-05-31T05:05:29Z,174.85,DEPOSIT,SUCCESS
tx_1432,acc_82,2025-05-31T14:26:45Z,161.76,DEPOSIT,SUCCESS
tx_1429,acc_82,2025-05-31T16:50:43Z,347.78,P2P,SUCCESS
tx_1470,acc_83,2025-04-27T00:41:47Z,303.23,P2P,SUCCESS
tx_1449,acc_83,2025-04-30T11:20:07Z,64.55,DEPOSIT,SUCCESS
tx_1459,acc_83,2025-05-02T00:04:14Z,17.73,WITHDRAWAL,SUCCESS
tx_1448,acc_83,2025-05-02T12:12:10Z,452.75,WITHDRAWAL,FAILED
tx_1456,acc_83,2025-05-03T17:49:06Z,251.32,WITHDRAWAL,SUCCESS
tx_1469,acc_83,2025-05-06T14:57:47Z,356.25,P2P,SUCCESS
tx_1454,acc_83,2025-05-06T18:39:09Z,413.31,P2P,SUCCESS
tx_1458,acc_83,2025-05-07T22:03:55Z,128.67,P2P,SUCCESS
tx_1462,acc_83,2025-05-11T06:03:57Z,189.72,P2P,SUCCESS
tx_1461,acc_83,2025-05-13T10:38:24Z,303.62,DEPOSIT,SUCCESS
tx_1465,acc_83,2025-05-13T14:13:49Z,52.92,WITHDRAWAL,SUCCESS
tx_1463,acc_83,2025-05-13T19:06:12Z,165.35,P2P,SUCCESS
tx_1455,acc_83,2025-05-14T08:21:59Z,420.85,P2P,SUCCESS
tx_1468,acc_83,2025-05-15T02:13:47Z,103.79,P2P,SUCCESS
tx_1467,acc_83,2025-05-15T16:11:52Z,58.31,P2P,FAILED
tx_1453,acc_83,2025-05-15T22:16:44Z,400.51,DEPOSIT,SUCCESS
tx_1451,acc_83,2025-05-16T08:29:53Z,253.85,WITHDRAWAL,SUCCESS
tx_1471,acc_83,2025-05-16T08:39:20Z,435.67,DEPOSIT,SUCCESS
tx_1457,acc_83,2025-05-17T07:27:38Z,59.18,DEPOSIT,SUCCESS
tx_1464,acc_83,2025-05-17T18:55:36Z,439.04,DEPOSIT,SUCCESS
tx_1452,acc_83,2025-05-18T00:49:09Z,484.22,P2P,SUCCESS
tx_1450,acc_83,2025-05-18T01:38:48Z,117.45,DEPOSIT,SUCCESS
tx_1474,acc_83,2025-05-18T17:16:12Z,56.91,P2P,SUCCESS
tx_1460,acc_83,2025-05-19T10:30:40Z,131.97,WITHDRAWAL,FAILED
tx_1473,acc_83,2025-05-19T13:37:48Z,87.72,P2P,FAILED
tx_1472,acc_83,2025-05-20T03:51:30Z,155.48,DEPOSIT,SUCCESS
tx_1445,acc_83,2025-05-20T05:01:15Z,299.74,WITHDRAWAL,FAILED
tx_1447,acc_83,2025-05-20T16:13:47Z,299.96,P2P,SUCCESS
tx_1446,acc_83,2025-05-20T20:49:29Z,457.07,WITHDRAWAL,SUCCESS
tx_1466,acc_83,2025-05-22T10:43:34Z,425.49,DEPOSIT,FAILED
tx_1501,acc_84,2025-03-30T22:26:52Z,53.76,DEPOSIT,SUCCESS
tx_1498,acc_84,2025-04-06T10:39:01Z,406.14,P2P,SUCCESS
tx_1476,acc_84,2025-04-21T14:54:01Z,224.05,DEPOSIT,SUCCESS
tx_1481,acc_84,2025-04-26T21:12:29Z,41.67,DEPOSIT,SUCCESS
tx_1496,acc_84,2025-04-28T03:47:20Z,367.1,WITHDRAWAL,SUCCESS
tx_1484,acc_84,2025-05-04T04:13:50Z,87.13,P2P,FAILED
tx_1502,acc_84,2025-05-05T05:48:16Z,215.32,DEPOSIT,SUCCESS
tx_1483,acc_84,2025-05-06T08:05:11Z,47.29,DEPOSIT,SUCCESS
tx_1488,acc_84,2025-05-07T13:30:50Z,250.02,WITHDRAWAL,SUCCESS
tx_1487,acc_84,2025-05-07T18:50:04Z,403.41,P2P,SUCCESS
tx_1493,acc_84,2025-05-08T03:33:26Z,180.61,WITHDRAWAL,SUCCESS
tx_1482,acc_84,2025-05-08T17:06:58Z,69.42,P2P,SUCCESS
tx_1495,acc_84,2025-05-09T10:17:35Z,186.07,P2P,SUCCESS
tx_1499,acc_84,2025-05-09T12:41:55Z,111.72,P2P,SUCCESS
tx_1475,acc_84,2025-05-11T02:59:31Z,308.92,DEPOSIT,FAILED
tx_1494,acc_84,2025-05-11T06:02:04Z,477.09,DEPOSIT,FAILED
tx_1479,acc_84,2025-05-11T15:38:20Z,327.75,P2P,SUCCESS
tx_1500,acc_84,2025-05-11T23:02:02Z,304.51,DEPOSIT,SUCCESS
tx_1485,acc_84,2025-05-12T07:05:06Z,326.89,P2P,SUCCESS
tx_1497,acc_84,2025-05-12T09:32:22Z,161.06,P2P,FAILED
tx_1491,acc_84,2025-05-12T11:14:53Z,379.57,WITHDRAWAL,SUCCESS
tx_1486,acc_84,2025-05-12T11:17:26Z,424.06,DEPOSIT,SUCCESS
tx_1492,acc_84,2025-05-12T16:53:33Z,152.15,WITHDRAWAL,SUCCESS
tx_1490,acc_84,2025-05-13T08:38:55Z,74.59,WITHDRAWAL,SUCCESS
tx_1477,acc_84,2025-05-14T13:11:38Z,139.35,WITHDRAWAL,SUCCESS
tx_1478,acc_84,2025-05-15T15:19:17Z,56.07,P2P,SUCCESS
tx_1480,acc_84,2025-05-16T00:42:42Z,216.78,WITHDRAWAL,SUCCESS
tx_1489,acc_84,2025-05-16T05:24:52Z,353.7,DEPOSIT,SUCCESS
tx_1507,acc_85,2025-05-10T17:50:58Z,423.57,DEPOSIT,SUCCESS
tx_1508,acc_85,2025-05-11T09:43:05Z,141.07,WITHDRAWAL,FAILED
tx_1503,acc_85,2025-05-15T21:02:04Z,377.33,P2P,SUCCESS
tx_1505,acc_85,2025-05-16T18:53:59Z,315.29,WITHDRAWAL,SUCCESS
tx_1504,acc_85,2025-05-22T15:34:00Z,127.19,P2P,SUCCESS
tx_1506,acc_85,2025-05-23T20:03:29Z,422.48,WITHDRAWAL,SUCCESS
tx_1509,acc_85,2025-05-24T01:51:40Z,128.78,DEPOSIT,SUCCESS
tx_1517,acc_86,2025-04-14T09:45:02Z,275.95,P2P,SUCCESS
tx_1526,acc_86,2025-04-17T00:22:12Z,306.28,WITHDRAWAL,SUCCESS
tx_1523,acc_86,2025-04-23T18:21:50Z,209.72,WITHDRAWAL,SUCCESS
tx_1519,acc_86,2025-04-25T04:42:09Z,212.24,P2P,SUCCESS
tx_1530,acc_86,2025-04-30T17:01:32Z,28.57,WITHDRAWAL,SUCCESS
tx_1524,acc_86,2025-05-02T21:46:34Z,183.52,WITHDRAWAL,SUCCESS
tx_1528,acc_86,2025-05-09T00:32:00Z,383.81,WITHDRAWAL,SUCCESS
tx_1518,acc_86,2025-05-09T14:09:05Z,313.65,P2P,SUCCESS
tx_1533,acc_86,2025-05-09T23:52:37Z,192.32,DEPOSIT,SUCCESS
tx_1522,acc_86,2025-05-13T03:20:59Z,263.27,P2P,SUCCESS
tx_1531,acc_86,2025-05-13T17:17:54Z,28.01,WITHDRAWAL,SUCCESS
tx_1513,acc_86,2025-05-19T10:07:28Z,103.0,DEPOSIT,SUCCESS
tx_1516,acc_86,2025-05-20T22:32:12Z,110.25,DEPOSIT,FAILED
tx_1529,acc_86,2025-05-21T17:40:12Z,421.49,WITHDRAWAL,SUCCESS
tx_1527,acc_86,2025-05-23T05:19:14Z,154.93,P2P,SUCCESS
tx_1514,acc_86,2025-05-23T16:58:36Z,203.71,DEPOSIT,SUCCESS
tx_1511,acc_86,2025-05-24T15:13:54Z,277.37,DEPOSIT,SUCCESS
tx_1534,acc_86,2025-05-25T06:49:26Z,31.03,DEPOSIT,SUCCESS
tx_1510,acc_86,2025-05-26T10:49:24Z,289.45,DEPOSIT,SUCCESS
tx_1512,acc_86,2025-05-27T04:18:53Z,217.4,DEPOSIT,SUCCESS
tx_1521,acc_86,2025-05-27T07:29:53Z,289.83,DEPOSIT,SUCCESS
tx_1525,acc_86,2025-05-27T12:57:48Z,335.05,DEPOSIT,SUCCESS
tx_1532,acc_86,2025-05-27T21:18:21Z,44.92,WITHDRAWAL,FAILED
tx_1515,acc_86,2025-05-28T04:07:42Z,386.48,P2P,SUCCESS
tx_1520,acc_86,2025-05-28T05:45:19Z,318.45,DEPOSIT,SUCCESS
tx_1549,acc_87,2025-04-23T22:36:51Z,227.37,P2P,SUCCESS
tx_1542,acc_87,2025-04-24T09:30:24Z,72.74,WITHDRAWAL,SUCCESS
tx_1535,acc_87,2025-04-28T08:44:53Z,393.63,WITHDRAWAL,SUCCESS
tx_1540,acc_87,2025-05-02T10:03:59Z,77.54,WITHDRAWAL,SUCCESS
tx_1548,acc_87,2025-05-04T13:57:38Z,469.55,P2P,SUCCESS
tx_1551,acc_87,2025-05-04T23:24:35Z,499.21,DEPOSIT,SUCCESS
tx_1538,acc_87,2025-05-07T06:53:02Z,231.98,P2P,SUCCESS
tx_1560,acc_87,2025-05-09T14:48:41Z,215.66,P2P,SUCCESS
tx_1557,acc_87,2025-05-09T23:25:25Z,66.01,P2P,SUCCESS
tx_1564,acc_87,2025-05-12T10:43:27Z,427.21,DEPOSIT,SUCCESS
tx_1556,acc_87,2025-05-14T11:55:49Z,59.94,WITHDRAWAL,FAILED
tx_1562,acc_87,2025-05-16T12:22:30Z,361.72,DEPOSIT,SUCCESS
tx_1553,acc_87,2025-05-17T18:32:22Z,349.49,DEPOSIT,SUCCESS
tx_1544,acc_87,2025-05-17T23:52:40Z,195.83,DEPOSIT,SUCCESS
tx_1546,acc_87,2025-05-19T14:19:42Z,38.11,P2P,SUCCESS
tx_1563,acc_87,2025-05-19T23:59:25Z,39.2,DEPOSIT,SUCCESS
tx_1552,acc_87,2025-05-21T00:49:10Z,205.75,DEPOSIT,SUCCESS
tx_1545,acc_87,2025-05-22T16:59:13Z,113.0,WITHDRAWAL,FAILED
tx_1561,acc_87,2025-05-23T04:11:16Z,78.69,WITHDRAWAL,SUCCESS
tx_1565,acc_87,2025-05-23T14:33:37Z,144.25,WITHDRAWAL,SUCCESS
tx_1558,acc_87,2025-05-24T08:43:33Z,323.0,DEPOSIT,SUCCESS
tx_1559,acc_87,2025-05-25T13:49:25Z,313.82,P2P,SUCCESS
tx_1550,acc_87,2025-05-27T00:54:17Z,61.17,DEPOSIT,SUCCESS
tx_1537,acc_87,2025-05-27T06:54:01Z,303.61,DEPOSIT,SUCCESS
tx_1543,acc_87,2025-05-27T08:14:23Z,195.56,P2P,SUCCESS
tx_1541,acc_87,2025-05-27T11:02:09Z,430.71,P2P,SUCCESS
tx_1539,acc_87,2025-05-28T03:17:12Z,123.75,DEPOSIT,SUCCESS
tx_1547,acc_87,2025-05-28T07:41:15Z,378.1,DEPOSIT,SUCCESS
tx_1555,acc_87,2025-05-28T10:24:15Z,13.48,DEPOSIT,SUCCESS
tx_1536,acc_87,2025-05-28T16:54:20Z,192.01,DEPOSIT,SUCCESS
tx_1554,acc_87,2025-05-28T22:13:11Z,318.81,P2P,SUCCESS
tx_1567,acc_88,2025-03-23T11:02:44Z,140.56,DEPOSIT,SUCCESS
tx_1577,acc_88,2025-04-03T01:30:36Z,371.78,DEPOSIT,SUCCESS
tx_1581,acc_88,2025-04-04T22:34:58Z,396.37,WITHDRAWAL,FAILED
tx_1585,acc_88,2025-04-26T07:45:39Z,283.57,DEPOSIT,FAILED
tx_1571,acc_88,2025-04-26T10:46:48Z,156.91,P2P,SUCCESS
tx_1580,acc_88,2025-04-28T00:43:30Z,296.21,DEPOSIT,SUCCESS
tx_1568,acc_88,2025-04-30T08:53:07Z,47.72,WITHDRAWAL,SUCCESS
tx_1572,acc_88,2025-05-02T00:17:42Z,207.7,WITHDRAWAL,SUCCESS
tx_1573,acc_88,2025-05-02T10:41:13Z,416.35,DEPOSIT,SUCCESS
tx_1587,acc_88,2025-05-03T07:45:31Z,259.02,DEPOSIT,FAILED
tx_1570,acc_88,2025-05-03T14:57:34Z,198.92,WITHDRAWAL,SUCCESS
tx_1579,acc_88,2025-05-05T09:42:09Z,87.12,P2P,FAILED
tx_1576,acc_88,2025-05-05T20:33:57Z,292.7,DEPOSIT,SUCCESS
tx_1583,acc_88,2025-05-06T00:57:26Z,320.53,WITHDRAWAL,SUCCESS
tx_1574,acc_88,2025-05-07T23:27:26Z,382.19,DEPOSIT,FAILED
tx_1566,acc_88,2025-05-09T22:34:03Z,413.74,DEPOSIT,SUCCESS
tx_1575,acc_88,2025-05-11T09:47:26Z,447.07,P2P,FAILED
tx_1569,acc_88,2025-05-11T16:59:22Z,477.34,DEPOSIT,SUCCESS
tx_1586,acc_88,2025-05-12T15:17:49Z,353.35,WITHDRAWAL,SUCCESS
tx_1582,acc_88,2025-05-12T20:13:52Z,40.43,WITHDRAWAL,SUCCESS
tx_1578,acc_88,2025-05-13T05:31:34Z,67.13,WITHDRAWAL,SUCCESS
tx_1588,acc_88,2025-05-13T17:53:52Z,337.61,WITHDRAWAL,SUCCESS
tx_1584,acc_88,2025-05-13T19:55:20Z,236.55,DEPOSIT,SUCCESS
tx_1599,acc_89,2025-04-09T06:07:21Z,257.29,P2P,SUCCESS
tx_1597,acc_89,2025-04-24T12:35:54Z,248.54,WITHDRAWAL,SUCCESS
tx_1592,acc_89,2025-04-25T01:17:21Z,273.28,WITHDRAWAL,SUCCESS
tx_1604,acc_89,2025-04-28T14:59:46Z,256.15,P2P,SUCCESS
tx_1607,acc_89,2025-04-30T15:44:01Z,145.81,WITHDRAWAL,SUCCESS
tx_1590,acc_89,2025-05-04T20:13:02Z,110.32,WITHDRAWAL,SUCCESS
tx_1595,acc_89,2025-05-10T19:33:20Z,270.62,P2P,FAILED
tx_1594,acc_89,2025-05-11T02:14:36Z,45.79,WITHDRAWAL,SUCCESS
tx_1606,acc_89,2025-05-11T08:06:22Z,267.54,WITHDRAWAL,SUCCESS
tx_1605,acc_89,2025-05-12T22:02:45Z,468.92,WITHDRAWAL,SUCCESS
tx_1608,acc_89,2025-05-13T19:23:16Z,143.76,WITHDRAWAL,SUCCESS
tx_1600,acc_89,2025-05-15T11:40:40Z,249.95,DEPOSIT,SUCCESS
tx_1603,acc_89,2025-05-15T14:16:19Z,148.27,WITHDRAWAL,SUCCESS
tx_1591,acc_89,2025-05-16T03:18:00Z,266.14,P2P,SUCCESS
tx_1602,acc_89,2025-05-16T14:57:57Z,20.8,DEPOSIT,SUCCESS
tx_1593,acc_89,2025-05-17T08:15:25Z,192.88,DEPOSIT,SUCCESS
tx_1601,acc_89,2025-05-17T09:15:56Z,327.96,DEPOSIT,SUCCESS
tx_1589,acc_89,2025-05-17T22:48:52Z,280.13,WITHDRAWAL,SUCCESS
tx_1598,acc_89,2025-05-18T10:10:29Z,200.33,DEPOSIT,SUCCESS
tx_1596,acc_89,2025-05-18T12:44:34Z,274.41,P2P,SUCCESS
tx_1614,acc_90,2025-04-15T12:52:19Z,34.99,WITHDRAWAL,SUCCESS
tx_1613,acc_90,2025-04-16T19:44:29Z,31.65,DEPOSIT,SUCCESS
tx_1634,acc_90,2025-04-26T23:38:32Z,335.44,P2P,SUCCESS
tx_1620,acc_90,2025-04-28T14:40:25Z,364.98,DEPOSIT,SUCCESS
tx_1627,acc_90,2025-05-02T04:22:54Z,280.38,DEPOSIT,SUCCESS
tx_1611,acc_90,2025-05-09T05:24:37Z,77.94,DEPOSIT,SUCCESS
tx_1632,acc_90,2025-05-10T11:41:23Z,447.02,DEPOSIT,FAILED
tx_1622,acc_90,2025-05-14T00:04:14Z,444.5,WITHDRAWAL,SUCCESS
tx_1621,acc_90,2025-05-14T15:09:00Z,18.38,P2P,SUCCESS
tx_1618,acc_90,2025-05-14T17:38:26Z,217.6,DEPOSIT,SUCCESS
tx_1625,acc_90,2025-05-14T22:11:54Z,168.14,DEPOSIT,SUCCESS
tx_1630,acc_90,2025-05-16T17:43:59Z,61.47,DEPOSIT,FAILED
tx_1616,acc_90,2025-05-16T22:53:34Z,484.06,WITHDRAWAL,SUCCESS
tx_1623,acc_90,2025-05-16T23:51:42Z,490.29,P2P,SUCCESS
tx_1626,acc_90,2025-05-18T02:35:24Z,114.81,WITHDRAWAL,SUCCESS
tx_1617,acc_90,2025-05-18T02:36:01Z,162.96,WITHDRAWAL,FAILED
tx_1615,acc_90,2025-05-19T00:54:38Z,499.3,WITHDRAWAL,SUCCESS
tx_1610,acc_90,2025-05-19T09:13:43Z,103.39,P2P,SUCCESS
tx_1612,acc_90,2025-05-19T09:45:02Z,122.74,WITHDRAWAL,SUCCESS
tx_1629,acc_90,2025-05-19T12:47:15Z,100.55,WITHDRAWAL,SUCCESS
tx_1633,acc_90,2025-05-19T15:39:37Z,347.12,DEPOSIT,SUCCESS
tx_1609,acc_90,2025-05-19T21:03:31Z,485.79,DEPOSIT,SUCCESS
tx_1631,acc_90,2025-05-19T21:18:49Z,364.69,WITHDRAWAL,SUCCESS
tx_1628,acc_90,2025-05-19T23:02:16Z,125.82,P2P,SUCCESS
tx_1624,acc_90,2025-05-20T01:57:31Z,241.17,P2P,SUCCESS
tx_1619,acc_90,2025-05-20T06:22:18Z,302.89,WITHDRAWAL,SUCCESS
tx_1643,acc_91,2025-04-08T21:15:12Z,439.29,P2P,SUCCESS
tx_1657,acc_91,2025-04-24T09:30:29Z,356.24,DEPOSIT,SUCCESS
tx_1638,acc_91,2025-04-26T03:10:42Z,375.65,DEPOSIT,SUCCESS
tx_1659,acc_91,2025-04-26T15:01:24Z,36.96,P2P,SUCCESS
tx_1639,acc_91,2025-04-27T04:54:04Z,244.08,DEPOSIT,SUCCESS
tx_1651,acc_91,2025-04-28T11:40:11Z,226.76,P2P,SUCCESS
tx_1658,acc_91,2025-04-29T04:58:55Z,53.36,DEPOSIT,SUCCESS
tx_1655,acc_91,2025-04-29T14:27:49Z,139.96,P2P,SUCCESS
tx_1640,acc_91,2025-05-01T02:11:24Z,260.26,DEPOSIT,SUCCESS
tx_1637,acc_91,2025-05-03T07:19:51Z,334.11,WITHDRAWAL,SUCCESS
tx_1650,acc_91,2025-05-04T02:59:42Z,304.54,WITHDRAWAL,SUCCESS
tx_1644,acc_91,2025-05-04T22:46:55Z,142.28,DEPOSIT,SUCCESS
tx_1642,acc_91,2025-05-05T04:53:07Z,30.52,WITHDRAWAL,SUCCESS
tx_1641,acc_91,2025-05-07T06:22:34Z,203.1,DEPOSIT,SUCCESS
tx_1653,acc_91,2025-05-07T06:22:44Z,339.48,DEPOSIT,SUCCESS
tx_1652,acc_91,2025-05-08T02:56:49Z,275.69,DEPOSIT,FAILED
tx_1656,acc_91,2025-05-08T07:31:01Z,229.11,DEPOSIT,SUCCESS
tx_1645,acc_91,2025-05-10T03:22:38Z,293.3,DEPOSIT,SUCCESS
tx_1636,acc_91,2025-05-11T01:05:08Z,54.69,DEPOSIT,SUCCESS
tx_1649,acc_91,2025-05-11T02:37:01Z,477.44,P2P,SUCCESS
tx_1654,acc_91,2025-05-11T03:13:35Z,296.42,WITHDRAWAL,SUCCESS
tx_1635,acc_91,2025-05-11T18:44:52Z,303.53,P2P,SUCCESS
tx_1647,acc_91,2025-05-13T07:50:52Z,490.0,DEPOSIT,SUCCESS
tx_1646,acc_91,2025-05-14T13:09:59Z,413.53,DEPOSIT,SUCCESS
tx_1648,acc_91,2025-05-14T19:59:48Z,28.87,P2P,SUCCESS
tx_1671,acc_92,2025-04-19T09:23:29Z,51.45,DEPOSIT,SUCCESS
tx_1661,acc_92,2025-04-26T01:46:34Z,464.93,DEPOSIT,SUCCESS
tx_1674,acc_92,2025-05-12T05:48:33Z,255.7,WITHDRAWAL,SUCCESS
tx_1683,acc_92,2025-05-13T10:11:31Z,150.69,DEPOSIT,SUCCESS
tx_1680,acc_92,2025-05-15T19:50:09Z,437.3,P2P,SUCCESS
tx_1660,acc_92,2025-05-18T15:55:52Z,51.93,WITHDRAWAL,SUCCESS
tx_1667,acc_92,2025-05-18T17:24:43Z,347.97,DEPOSIT,SUCCESS
tx_1684,acc_92,2025-05-18T20:06:12Z,324.85,P2P,SUCCESS
tx_1670,acc_92,2025-05-19T11:11:23Z,412.45,DEPOSIT,SUCCESS
tx_1681,acc_92,2025-05-19T15:02:47Z,352.56,P2P,SUCCESS
tx_1663,acc_92,2025-05-20T02:45:22Z,380.36,WITHDRAWAL,SUCCESS
tx_1666,acc_92,2025-05-20T12:35:40Z,308.1,DEPOSIT,SUCCESS
tx_1669,acc_92,2025-05-20T16:28:29Z,131.72,DEPOSIT,SUCCESS
tx_1668,acc_92,2025-05-20T18:13:43Z,448.55,P2P,SUCCESS
tx_1677,acc_92,2025-05-20T23:20:43Z,114.83,DEPOSIT,SUCCESS
tx_1675,acc_92,2025-05-20T23:46:51Z,10.34,WITHDRAWAL,SUCCESS
tx_1664,acc_92,2025-05-22T13:42:38Z,237.3,DEPOSIT,SUCCESS
tx_1685,acc_92,2025-05-23T16:18:07Z,28.73,DEPOSIT,SUCCESS
tx_1682,acc_92,2025-05-23T17:30:48Z,222.87,DEPOSIT,SUCCESS
tx_1679,acc_92,2025-05-24T11:32:29Z,119.43,P2P,SUCCESS
tx_1665,acc_92,2025-05-24T16:38:45Z,259.1,DEPOSIT,SUCCESS
tx_1662,acc_92,2025-05-25T06:19:26Z,425.88,DEPOSIT,SUCCESS
tx_1673,acc_92,2025-05-25T16:25:18Z,22.91,DEPOSIT,FAILED
tx_1678,acc_92,2025-05-26T03:53:42Z,293.28,P2P,FAILED
tx_1676,acc_92,2025-05-26T05:09:44Z,169.48,P2P,SUCCESS
tx_1672,acc_92,2025-05-26T05:55:55Z,128.0,P2P,SUCCESS
tx_1707,acc_93,2025-04-07T21:00:14Z,384.16,P2P,SUCCESS
tx_1701,acc_93,2025-04-10T03:24:38Z,219.98,DEPOSIT,SUCCESS
tx_1693,acc_93,2025-04-25T14:59:12Z,44.62,DEPOSIT,FAILED
tx_1697,acc_93,2025-04-26T22:19:24Z,229.52,DEPOSIT,SUCCESS
tx_1687,acc_93,2025-04-27T22:35:50Z,406.71,WITHDRAWAL,SUCCESS
tx_1690,acc_93,2025-04-29T10:36:26Z,350.77,WITHDRAWAL,SUCCESS
tx_1696,acc_93,2025-05-08T11:31:51Z,334.67,DEPOSIT,SUCCESS
tx_1695,acc_93,2025-05-11T14:07:34Z,165.4,DEPOSIT,SUCCESS
tx_1703,acc_93,2025-05-11T15:38:10Z,148.15,P2P,SUCCESS
tx_1699,acc_93,2025-05-11T19:17:04Z,78.52,DEPOSIT,SUCCESS
tx_1694,acc_93,2025-05-11T21:11:44Z,96.28,DEPOSIT,SUCCESS
tx_1702,acc_93,2025-05-12T02:16:29Z,478.19,P2P,SUCCESS
tx_1692,acc_93,2025-05-12T06:10:33Z,317.95,WITHDRAWAL,SUCCESS
tx_1700,acc_93,2025-05-12T14:13:26Z,43.98,WITHDRAWAL,SUCCESS
tx_1686,acc_93,2025-05-13T19:12:59Z,22.08,WITHDRAWAL,SUCCESS
tx_1705,acc_93,2025-05-14T03:19:23Z,322.5,DEPOSIT,SUCCESS
tx_1688,acc_93,2025-05-14T09:40:22Z,423.6,P2P,SUCCESS
tx_1689,acc_93,2025-05-15T18:45:45Z,468.45,DEPOSIT,SUCCESS
tx_1704,acc_93,2025-05-17T01:37:50Z,296.59,DEPOSIT,SUCCESS
tx_1706,acc_93,2025-05-17T11:24:37Z,287.48,DEPOSIT,SUCCESS
tx_1698,acc_93,2025-05-17T13:18:38Z,8.22,DEPOSIT,SUCCESS
tx_1691,acc_93,2025-05-18T01:16:11Z,48.69,DEPOSIT,SUCCESS
tx_1708,acc_94,2025-04-03T15:03:39Z,405.04,P2P,SUCCESS
tx_1711,acc_94,2025-04-19T13:33:24Z,88.39,P2P,FAILED
tx_1720,acc_94,2025-04-20T11:31:51Z,20.83,WITHDRAWAL,FAILED
tx_1718,acc_94,2025-04-24T10:17:01Z,447.69,WITHDRAWAL,SUCCESS
tx_1715,acc_94,2025-04-25T05:04:27Z,368.16,DEPOSIT,SUCCESS
tx_1712,acc_94,2025-04-27T07:29:35Z,405.24,DEPOSIT,SUCCESS
tx_1717,acc_94,2025-04-28T22:14:19Z,152.67,DEPOSIT,SUCCESS
tx_1713,acc_94,2025-05-01T22:37:55Z,191.88,DEPOSIT,SUCCESS
tx_1716,acc_94,2025-05-02T23:58:14Z,297.95,P2P,SUCCESS
tx_1714,acc_94,2025-05-03T16:36:04Z,121.33,WITHDRAWAL,FAILED
tx_1719,acc_94,2025-05-04T01:09:27Z,323.94,DEPOSIT,SUCCESS
tx_1725,acc_94,2025-05-04T17:24:06Z,72.07,WITHDRAWAL,SUCCESS
tx_1722,acc_94,2025-05-05T12:04:33Z,109.75,WITHDRAWAL,SUCCESS
tx_1723,acc_94,2025-05-06T12:17:29Z,296.93,WITHDRAWAL,FAILED
tx_1709,acc_94,2025-05-07T06:38:44Z,169.19,DEPOSIT,SUCCESS
tx_1724,acc_94,2025-05-07T15:30:13Z,303.8,P2P,SUCCESS
tx_1721,acc_94,2025-05-08T23:38:14Z,414.05,DEPOSIT,SUCCESS
tx_1710,acc_94,2025-05-09T04:35:40Z,399.24,WITHDRAWAL,SUCCESS
tx_1734,acc_95,2025-03-30T16:58:39Z,378.75,DEPOSIT,SUCCESS
tx_1727,acc_95,2025-04-11T09:37:43Z,42.08,DEPOSIT,SUCCESS
tx_1733,acc_95,2025-04-19T09:30:27Z,48.15,WITHDRAWAL,FAILED
tx_1736,acc_95,2025-04-24T21:52:06Z,57.8,P2P,SUCCESS
tx_1735,acc_95,2025-04-30T00:46:11Z,429.3,DEPOSIT,SUCCESS
tx_1731,acc_95,2025-05-02T13:03:22Z,171.63,P2P,SUCCESS
tx_1726,acc_95,2025-05-05T02:46:14Z,438.86,WITHDRAWAL,SUCCESS
tx_1729,acc_95,2025-05-08T22:28:57Z,330.8,WITHDRAWAL,SUCCESS
tx_1730,acc_95,2025-05-10T20:21:33Z,220.23,WITHDRAWAL,SUCCESS
tx_1732,acc_95,2025-05-13T14:52:56Z,345.18,P2P,SUCCESS
tx_1728,acc_95,2025-05-16T01:54:09Z,231.95,DEPOSIT,SUCCESS
tx_1738,acc_96,2025-03-26T02:39:48Z,150.68,P2P,FAILED
tx_1753,acc_96,2025-04-21T17:00:54Z,48.15,WITHDRAWAL,SUCCESS
tx_1740,acc_96,2025-04-28T22:38:26Z,416.72,P2P,SUCCESS
tx_1750,acc_96,2025-05-06T03:53:08Z,19.34,P2P,SUCCESS
tx_1754,acc_96,2025-05-07T15:27:02Z,34.85,WITHDRAWAL,SUCCESS
tx_1745,acc_96,2025-05-07T22:28:42Z,62.7,WITHDRAWAL,SUCCESS
tx_1746,acc_96,2025-05-09T16:44:34Z,187.94,P2P,SUCCESS
tx_1752,acc_96,2025-05-10T16:33:17Z,10.93,DEPOSIT,SUCCESS
tx_1737,acc_96,2025-05-11T03:57:51Z,146.07,WITHDRAWAL,SUCCESS
tx_1744,acc_96,2025-05-12T12:22:31Z,378.2,DEPOSIT,FAILED
tx_1743,acc_96,2025-05-15T06:26:52Z,180.95,DEPOSIT,FAILED
tx_1749,acc_96,2025-05-15T23:42:54Z,366.13,WITHDRAWAL,SUCCESS
tx_1742,acc_96,2025-05-16T01:19:38Z,425.79,P2P,SUCCESS
tx_1751,acc_96,2025-05-16T07:09:42Z,427.79,P2P,FAILED
tx_1755,acc_96,2025-05-17T16:35:52Z,185.54,WITHDRAWAL,SUCCESS
tx_1748,acc_96,2025-05-18T04:18:44Z,298.63,DEPOSIT,SUCCESS
tx_1747,acc_96,2025-05-18T21:30:42Z,8.14,P2P,SUCCESS
tx_1741,acc_96,2025-05-19T02:41:49Z,244.69,P2P,SUCCESS
tx_1739,acc_96,2025-05-19T10:55:39Z,39.54,WITHDRAWAL,SUCCESS
tx_1763,acc_97,2025-04-10T11:58:04Z,72.25,DEPOSIT,SUCCESS
tx_1764,acc_97,2025-04-15T09:55:54Z,92.27,P2P,SUCCESS
tx_1758,acc_97,2025-04-20T03:27:41Z,45.6,WITHDRAWAL,SUCCESS
tx_1761,acc_97,2025-04-23T21:17:16Z,427.86,DEPOSIT,SUCCESS
tx_1756,acc_97,2025-04-25T12:13:56Z,189.86,P2P,FAILED
tx_1765,acc_97,2025-04-29T10:57:42Z,31.93,WITHDRAWAL,SUCCESS
tx_1766,acc_97,2025-04-29T11:33:31Z,390.14,P2P,SUCCESS
tx_1757,acc_97,2025-05-03T16:12:43Z,178.13,P2P,SUCCESS
tx_1767,acc_97,2025-05-10T12:59:41Z,330.04,WITHDRAWAL,SUCCESS
tx_1759,acc_97,2025-05-11T11:39:04Z,158.53,WITHDRAWAL,SUCCESS
tx_1760,acc_97,2025-05-13T00:48:20Z,124.81,WITHDRAWAL,SUCCESS
tx_1762,acc_97,2025-05-13T11:10:32Z,75.2,DEPOSIT,SUCCESS
tx_1800,acc_98,2025-04-03T11:20:16Z,400.84,DEPOSIT,SUCCESS
tx_1777,acc_98,2025-05-04T23:06:45Z,154.85,P2P,SUCCESS
tx_1799,acc_98,2025-05-06T06:08:21Z,435.7,P2P,SUCCESS
tx_1801,acc_98,2025-05-08T21:06:55Z,153.02,DEPOSIT,SUCCESS
tx_1798,acc_98,2025-05-10T03:49:24Z,267.65,DEPOSIT,SUCCESS
tx_1797,acc_98,2025-05-10T10:26:44Z,418.48,P2P,SUCCESS
tx_1783,acc_98,2025-05-10T10:43:18Z,64.09,WITHDRAWAL,SUCCESS
tx_1779,acc_98,2025-05-11T06:58:51Z,231.18,DEPOSIT,SUCCESS
tx_1773,acc_98,2025-05-11T14:40:53Z,420.8,P2P,SUCCESS
tx_1803,acc_98,2025-05-14T19:52:31Z,435.73,DEPOSIT,FAILED
tx_1795,acc_98,2025-05-15T04:59:05Z,292.28,DEPOSIT,SUCCESS
tx_1791,acc_98,2025-05-15T23:42:42Z,6.44,DEPOSIT,SUCCESS
tx_1772,acc_98,2025-05-16T23:39:08Z,168.2,WITHDRAWAL,SUCCESS
tx_1771,acc_98,2025-05-18T10:41:30Z,320.51,P2P,SUCCESS
tx_1775,acc_98,2025-05-19T13:14:51Z,448.12,DEPOSIT,FAILED
tx_1790,acc_98,2025-05-19T14:33:40Z,13.38,DEPOSIT,SUCCESS
tx_1784,acc_98,2025-05-20T02:14:59Z,299.55,WITHDRAWAL,SUCCESS
tx_1780,acc_98,2025-05-20T07:41:13Z,209.32,P2P,SUCCESS
tx_1789,acc_98,2025-05-20T23:25:26Z,259.54,WITHDRAWAL,SUCCESS
tx_1792,acc_98,2025-05-21T06:28:20Z,483.68,DEPOSIT,SUCCESS
tx_1796,acc_98,2025-05-22T00:19:17Z,318.87,DEPOSIT,SUCCESS
tx_1785,acc_98,2025-05-22T05:59:21Z,428.15,P2P,SUCCESS
tx_1787,acc_98,2025-05-22T07:19:10Z,487.5,DEPOSIT,SUCCESS
tx_1786,acc_98,2025-05-22T16:33:47Z,444.39,WITHDRAWAL,SUCCESS
tx_1802,acc_98,2025-05-23T23:12:57Z,143.14,DEPOSIT,SUCCESS
tx_1768,acc_98,2025-05-23T23:27:21Z,466.25,P2P,SUCCESS
tx_1793,acc_98,2025-05-24T01:02:16Z,124.36,DEPOSIT,SUCCESS
tx_1794,acc_98,2025-05-24T11:17:16Z,150.92,WITHDRAWAL,FAILED
tx_1788,acc_98,2025-05-24T11:55:15Z,411.85,WITHDRAWAL,SUCCESS
tx_1782,acc_98,2025-05-25T07:56:16Z,144.36,WITHDRAWAL,SUCCESS
tx_1778,acc_98,2025-05-25T22:41:40Z,227.8,P2P,SUCCESS
tx_1781,acc_98,2025-05-26T10:16:47Z,44.47,DEPOSIT,SUCCESS
tx_1776,acc_98,2025-05-26T13:54:03Z,281.42,WITHDRAWAL,SUCCESS
tx_1774,acc_98,2025-05-27T00:56:52Z,348.37,WITHDRAWAL,SUCCESS
tx_1769,acc_98,2025-05-27T01:38:33Z,432.81,DEPOSIT,SUCCESS
tx_1770,acc_98,2025-05-27T08:59:56Z,53.48,WITHDRAWAL,FAILED
tx_1805,acc_99,2025-04-05T01:43:22Z,461.11,WITHDRAWAL,FAILED
tx_1812,acc_99,2025-04-06T05:08:35Z,213.52,DEPOSIT,SUCCESS
tx_1818,acc_99,2025-05-03T04:19:23Z,456.8,P2P,SUCCESS
tx_1811,acc_99,2025-05-04T00:02:31Z,374.49,WITHDRAWAL,SUCCESS
tx_1816,acc_99,2025-05-04T03:09:33Z,48.2,DEPOSIT,SUCCESS
tx_1817,acc_99,2025-05-04T06:55:28Z,367.51,WITHDRAWAL,SUCCESS
tx_1806,acc_99,2025-05-07T10:56:11Z,79.56,DEPOSIT,SUCCESS
tx_1810,acc_99,2025-05-07T17:38:47Z,226.2,WITHDRAWAL,FAILED
tx_1813,acc_99,2025-05-09T12:30:51Z,395.04,WITHDRAWAL,SUCCESS
tx_1814,acc_99,2025-05-13T15:29:39Z,264.56,P2P,SUCCESS
tx_1815,acc_99,2025-05-13T15:55:34Z,225.15,WITHDRAWAL,SUCCESS
tx_1804,acc_99,2025-05-14T18:36:08Z,224.51,P2P,SUCCESS
tx_1809,acc_99,2025-05-14T19:21:24Z,212.42,WITHDRAWAL,SUCCESS
tx_1807,acc_99,2025-05-16T17:13:15Z,349.46,WITHDRAWAL,SUCCESS
tx_1808,acc_99,2025-05-17T05:28:39Z,41.71,WITHDRAWAL,SUCCESS
tx_1819,acc_100,2025-04-21T16:28:09Z,429.4,WITHDRAWAL,SUCCESS
tx_1825,acc_100,2025-05-01T22:17:44Z,167.27,WITHDRAWAL,SUCCESS
tx_1832,acc_100,2025-05-04T07:25:56Z,86.28,WITHDRAWAL,SUCCESS
tx_1826,acc_100,2025-05-07T23:00:34Z,247.98,WITHDRAWAL,SUCCESS
tx_1829,acc_100,2025-05-10T19:31:29Z,284.86,DEPOSIT,SUCCESS
tx_1828,acc_100,2025-05-14T15:28:53Z,416.97,DEPOSIT,SUCCESS
tx_1823,acc_100,2025-05-14T22:15:57Z,67.74,WITHDRAWAL,SUCCESS
tx_1830,acc_100,2025-05-15T00:02:22Z,216.97,DEPOSIT,SUCCESS
tx_1824,acc_100,2025-05-16T07:42:01Z,354.08,DEPOSIT,FAILED
tx_1827,acc_100,2025-05-16T21:24:24Z,241.82,DEPOSIT,SUCCESS
tx_1821,acc_100,2025-05-17T21:41:33Z,54.2,P2P,SUCCESS
tx_1831,acc_100,2025-05-20T14:42:19Z,358.49,DEPOSIT,FAILED
tx_1822,acc_100,2025-05-21T15:02:11Z,51.28,WITHDRAWAL,SUCCESS
tx_1820,acc_100,2025-05-23T05:01:25Z,234.99,P2P,SUCCESS
