event_id,user_id,timestamp,event_type,session_hash
evt_1,usr_1,2026-07-17T05:36:11Z,login,hash_4734
evt_2,usr_1,2026-08-03T10:35:38Z,export,hash_8674
evt_3,usr_1,2026-08-01T07:34:13Z,feature_a,hash_5040
evt_4,usr_1,2026-08-01T11:58:57Z,export,hash_4572
evt_5,usr_1,2026-07-28T20:18:38Z,login,hash_7074
evt_6,usr_1,2026-08-01T18:27:45Z,export,hash_4077
evt_7,usr_1,2026-07-29T23:16:09Z,login,hash_2073
evt_8,usr_1,2026-07-08T17:42:17Z,login,hash_6173
evt_9,usr_1,2026-08-01T10:30:46Z,feature_a,hash_4096
evt_10,usr_1,2026-08-03T09:31:52Z,login,hash_2209
evt_11,usr_1,2026-08-05T08:04:18Z,login,hash_3716
evt_12,usr_1,2026-07-19T04:52:48Z,login,hash_5079
evt_13,usr_1,2026-08-04T18:00:04Z,logout,hash_9660
evt_14,usr_1,2026-07-25T15:20:25Z,login,hash_7766
evt_15,usr_1,2026-07-27T23:35:54Z,login,hash_6043
evt_16,usr_1,2026-07-12T19:46:50Z,feature_a,hash_3927
evt_17,usr_1,2026-07-27T11:12:08Z,feature_a,hash_6578
evt_18,usr_2,2026-08-20T07:18:52Z,login,hash_3172
evt_19,usr_2,2026-08-12T09:20:11Z,login,hash_1545
evt_20,usr_2,2026-08-21T18:58:13Z,feature_b,hash_6052
evt_21,usr_2,2026-08-22T05:13:47Z,feature_a,hash_9548
evt_22,usr_2,2026-08-18T21:19:25Z,export,hash_9951
evt_23,usr_2,2026-06-30T08:35:11Z,feature_b,hash_5232
evt_24,usr_2,2026-08-17T06:57:00Z,login,hash_2666
evt_25,usr_2,2026-08-06T10:50:14Z,logout,hash_8015
evt_26,usr_2,2026-08-07T04:31:06Z,login,hash_5614
evt_27,usr_2,2026-06-06T00:35:45Z,login,hash_1461
evt_28,usr_2,2026-08-23T12:24:48Z,feature_a,hash_3214
evt_29,usr_2,2026-08-19T19:22:38Z,login,hash_1427
evt_30,usr_2,2026-08-19T06:55:37Z,login,hash_1458
evt_31,usr_2,2026-08-22T19:12:27Z,feature_b,hash_5043
evt_32,usr_2,2026-08-23T01:13:50Z,login,hash_2862
evt_33,usr_2,2026-08-22T00:05:13Z,login,hash_3609
evt_34,usr_2,2026-08-11T07:23:05Z,login,hash_2008
evt_35,usr_2,2026-08-18T23:48:09Z,feature_a,hash_1263
evt_36,usr_2,2026-08-15T11:38:53Z,feature_b,hash_3997
evt_37,usr_2,2026-08-17T09:37:09Z,login,hash_3060
evt_38,usr_2,2026-08-17T08:08:13Z,feature_a,hash_3902
evt_39,usr_2,2026-08-17T20:38:05Z,login,hash_7694
evt_40,usr_2,2026-08-19T19:44:54Z,login,hash_3976
evt_41,usr_2,2026-08-01T14:40:44Z,feature_b,hash_2722
evt_42,usr_2,2026-08-23T03:52:12Z,login,hash_2353
evt_43,usr_2,2026-08-07T07:12:31Z,login,hash_9395
evt_44,usr_2,2026-08-22T21:43:59Z,login,hash_2694
evt_45,usr_2,2026-08-13T10:09:18Z,login,hash_1799
evt_46,usr_2,2026-07-28T03:25:12Z,export,hash_6122
evt_47,usr_2,2026-08-23T23:53:52Z,export,hash_5798
evt_48,usr_3,2026-07-01T02:20:19Z,login,hash_7955
evt_49,usr_3,2026-07-10T19:29:03Z,feature_a,hash_9713
evt_50,usr_3,2026-07-21T14:31:06Z,export,hash_6430
evt_51,usr_3,2026-07-20T19:41:04Z,feature_b,hash_2016
evt_52,usr_3,2026-07-20T04:54:39Z,feature_a,hash_6406
evt_53,usr_3,2026-07-22T15:37:51Z,login,hash_8756
evt_54,usr_3,2026-07-22T21:06:19Z,login,hash_1268
evt_55,usr_3,2026-07-23T07:27:06Z,feature_b,hash_8606
evt_56,usr_3,2026-07-07T21:45:11Z,login,hash_7372
evt_57,usr_3,2026-07-03T18:18:23Z,feature_a,hash_3126
evt_58,usr_3,2026-07-23T05:22:51Z,feature_b,hash_2134
evt_59,usr_3,2026-07-23T19:59:46Z,feature_a,hash_2092
evt_60,usr_3,2026-07-25T01:23:25Z,login,hash_9924
evt_61,usr_4,2026-08-18T15:08:32Z,export,hash_1819
evt_62,usr_4,2026-08-10T16:44:51Z,feature_b,hash_8922
evt_63,usr_4,2026-08-20T09:22:52Z,login,hash_5024
evt_64,usr_4,2026-08-21T01:23:38Z,feature_b,hash_6350
evt_65,usr_4,2026-08-14T11:36:36Z,login,hash_1467
evt_66,usr_4,2026-08-21T10:24:38Z,export,hash_6360
evt_67,usr_4,2026-08-21T06:48:27Z,feature_b,hash_2667
evt_68,usr_4,2026-08-09T01:14:16Z,feature_b,hash_5981
evt_69,usr_4,2026-08-19T05:03:36Z,feature_a,hash_3408
evt_70,usr_4,2026-08-07T21:50:39Z,feature_a,hash_7825
evt_71,usr_4,2026-08-05T15:16:01Z,login,hash_1316
evt_72,usr_4,2026-08-12T09:30:31Z,feature_a,hash_8163
evt_73,usr_4,2026-08-20T20:23:15Z,export,hash_6916
evt_74,usr_4,2026-08-15T14:14:42Z,login,hash_4554
evt_75,usr_4,2026-08-07T18:43:44Z,login,hash_7137
evt_76,usr_4,2026-06-08T23:04:44Z,logout,hash_2795
evt_77,usr_4,2026-08-17T00:31:11Z,feature_a,hash_8919
evt_78,usr_4,2026-08-06T18:17:46Z,login,hash_7600
evt_79,usr_4,2026-08-10T22:38:57Z,feature_b,hash_6874
evt_80,usr_4,2026-08-07T14:26:05Z,feature_a,hash_7579
evt_81,usr_4,2026-08-20T14:45:36Z,logout,hash_7294
evt_82,usr_4,2026-08-15T00:01:32Z,login,hash_8789
evt_83,usr_4,2026-08-15T05:34:25Z,feature_b,hash_5101
evt_84,usr_4,2026-08-02T07:29:02Z,login,hash_1208
evt_85,usr_4,2026-08-18T06:51:23Z,export,hash_6658
evt_86,usr_4,2026-08-13T10:42:34Z,feature_b,hash_4551
evt_87,usr_4,2026-08-20T07:49:02Z,feature_a,hash_1091
evt_88,usr_4,2026-07-18T10:24:57Z,feature_a,hash_6415
evt_89,usr_4,2026-08-19T21:52:48Z,login,hash_4263
evt_90,usr_4,2026-08-19T22:15:16Z,login,hash_4546
evt_91,usr_4,2026-08-20T23:29:28Z,login,hash_1213
evt_92,usr_4,2026-08-16T17:26:51Z,login,hash_9593
evt_93,usr_4,2026-07-13T07:05:49Z,export,hash_4094
evt_94,usr_4,2026-08-21T10:47:38Z,login,hash_3502
evt_95,usr_4,2026-08-17T10:58:05Z,feature_a,hash_5091
evt_96,usr_4,2026-08-22T00:56:14Z,feature_a,hash_3334
evt_97,usr_4,2026-08-05T08:21:48Z,feature_b,hash_7060
evt_98,usr_4,2026-08-15T21:01:27Z,login,hash_5459
evt_99,usr_4,2026-08-15T21:03:42Z,feature_b,hash_3714
evt_100,usr_5,2026-08-15T08:36:26Z,logout,hash_9860
evt_101,usr_5,2026-08-28T22:12:10Z,login,hash_9470
evt_102,usr_5,2026-08-26T05:05:03Z,login,hash_3739
evt_103,usr_5,2026-08-22T04:21:22Z,feature_b,hash_4622
evt_104,usr_5,2026-08-26T02:23:09Z,login,hash_5880
evt_105,usr_5,2026-08-27T18:04:05Z,export,hash_4374
evt_106,usr_5,2026-07-30T23:56:00Z,login,hash_6257
evt_107,usr_5,2026-08-20T18:34:01Z,feature_a,hash_1998
evt_108,usr_5,2026-07-30T05:47:59Z,login,hash_7839
evt_109,usr_5,2026-08-16T04:46:06Z,login,hash_3095
evt_110,usr_5,2026-08-28T12:29:09Z,login,hash_9064
evt_111,usr_5,2026-08-09T07:20:29Z,login,hash_6855
evt_112,usr_5,2026-08-29T04:43:56Z,login,hash_4721
evt_113,usr_5,2026-08-21T20:15:11Z,export,hash_6168
evt_114,usr_5,2026-08-21T19:50:10Z,feature_a,hash_8870
evt_115,usr_5,2026-08-22T05:29:47Z,login,hash_3664
evt_116,usr_5,2026-08-15T04:29:08Z,export,hash_2451
evt_117,usr_5,2026-08-08T12:32:22Z,feature_a,hash_3539
evt_118,usr_5,2026-08-26T15:13:21Z,feature_a,hash_5414
evt_119,usr_5,2026-08-20T07:51:29Z,login,hash_4237
evt_120,usr_5,2026-08-09T06:41:54Z,login,hash_2130
evt_121,usr_5,2026-08-23T18:44:49Z,login,hash_2479
evt_122,usr_5,2026-08-29T05:54:33Z,login,hash_3278
evt_123,usr_5,2026-08-03T14:43:35Z,login,hash_9237
evt_124,usr_5,2026-08-20T17:22:38Z,feature_a,hash_6472
evt_125,usr_5,2026-08-25T21:59:55Z,login,hash_8556
evt_126,usr_5,2026-08-21T16:44:55Z,feature_b,hash_9896
evt_127,usr_5,2026-08-17T06:59:22Z,login,hash_8457
evt_128,usr_5,2026-08-24T17:26:30Z,login,hash_9285
evt_129,usr_5,2026-08-28T10:43:17Z,feature_b,hash_6917
evt_130,usr_5,2026-08-25T09:00:24Z,feature_b,hash_6603
evt_131,usr_5,2026-08-22T10:27:02Z,logout,hash_5778
evt_132,usr_5,2026-08-15T04:39:03Z,login,hash_4941
evt_133,usr_5,2026-07-15T13:56:16Z,login,hash_4577
evt_134,usr_6,2026-08-09T06:10:59Z,login,hash_2370
evt_135,usr_6,2026-07-22T23:32:24Z,login,hash_4725
evt_136,usr_6,2026-08-06T17:17:06Z,feature_b,hash_7534
evt_137,usr_6,2026-08-06T10:05:09Z,feature_a,hash_6524
evt_138,usr_6,2026-08-06T18:37:13Z,login,hash_9549
evt_139,usr_6,2026-08-10T23:19:40Z,export,hash_6252
evt_140,usr_6,2026-08-07T19:33:49Z,export,hash_1362
evt_141,usr_6,2026-08-10T07:27:53Z,logout,hash_5075
evt_142,usr_6,2026-07-21T06:16:20Z,login,hash_5782
evt_143,usr_6,2026-08-09T05:29:51Z,login,hash_7611
evt_144,usr_6,2026-08-06T19:59:57Z,feature_a,hash_7645
evt_145,usr_7,2026-07-30T15:22:32Z,feature_a,hash_2705
evt_146,usr_7,2026-08-21T20:02:03Z,feature_a,hash_6822
evt_147,usr_7,2026-08-22T19:53:27Z,login,hash_8444
evt_148,usr_7,2026-08-16T03:41:20Z,feature_b,hash_1825
evt_149,usr_7,2026-08-01T07:22:38Z,login,hash_8985
evt_150,usr_7,2026-08-21T15:18:47Z,feature_b,hash_3938
evt_151,usr_7,2026-08-02T23:18:59Z,login,hash_9217
evt_152,usr_7,2026-08-23T14:56:04Z,login,hash_7009
evt_153,usr_7,2026-08-20T10:06:25Z,login,hash_3529
evt_154,usr_7,2026-08-08T01:08:48Z,login,hash_7071
evt_155,usr_7,2026-08-17T18:19:57Z,feature_b,hash_7921
evt_156,usr_7,2026-08-14T06:20:41Z,login,hash_9575
evt_157,usr_7,2026-08-09T23:02:38Z,login,hash_7461
evt_158,usr_7,2026-08-12T20:57:53Z,feature_b,hash_9784
evt_159,usr_7,2026-08-23T07:02:40Z,feature_a,hash_7306
evt_160,usr_7,2026-08-06T16:04:36Z,feature_a,hash_8875
evt_161,usr_7,2026-07-25T21:53:26Z,export,hash_3952
evt_162,usr_7,2026-08-17T04:51:10Z,feature_a,hash_3899
evt_163,usr_7,2026-08-16T18:40:56Z,login,hash_8281
evt_164,usr_7,2026-08-01T20:43:43Z,logout,hash_3197
evt_165,usr_7,2026-08-12T04:36:44Z,logout,hash_1188
evt_166,usr_7,2026-08-17T22:32:38Z,feature_b,hash_7704
evt_167,usr_7,2026-08-21T08:51:50Z,feature_a,hash_7297
evt_168,usr_7,2026-08-06T03:16:51Z,login,hash_3161
evt_169,usr_7,2026-08-15T18:03:32Z,feature_a,hash_4262
evt_170,usr_7,2026-08-21T12:26:49Z,export,hash_4689
evt_171,usr_7,2026-08-14T23:05:27Z,login,hash_4293
evt_172,usr_7,2026-08-19T03:51:40Z,feature_b,hash_1067
evt_173,usr_7,2026-08-07T11:13:38Z,login,hash_7298
evt_174,usr_7,2026-08-19T11:08:12Z,login,hash_7968
evt_175,usr_7,2026-08-19T18:37:00Z,feature_a,hash_4609
evt_176,usr_7,2026-08-17T09:38:39Z,logout,hash_6576
evt_177,usr_7,2026-08-22T22:38:30Z,login,hash_6296
evt_178,usr_8,2026-08-12T18:34:01Z,login,hash_8962
evt_179,usr_8,2026-07-28T22:52:25Z,login,hash_2401
evt_180,usr_8,2026-08-13T09:22:05Z,feature_a,hash_4811
evt_181,usr_8,2026-08-05T12:57:51Z,feature_b,hash_1011
evt_182,usr_8,2026-08-16T16:19:22Z,feature_b,hash_9927
evt_183,usr_8,2026-08-08T00:14:19Z,login,hash_3672
evt_184,usr_8,2026-08-12T20:42:59Z,login,hash_5150
evt_185,usr_8,2026-08-15T01:30:10Z,login,hash_3913
evt_186,usr_8,2026-08-05T11:02:57Z,export,hash_8086
evt_187,usr_8,2026-08-07T03:09:04Z,login,hash_3116
evt_188,usr_8,2026-07-21T18:42:31Z,feature_a,hash_7738
evt_189,usr_8,2026-07-28T22:20:59Z,login,hash_6128
evt_190,usr_8,2026-08-16T03:50:56Z,login,hash_8910
evt_191,usr_8,2026-08-12T00:43:16Z,login,hash_5589
evt_192,usr_8,2026-08-17T02:23:57Z,feature_a,hash_1475
evt_193,usr_8,2026-08-01T13:14:56Z,login,hash_4042
evt_194,usr_8,2026-08-01T17:53:33Z,login,hash_6869
evt_195,usr_8,2026-08-14T01:32:10Z,export,hash_3415
evt_196,usr_8,2026-08-10T16:10:25Z,export,hash_8407
evt_197,usr_8,2026-08-16T03:08:17Z,login,hash_5909
evt_198,usr_8,2026-08-13T01:40:22Z,feature_b,hash_7639
evt_199,usr_8,2026-08-09T18:35:03Z,feature_b,hash_7428
evt_200,usr_9,2026-08-30T20:32:01Z,feature_b,hash_2972
evt_201,usr_9,2026-08-31T17:42:51Z,login,hash_4034
evt_202,usr_9,2026-08-29T20:31:29Z,export,hash_2586
evt_203,usr_9,2026-08-20T21:57:06Z,logout,hash_8682
evt_204,usr_9,2026-08-27T03:41:35Z,feature_a,hash_2234
evt_205,usr_9,2026-08-26T05:39:25Z,export,hash_9575
evt_206,usr_9,2026-08-17T12:33:19Z,login,hash_9779
evt_207,usr_9,2026-09-01T02:09:22Z,feature_b,hash_9518
evt_208,usr_9,2026-08-13T04:09:49Z,feature_a,hash_3601
evt_209,usr_9,2026-08-23T20:58:14Z,export,hash_4338
evt_210,usr_9,2026-09-02T07:49:36Z,login,hash_7394
evt_211,usr_9,2026-08-28T20:32:03Z,feature_a,hash_6571
evt_212,usr_9,2026-08-21T02:49:13Z,feature_b,hash_3341
evt_213,usr_9,2026-08-08T16:01:59Z,feature_a,hash_2419
evt_214,usr_9,2026-08-27T16:30:50Z,feature_a,hash_4467
evt_215,usr_9,2026-08-30T17:10:18Z,feature_a,hash_6753
evt_216,usr_9,2026-09-02T06:58:29Z,login,hash_7089
evt_217,usr_9,2026-08-27T20:48:41Z,export,hash_7961
evt_218,usr_9,2026-08-27T20:11:14Z,export,hash_6815
evt_219,usr_9,2026-08-23T04:59:33Z,feature_a,hash_8563
evt_220,usr_9,2026-09-02T07:39:32Z,login,hash_9418
evt_221,usr_9,2026-08-25T08:37:55Z,login,hash_3710
evt_222,usr_9,2026-08-29T02:27:09Z,login,hash_7115
evt_223,usr_9,2026-09-01T00:44:32Z,feature_a,hash_5692
evt_224,usr_9,2026-08-27T11:11:39Z,export,hash_2585
evt_225,usr_9,2026-08-18T23:26:56Z,login,hash_3198
evt_226,usr_9,2026-08-28T19:32:14Z,login,hash_1497
evt_227,usr_10,2026-07-17T12:16:37Z,logout,hash_7294
evt_228,usr_10,2026-08-29T05:21:49Z,login,hash_1898
evt_229,usr_10,2026-08-13T12:09:20Z,login,hash_2792
evt_230,usr_10,2026-08-19T00:09:13Z,export,hash_8670
evt_231,usr_10,2026-08-12T04:25:59Z,logout,hash_4983
evt_232,usr_10,2026-08-15T17:30:28Z,login,hash_1397
evt_233,usr_10,2026-08-08T09:50:52Z,feature_a,hash_9240
evt_234,usr_10,2026-08-22T07:47:54Z,logout,hash_8254
evt_235,usr_10,2026-08-26T11:41:22Z,feature_a,hash_3607
evt_236,usr_10,2026-08-28T05:53:26Z,login,hash_9736
evt_237,usr_10,2026-08-16T10:22:08Z,login,hash_6890
evt_238,usr_10,2026-08-26T13:14:31Z,login,hash_3889
evt_239,usr_10,2026-08-27T01:01:43Z,feature_a,hash_6196
evt_240,usr_10,2026-08-26T11:41:27Z,feature_a,hash_4227
evt_241,usr_10,2026-08-11T10:04:43Z,logout,hash_8217
evt_242,usr_10,2026-08-24T08:12:59Z,login,hash_9394
evt_243,usr_10,2026-08-15T13:58:16Z,feature_a,hash_4452
evt_244,usr_10,2026-08-10T12:00:57Z,feature_a,hash_5155
evt_245,usr_10,2026-08-16T21:24:27Z,login,hash_1634
evt_246,usr_10,2026-08-26T17:54:16Z,login,hash_4406
evt_247,usr_10,2026-08-16T12:31:53Z,login,hash_8768
evt_248,usr_10,2026-08-08T01:34:53Z,feature_b,hash_2930
evt_249,usr_10,2026-08-25T23:18:29Z,export,hash_9734
evt_250,usr_10,2026-08-29T01:52:56Z,feature_b,hash_9346
evt_251,usr_10,2026-08-28T03:45:07Z,logout,hash_8623
evt_252,usr_10,2026-08-28T06:46:08Z,login,hash_4531
evt_253,usr_10,2026-08-29T18:20:20Z,feature_b,hash_9219
evt_254,usr_10,2026-08-29T17:25:24Z,feature_b,hash_6063
evt_255,usr_10,2026-08-06T21:59:36Z,feature_a,hash_2827
evt_256,usr_10,2026-08-29T22:20:05Z,feature_b,hash_5191
evt_257,usr_10,2026-08-27T03:20:46Z,export,hash_9894
evt_258,usr_10,2026-08-12T01:48:56Z,login,hash_4357
evt_259,usr_10,2026-08-22T15:29:27Z,feature_b,hash_2347
evt_260,usr_10,2026-08-24T13:58:39Z,logout,hash_5468
evt_261,usr_10,2026-07-04T12:34:06Z,export,hash_8662
evt_262,usr_10,2026-08-04T14:13:27Z,export,hash_2688
evt_263,usr_10,2026-08-24T00:00:44Z,login,hash_4506
evt_264,usr_11,2026-08-24T00:50:07Z,login,hash_6078
evt_265,usr_11,2026-08-23T18:39:08Z,login,hash_8929
evt_266,usr_11,2026-08-09T17:03:02Z,login,hash_8151
evt_267,usr_11,2026-08-20T03:45:21Z,export,hash_1594
evt_268,usr_11,2026-08-27T00:14:14Z,feature_a,hash_1215
evt_269,usr_11,2026-08-14T11:37:46Z,login,hash_6639
evt_270,usr_11,2026-08-23T20:49:05Z,feature_b,hash_7014
evt_271,usr_11,2026-08-29T16:01:43Z,feature_a,hash_9648
evt_272,usr_11,2026-08-26T07:10:16Z,login,hash_5699
evt_273,usr_11,2026-08-23T18:25:18Z,login,hash_2671
evt_274,usr_11,2026-07-28T23:38:28Z,feature_a,hash_1871
evt_275,usr_11,2026-08-21T04:15:30Z,logout,hash_3206
evt_276,usr_11,2026-08-20T19:10:52Z,export,hash_1726
evt_277,usr_11,2026-08-11T10:47:00Z,feature_a,hash_2203
evt_278,usr_11,2026-08-29T22:51:21Z,feature_a,hash_4879
evt_279,usr_11,2026-08-28T19:59:30Z,feature_b,hash_5905
evt_280,usr_11,2026-07-24T11:37:42Z,login,hash_3715
evt_281,usr_11,2026-07-30T23:40:31Z,export,hash_9203
evt_282,usr_11,2026-08-28T20:38:35Z,export,hash_2057
evt_283,usr_11,2026-08-26T16:50:50Z,feature_a,hash_1622
evt_284,usr_11,2026-08-06T13:15:44Z,login,hash_9240
evt_285,usr_11,2026-08-11T20:20:28Z,login,hash_2549
evt_286,usr_11,2026-08-28T13:41:09Z,login,hash_9717
evt_287,usr_11,2026-08-26T16:58:58Z,logout,hash_2798
evt_288,usr_11,2026-08-01T11:08:54Z,feature_b,hash_1848
evt_289,usr_11,2026-08-06T06:15:40Z,logout,hash_6571
evt_290,usr_11,2026-08-02T08:35:32Z,login,hash_8578
evt_291,usr_11,2026-08-05T03:08:35Z,feature_a,hash_4492
evt_292,usr_11,2026-08-11T11:04:14Z,logout,hash_5890
evt_293,usr_11,2026-08-26T10:01:22Z,feature_a,hash_5109
evt_294,usr_11,2026-08-09T08:27:50Z,login,hash_5107
evt_295,usr_11,2026-08-18T05:06:07Z,login,hash_7513
evt_296,usr_11,2026-08-14T03:56:59Z,feature_a,hash_1696
evt_297,usr_11,2026-07-15T13:00:41Z,feature_b,hash_1780
evt_298,usr_11,2026-08-28T01:30:16Z,login,hash_1316
evt_299,usr_11,2026-07-24T00:16:38Z,login,hash_4451
evt_300,usr_11,2026-07-30T23:26:29Z,logout,hash_5641
evt_301,usr_11,2026-08-25T07:20:39Z,login,hash_4197
evt_302,usr_11,2026-08-27T08:59:47Z,login,hash_2382
evt_303,usr_11,2026-08-23T08:33:16Z,logout,hash_3347
evt_304,usr_11,2026-08-20T11:09:14Z,login,hash_5834
evt_305,usr_12,2026-07-30T22:02:33Z,logout,hash_2148
evt_306,usr_12,2026-08-02T09:34:42Z,login,hash_4130
evt_307,usr_12,2026-07-29T16:31:22Z,logout,hash_8643
evt_308,usr_12,2026-07-12T11:03:56Z,feature_a,hash_4404
evt_309,usr_12,2026-08-01T08:11:20Z,login,hash_2670
evt_310,usr_12,2026-07-06T19:07:32Z,feature_a,hash_6878
evt_311,usr_12,2026-08-04T16:06:30Z,feature_b,hash_9123
evt_312,usr_12,2026-07-10T19:02:00Z,login,hash_2519
evt_313,usr_12,2026-08-04T13:43:41Z,feature_a,hash_5779
evt_314,usr_13,2026-07-21T01:14:07Z,feature_a,hash_4929
evt_315,usr_13,2026-08-09T18:57:28Z,login,hash_7604
evt_316,usr_13,2026-08-13T12:28:05Z,feature_b,hash_6336
evt_317,usr_13,2026-08-15T14:46:58Z,logout,hash_1155
evt_318,usr_13,2026-07-04T13:24:06Z,feature_a,hash_5220
evt_319,usr_13,2026-08-14T19:57:28Z,export,hash_7476
evt_320,usr_13,2026-07-12T17:17:47Z,feature_a,hash_6833
evt_321,usr_13,2026-08-07T10:13:38Z,export,hash_7933
evt_322,usr_13,2026-08-04T10:14:00Z,feature_b,hash_6678
evt_323,usr_13,2026-08-07T18:36:08Z,logout,hash_7343
evt_324,usr_13,2026-08-08T16:53:56Z,export,hash_4337
evt_325,usr_13,2026-08-11T04:08:28Z,feature_b,hash_5408
evt_326,usr_13,2026-08-14T07:05:38Z,feature_b,hash_5136
evt_327,usr_13,2026-08-15T10:17:21Z,login,hash_4365
evt_328,usr_13,2026-07-28T03:22:49Z,export,hash_6640
evt_329,usr_13,2026-08-05T20:45:01Z,login,hash_1897
evt_330,usr_13,2026-08-13T19:49:11Z,login,hash_9603
evt_331,usr_13,2026-08-15T04:08:28Z,feature_a,hash_2701
evt_332,usr_13,2026-07-27T00:37:37Z,feature_b,hash_8944
evt_333,usr_13,2026-08-11T18:59:40Z,login,hash_8087
evt_334,usr_13,2026-08-13T06:42:32Z,login,hash_5305
evt_335,usr_13,2026-08-11T18:28:23Z,login,hash_7363
evt_336,usr_13,2026-08-05T17:09:34Z,login,hash_5951
evt_337,usr_13,2026-07-27T12:54:04Z,feature_b,hash_6233
evt_338,usr_13,2026-08-01T11:52:58Z,feature_a,hash_7731
evt_339,usr_13,2026-07-15T21:38:37Z,login,hash_4056
evt_340,usr_13,2026-08-14T09:37:02Z,feature_a,hash_4246
evt_341,usr_14,2026-08-10T17:53:31Z,login,hash_2651
evt_342,usr_14,2026-08-18T06:44:09Z,feature_a,hash_3454
evt_343,usr_14,2026-08-12T11:27:48Z,login,hash_9106
evt_344,usr_14,2026-08-08T18:29:13Z,logout,hash_3123
evt_345,usr_14,2026-08-13T06:40:01Z,feature_b,hash_1212
evt_346,usr_14,2026-08-03T08:44:22Z,logout,hash_8803
evt_347,usr_14,2026-08-11T16:02:02Z,feature_a,hash_7841
evt_348,usr_14,2026-08-19T19:50:50Z,feature_a,hash_1730
evt_349,usr_14,2026-08-09T23:04:53Z,feature_a,hash_5061
evt_350,usr_14,2026-08-05T22:09:24Z,export,hash_6112
evt_351,usr_14,2026-08-18T10:33:19Z,login,hash_2770
evt_352,usr_14,2026-07-16T04:59:51Z,logout,hash_8136
evt_353,usr_14,2026-07-30T22:20:22Z,export,hash_2442
evt_354,usr_14,2026-08-11T10:39:05Z,login,hash_3828
evt_355,usr_14,2026-08-11T11:36:34Z,logout,hash_4886
evt_356,usr_14,2026-07-30T21:28:29Z,login,hash_4101
evt_357,usr_15,2026-09-03T02:36:43Z,logout,hash_7889
evt_358,usr_15,2026-08-26T17:59:42Z,feature_b,hash_4625
evt_359,usr_15,2026-09-02T11:17:56Z,login,hash_3030
evt_360,usr_15,2026-08-30T18:46:27Z,logout,hash_8307
evt_361,usr_15,2026-08-30T09:38:29Z,feature_b,hash_9991
evt_362,usr_15,2026-08-29T01:00:15Z,login,hash_8329
evt_363,usr_15,2026-08-18T11:04:44Z,login,hash_1048
evt_364,usr_15,2026-07-27T12:42:18Z,login,hash_4869
evt_365,usr_15,2026-08-29T00:26:10Z,feature_b,hash_6208
evt_366,usr_15,2026-08-19T18:32:10Z,login,hash_4404
evt_367,usr_15,2026-09-04T00:21:14Z,feature_a,hash_4271
evt_368,usr_15,2026-09-03T15:17:19Z,login,hash_9945
evt_369,usr_15,2026-08-26T21:47:51Z,export,hash_7907
evt_370,usr_15,2026-08-25T05:11:01Z,feature_b,hash_1801
evt_371,usr_15,2026-08-23T21:16:37Z,login,hash_2555
evt_372,usr_15,2026-08-28T00:38:37Z,feature_a,hash_2759
evt_373,usr_15,2026-08-20T08:24:09Z,feature_b,hash_7646
evt_374,usr_15,2026-08-16T01:51:08Z,feature_a,hash_7212
evt_375,usr_15,2026-08-26T12:09:46Z,logout,hash_1643
evt_376,usr_15,2026-08-23T02:21:18Z,feature_b,hash_3212
evt_377,usr_15,2026-08-31T16:11:26Z,feature_a,hash_2178
evt_378,usr_15,2026-08-30T11:57:26Z,feature_a,hash_2804
evt_379,usr_15,2026-09-02T18:07:29Z,feature_b,hash_2905
evt_380,usr_15,2026-07-30T12:31:36Z,login,hash_9167
evt_381,usr_15,2026-08-21T22:39:24Z,login,hash_3480
evt_382,usr_15,2026-08-19T16:53:51Z,feature_a,hash_2215
evt_383,usr_15,2026-08-31T18:09:45Z,export,hash_6687
evt_384,usr_15,2026-09-03T00:34:21Z,login,hash_4592
evt_385,usr_15,2026-08-22T17:30:20Z,feature_b,hash_2446
evt_386,usr_15,2026-08-25T20:50:53Z,login,hash_2898
evt_387,usr_15,2026-09-02T11:03:43Z,export,hash_5872
evt_388,usr_15,2026-08-25T11:46:36Z,feature_b,hash_3751
evt_389,usr_15,2026-09-03T04:20:05Z,feature_b,hash_2431
evt_390,usr_15,2026-08-13T14:59:10Z,feature_a,hash_9445
evt_391,usr_15,2026-08-25T08:14:45Z,feature_a,hash_9859
evt_392,usr_15,2026-09-02T12:44:24Z,feature_b,hash_7702
evt_393,usr_15,2026-08-27T05:37:28Z,login,hash_9880
evt_394,usr_15,2026-08-27T20:57:40Z,feature_a,hash_3144
evt_395,usr_15,2026-08-22T00:52:30Z,login,hash_8488
evt_396,usr_15,2026-08-19T05:21:57Z,login,hash_8081
evt_397,usr_15,2026-08-20T17:45:20Z,feature_b,hash_3276
evt_398,usr_15,2026-09-02T01:10:38Z,feature_b,hash_5707
evt_399,usr_16,2026-08-10T02:16:08Z,logout,hash_4530
evt_400,usr_16,2026-08-21T16:01:35Z,feature_a,hash_4168
evt_401,usr_16,2026-07-26T11:52:24Z,login,hash_6375
evt_402,usr_16,2026-06-07T14:29:01Z,login,hash_4710
evt_403,usr_16,2026-07-08T17:20:30Z,login,hash_6489
evt_404,usr_16,2026-08-15T01:28:23Z,login,hash_9818
evt_405,usr_16,2026-07-22T18:55:25Z,login,hash_3118
evt_406,usr_16,2026-08-05T16:10:42Z,export,hash_6456
evt_407,usr_16,2026-08-25T17:30:23Z,login,hash_9259
evt_408,usr_16,2026-08-22T02:51:59Z,feature_a,hash_7406
evt_409,usr_16,2026-08-24T18:01:46Z,login,hash_8363
evt_410,usr_16,2026-08-25T18:33:56Z,login,hash_8785
evt_411,usr_16,2026-07-26T17:24:13Z,login,hash_4238
evt_412,usr_16,2026-08-23T15:10:19Z,export,hash_7746
evt_413,usr_16,2026-08-09T12:45:01Z,export,hash_3681
evt_414,usr_16,2026-08-23T21:00:16Z,feature_b,hash_2943
evt_415,usr_16,2026-08-22T21:22:27Z,login,hash_4668
evt_416,usr_16,2026-07-10T14:58:02Z,feature_b,hash_1244
evt_417,usr_16,2026-08-05T07:11:17Z,feature_b,hash_9351
evt_418,usr_16,2026-08-19T22:25:45Z,feature_a,hash_5783
evt_419,usr_16,2026-08-12T16:21:49Z,login,hash_1155
evt_420,usr_16,2026-07-22T23:06:23Z,login,hash_8991
evt_421,usr_17,2026-07-22T00:46:18Z,logout,hash_7101
evt_422,usr_17,2026-08-26T17:01:20Z,login,hash_9296
evt_423,usr_17,2026-08-25T20:40:42Z,login,hash_2686
evt_424,usr_17,2026-08-30T14:30:30Z,logout,hash_2080
evt_425,usr_17,2026-08-30T05:26:44Z,login,hash_5750
evt_426,usr_17,2026-08-23T08:45:31Z,feature_b,hash_8444
evt_427,usr_17,2026-08-13T19:26:23Z,export,hash_3767
evt_428,usr_17,2026-08-23T18:53:32Z,feature_b,hash_6745
evt_429,usr_17,2026-08-14T06:43:41Z,login,hash_2510
evt_430,usr_17,2026-08-28T21:28:09Z,feature_b,hash_5208
evt_431,usr_17,2026-08-28T07:58:19Z,login,hash_7796
evt_432,usr_17,2026-08-22T23:08:29Z,login,hash_3216
evt_433,usr_17,2026-08-23T16:03:32Z,export,hash_8932
evt_434,usr_17,2026-08-26T20:17:39Z,login,hash_1699
evt_435,usr_17,2026-08-28T19:45:36Z,feature_b,hash_6853
evt_436,usr_17,2026-08-16T14:32:41Z,feature_a,hash_9187
evt_437,usr_17,2026-08-27T09:31:49Z,feature_a,hash_3560
evt_438,usr_17,2026-08-23T10:27:26Z,feature_b,hash_6596
evt_439,usr_17,2026-08-27T08:50:18Z,feature_b,hash_6556
evt_440,usr_17,2026-08-02T13:24:12Z,login,hash_7072
evt_441,usr_17,2026-08-20T03:07:46Z,feature_a,hash_4916
evt_442,usr_17,2026-08-27T04:59:45Z,feature_a,hash_1780
evt_443,usr_17,2026-08-04T17:24:38Z,login,hash_8608
evt_444,usr_17,2026-08-08T22:13:12Z,feature_b,hash_8466
evt_445,usr_17,2026-08-19T18:14:20Z,feature_a,hash_1743
evt_446,usr_17,2026-08-22T03:13:17Z,feature_a,hash_6576
evt_447,usr_17,2026-08-21T23:34:58Z,feature_b,hash_9987
evt_448,usr_17,2026-08-30T20:34:12Z,feature_a,hash_7636
evt_449,usr_17,2026-08-26T15:39:07Z,logout,hash_4013
evt_450,usr_17,2026-08-22T06:42:10Z,logout,hash_5441
evt_451,usr_17,2026-08-19T07:57:31Z,login,hash_4833
evt_452,usr_17,2026-08-30T06:31:55Z,login,hash_2952
evt_453,usr_17,2026-08-23T20:51:38Z,feature_b,hash_5848
evt_454,usr_18,2026-08-27T22:19:50Z,logout,hash_6129
evt_455,usr_18,2026-08-26T00:15:17Z,feature_b,hash_2756
evt_456,usr_18,2026-08-19T02:03:01Z,feature_a,hash_3935
evt_457,usr_18,2026-08-06T14:53:43Z,login,hash_3249
evt_458,usr_18,2026-08-23T04:23:58Z,feature_b,hash_9151
evt_459,usr_18,2026-08-27T15:05:37Z,logout,hash_8262
evt_460,usr_18,2026-08-21T12:35:45Z,login,hash_3015
evt_461,usr_18,2026-08-26T21:28:00Z,feature_a,hash_7756
evt_462,usr_18,2026-08-11T15:18:59Z,feature_a,hash_9940
evt_463,usr_18,2026-08-12T11:16:47Z,export,hash_4617
evt_464,usr_18,2026-08-23T00:25:20Z,feature_a,hash_9395
evt_465,usr_18,2026-08-09T14:19:08Z,login,hash_9447
evt_466,usr_18,2026-07-27T12:00:53Z,logout,hash_4957
evt_467,usr_18,2026-08-23T18:39:05Z,feature_b,hash_9644
evt_468,usr_18,2026-08-24T18:11:06Z,feature_a,hash_3421
evt_469,usr_18,2026-08-23T20:08:22Z,feature_a,hash_6180
evt_470,usr_18,2026-08-27T04:49:26Z,feature_b,hash_6729
evt_471,usr_18,2026-08-27T11:47:05Z,login,hash_5747
evt_472,usr_18,2026-08-29T05:38:56Z,export,hash_2144
evt_473,usr_18,2026-08-25T19:56:07Z,login,hash_1943
evt_474,usr_18,2026-08-20T10:39:15Z,login,hash_7833
evt_475,usr_18,2026-08-24T00:37:21Z,login,hash_3297
evt_476,usr_18,2026-08-27T20:25:58Z,login,hash_6902
evt_477,usr_18,2026-08-29T01:39:05Z,feature_a,hash_8245
evt_478,usr_18,2026-08-13T13:28:28Z,login,hash_1195
evt_479,usr_18,2026-08-14T14:22:17Z,feature_a,hash_7073
evt_480,usr_18,2026-08-29T16:21:25Z,export,hash_4985
evt_481,usr_18,2026-08-18T16:36:54Z,login,hash_5932
evt_482,usr_18,2026-08-24T14:07:57Z,feature_a,hash_2607
evt_483,usr_18,2026-08-27T05:46:37Z,login,hash_8273
evt_484,usr_18,2026-08-25T05:19:04Z,feature_a,hash_6939
evt_485,usr_18,2026-08-14T17:06:30Z,feature_a,hash_6035
evt_486,usr_19,2026-07-25T22:54:59Z,login,hash_4236
evt_487,usr_19,2026-08-02T22:36:56Z,feature_b,hash_4231
evt_488,usr_19,2026-08-02T02:22:36Z,feature_b,hash_1165
evt_489,usr_19,2026-07-31T19:58:31Z,feature_b,hash_5697
evt_490,usr_19,2026-07-20T02:09:06Z,login,hash_8293
evt_491,usr_19,2026-07-21T00:19:58Z,feature_b,hash_7253
evt_492,usr_19,2026-08-03T16:01:26Z,login,hash_3209
evt_493,usr_19,2026-07-29T10:56:39Z,feature_a,hash_1748
evt_494,usr_19,2026-07-25T11:30:40Z,logout,hash_2589
evt_495,usr_19,2026-08-03T10:31:22Z,logout,hash_5792
evt_496,usr_19,2026-07-21T18:56:56Z,logout,hash_1160
evt_497,usr_19,2026-08-03T22:42:56Z,feature_b,hash_7436
evt_498,usr_19,2026-07-12T22:48:01Z,logout,hash_9730
evt_499,usr_19,2026-07-22T16:32:52Z,login,hash_1600
evt_500,usr_19,2026-08-02T15:41:41Z,feature_b,hash_8647
evt_501,usr_19,2026-07-30T04:38:20Z,feature_a,hash_5515
evt_502,usr_19,2026-07-09T06:37:02Z,login,hash_2382
evt_503,usr_19,2026-07-25T01:11:33Z,export,hash_5714
evt_504,usr_19,2026-07-26T17:40:24Z,login,hash_5251
evt_505,usr_19,2026-07-30T10:04:41Z,feature_b,hash_1209
evt_506,usr_19,2026-08-01T11:47:59Z,login,hash_4320
evt_507,usr_19,2026-07-30T11:01:51Z,logout,hash_5688
evt_508,usr_19,2026-08-01T13:39:32Z,export,hash_7606
evt_509,usr_19,2026-07-23T02:33:16Z,export,hash_8066
evt_510,usr_20,2026-08-22T04:42:06Z,feature_b,hash_9339
evt_511,usr_20,2026-08-14T15:33:10Z,login,hash_5057
evt_512,usr_20,2026-08-13T05:59:54Z,login,hash_1795
evt_513,usr_20,2026-08-20T03:19:23Z,feature_a,hash_7789
evt_514,usr_20,2026-08-22T15:45:00Z,login,hash_7783
evt_515,usr_20,2026-08-05T17:52:29Z,feature_a,hash_3857
evt_516,usr_20,2026-08-21T09:50:48Z,logout,hash_8583
evt_517,usr_20,2026-07-27T21:22:06Z,login,hash_4176
evt_518,usr_20,2026-08-20T05:49:16Z,login,hash_8964
evt_519,usr_20,2026-08-22T03:00:35Z,feature_b,hash_2194
evt_520,usr_20,2026-08-20T10:40:05Z,login,hash_1426
evt_521,usr_20,2026-08-17T13:38:21Z,feature_a,hash_5874
evt_522,usr_20,2026-08-21T04:41:39Z,login,hash_5696
evt_523,usr_20,2026-08-11T19:07:22Z,login,hash_3957
evt_524,usr_20,2026-08-20T11:46:25Z,login,hash_6861
evt_525,usr_20,2026-08-15T19:42:22Z,feature_a,hash_3913
evt_526,usr_20,2026-08-12T10:04:25Z,login,hash_4546
evt_527,usr_20,2026-08-19T17:06:27Z,feature_a,hash_2304
evt_528,usr_20,2026-08-13T21:28:45Z,login,hash_1196
evt_529,usr_20,2026-08-12T23:34:07Z,login,hash_1874
evt_530,usr_20,2026-08-07T13:33:56Z,login,hash_8044
evt_531,usr_21,2026-08-18T04:00:08Z,feature_b,hash_5514
evt_532,usr_21,2026-08-12T17:54:26Z,logout,hash_6690
evt_533,usr_21,2026-08-18T19:14:43Z,feature_a,hash_9637
evt_534,usr_21,2026-08-14T19:55:19Z,login,hash_5922
evt_535,usr_21,2026-08-02T00:02:25Z,login,hash_1700
evt_536,usr_21,2026-08-15T20:19:29Z,login,hash_5072
evt_537,usr_21,2026-08-08T05:01:33Z,logout,hash_3619
evt_538,usr_21,2026-08-16T10:33:12Z,login,hash_5273
evt_539,usr_21,2026-08-13T21:40:03Z,login,hash_8097
evt_540,usr_21,2026-08-15T18:16:11Z,feature_a,hash_5536
evt_541,usr_21,2026-08-03T08:23:45Z,feature_a,hash_9881
evt_542,usr_21,2026-08-11T01:39:48Z,feature_a,hash_9739
evt_543,usr_21,2026-08-06T23:26:34Z,feature_a,hash_2159
evt_544,usr_21,2026-08-05T10:49:49Z,login,hash_3515
evt_545,usr_21,2026-07-24T06:50:16Z,logout,hash_3040
evt_546,usr_21,2026-08-10T02:09:33Z,login,hash_2678
evt_547,usr_21,2026-08-12T14:39:37Z,login,hash_7428
evt_548,usr_21,2026-08-13T04:36:15Z,feature_b,hash_7119
evt_549,usr_21,2026-08-17T15:38:57Z,login,hash_4604
evt_550,usr_21,2026-08-15T05:51:14Z,feature_a,hash_4139
evt_551,usr_21,2026-08-16T09:33:32Z,export,hash_1501
evt_552,usr_21,2026-08-17T02:26:34Z,logout,hash_6146
evt_553,usr_21,2026-08-14T06:25:09Z,login,hash_6080
evt_554,usr_21,2026-08-18T18:36:48Z,login,hash_5450
evt_555,usr_21,2026-07-30T18:23:42Z,login,hash_3669
evt_556,usr_21,2026-08-13T02:26:40Z,feature_b,hash_8261
evt_557,usr_21,2026-08-14T17:02:08Z,feature_b,hash_7165
evt_558,usr_21,2026-08-15T00:33:33Z,login,hash_9934
evt_559,usr_21,2026-08-12T20:21:02Z,feature_a,hash_8036
evt_560,usr_21,2026-08-02T07:11:22Z,login,hash_2601
evt_561,usr_21,2026-08-16T12:09:48Z,login,hash_3329
evt_562,usr_21,2026-08-16T14:33:00Z,login,hash_1356
evt_563,usr_22,2026-08-23T05:59:38Z,login,hash_9211
evt_564,usr_22,2026-08-24T01:19:48Z,login,hash_4407
evt_565,usr_22,2026-08-25T22:57:47Z,login,hash_6437
evt_566,usr_22,2026-08-25T17:16:10Z,feature_b,hash_1226
evt_567,usr_22,2026-07-24T08:16:24Z,feature_a,hash_9398
evt_568,usr_22,2026-08-02T05:49:37Z,feature_b,hash_3830
evt_569,usr_22,2026-08-15T10:13:47Z,export,hash_2528
evt_570,usr_22,2026-08-23T01:33:44Z,export,hash_4908
evt_571,usr_22,2026-08-20T08:55:37Z,logout,hash_5434
evt_572,usr_22,2026-08-29T11:34:13Z,feature_b,hash_1848
evt_573,usr_22,2026-08-29T19:10:23Z,feature_b,hash_7652
evt_574,usr_22,2026-08-10T12:54:47Z,export,hash_8192
evt_575,usr_22,2026-08-27T00:14:59Z,login,hash_9808
evt_576,usr_22,2026-08-30T14:19:35Z,feature_a,hash_4727
evt_577,usr_22,2026-08-29T22:51:51Z,login,hash_8653
evt_578,usr_22,2026-07-31T19:13:37Z,login,hash_4825
evt_579,usr_22,2026-08-27T15:56:36Z,feature_a,hash_7811
evt_580,usr_22,2026-08-28T06:30:50Z,feature_a,hash_3949
evt_581,usr_22,2026-08-28T05:25:14Z,feature_a,hash_1447
evt_582,usr_22,2026-08-17T16:44:10Z,feature_a,hash_2366
evt_583,usr_22,2026-08-22T21:34:55Z,export,hash_9684
evt_584,usr_22,2026-08-24T23:56:57Z,feature_b,hash_3310
evt_585,usr_22,2026-05-20T10:03:32Z,login,hash_9338
evt_586,usr_22,2026-08-30T02:53:42Z,export,hash_5737
evt_587,usr_22,2026-08-23T16:41:15Z,login,hash_2494
evt_588,usr_22,2026-08-26T17:07:47Z,feature_a,hash_9365
evt_589,usr_22,2026-08-20T14:07:52Z,login,hash_4032
evt_590,usr_22,2026-08-14T01:35:34Z,login,hash_6380
evt_591,usr_22,2026-08-29T09:35:16Z,login,hash_1628
evt_592,usr_22,2026-08-26T06:17:20Z,logout,hash_6965
evt_593,usr_22,2026-08-13T08:24:54Z,login,hash_3345
evt_594,usr_22,2026-08-16T19:11:56Z,feature_b,hash_3909
evt_595,usr_22,2026-08-10T17:21:01Z,login,hash_7415
evt_596,usr_23,2026-08-13T04:14:27Z,login,hash_5340
evt_597,usr_23,2026-08-19T06:52:15Z,logout,hash_6892
evt_598,usr_23,2026-08-11T11:28:54Z,login,hash_9526
evt_599,usr_23,2026-08-04T20:08:37Z,feature_a,hash_3769
evt_600,usr_23,2026-08-13T03:53:11Z,login,hash_2710
evt_601,usr_23,2026-08-11T22:57:31Z,login,hash_6318
evt_602,usr_23,2026-08-17T04:33:42Z,login,hash_1348
evt_603,usr_23,2026-08-12T11:24:23Z,login,hash_8191
evt_604,usr_23,2026-08-07T04:28:03Z,export,hash_9547
evt_605,usr_23,2026-08-20T08:11:36Z,login,hash_9447
evt_606,usr_23,2026-08-19T05:42:27Z,login,hash_4314
evt_607,usr_23,2026-08-18T18:35:32Z,login,hash_5889
evt_608,usr_23,2026-08-15T07:21:51Z,login,hash_3290
evt_609,usr_23,2026-08-18T00:33:32Z,feature_b,hash_3967
evt_610,usr_23,2026-08-15T06:33:51Z,feature_a,hash_4492
evt_611,usr_23,2026-07-29T09:48:13Z,login,hash_3608
evt_612,usr_23,2026-07-29T17:26:50Z,feature_a,hash_6287
evt_613,usr_23,2026-07-20T14:44:06Z,feature_b,hash_4164
evt_614,usr_23,2026-08-13T21:56:19Z,feature_b,hash_1528
evt_615,usr_23,2026-08-07T19:48:10Z,feature_a,hash_1169
evt_616,usr_23,2026-08-14T15:34:27Z,login,hash_1834
evt_617,usr_24,2026-07-22T12:43:40Z,export,hash_6382
evt_618,usr_24,2026-08-08T06:50:29Z,feature_b,hash_6659
evt_619,usr_24,2026-07-28T16:42:33Z,export,hash_1403
evt_620,usr_24,2026-07-07T11:24:47Z,login,hash_1327
evt_621,usr_24,2026-07-29T11:14:44Z,feature_b,hash_5394
evt_622,usr_24,2026-08-03T17:14:09Z,login,hash_4781
evt_623,usr_24,2026-07-24T16:31:56Z,login,hash_7224
evt_624,usr_24,2026-07-19T03:55:34Z,feature_b,hash_1842
evt_625,usr_24,2026-08-07T17:27:31Z,login,hash_2746
evt_626,usr_24,2026-07-30T13:56:02Z,feature_b,hash_9747
evt_627,usr_25,2026-08-24T18:36:18Z,feature_b,hash_6550
evt_628,usr_25,2026-08-24T21:36:54Z,feature_b,hash_1388
evt_629,usr_25,2026-08-02T20:21:25Z,feature_b,hash_2898
evt_630,usr_25,2026-08-20T19:07:09Z,feature_a,hash_5244
evt_631,usr_25,2026-08-22T10:16:08Z,feature_a,hash_6041
evt_632,usr_25,2026-08-07T19:15:22Z,export,hash_4879
evt_633,usr_25,2026-08-09T12:59:44Z,login,hash_1027
evt_634,usr_25,2026-08-21T20:05:33Z,login,hash_2626
evt_635,usr_25,2026-08-24T10:47:22Z,feature_b,hash_8419
evt_636,usr_25,2026-08-04T19:05:58Z,login,hash_5466
evt_637,usr_25,2026-08-24T02:01:58Z,feature_a,hash_7711
evt_638,usr_25,2026-08-17T16:44:33Z,logout,hash_1722
evt_639,usr_25,2026-08-21T23:30:34Z,login,hash_2198
evt_640,usr_25,2026-08-13T01:26:49Z,feature_a,hash_6162
evt_641,usr_25,2026-08-21T10:53:26Z,export,hash_3762
evt_642,usr_25,2026-08-13T07:58:12Z,feature_b,hash_2247
evt_643,usr_25,2026-08-02T00:33:51Z,login,hash_5999
evt_644,usr_25,2026-08-23T08:02:45Z,login,hash_6109
evt_645,usr_25,2026-08-24T18:28:04Z,feature_b,hash_9534
evt_646,usr_25,2026-08-03T23:39:20Z,login,hash_3592
evt_647,usr_25,2026-07-26T17:19:24Z,export,hash_1678
evt_648,usr_25,2026-08-24T22:04:45Z,login,hash_1800
evt_649,usr_25,2026-08-06T19:02:52Z,login,hash_5232
evt_650,usr_25,2026-08-24T07:39:57Z,feature_b,hash_5933
evt_651,usr_25,2026-08-15T15:13:04Z,feature_a,hash_9002
evt_652,usr_25,2026-08-24T15:42:48Z,export,hash_9900
evt_653,usr_25,2026-08-25T01:09:29Z,feature_a,hash_1884
evt_654,usr_25,2026-08-13T00:52:57Z,feature_b,hash_8976
evt_655,usr_25,2026-08-18T09:03:17Z,feature_a,hash_1551
evt_656,usr_25,2026-08-17T16:02:50Z,feature_a,hash_4298
evt_657,usr_25,2026-08-21T07:00:04Z,login,hash_7891
evt_658,usr_25,2026-08-15T20:28:33Z,login,hash_3257
evt_659,usr_26,2026-08-30T07:00:35Z,feature_b,hash_9703
evt_660,usr_26,2026-08-18T16:03:59Z,login,hash_8628
evt_661,usr_26,2026-08-30T21:33:07Z,login,hash_3659
evt_662,usr_26,2026-07-23T03:55:13Z,login,hash_7859
evt_663,usr_26,2026-08-29T04:01:29Z,login,hash_8643
evt_664,usr_26,2026-08-20T06:35:37Z,login,hash_6328
evt_665,usr_26,2026-08-30T23:52:37Z,feature_a,hash_2773
evt_666,usr_26,2026-08-26T09:58:39Z,login,hash_9920
evt_667,usr_26,2026-08-30T14:11:47Z,feature_a,hash_6505
evt_668,usr_26,2026-08-27T02:24:02Z,feature_b,hash_6367
evt_669,usr_26,2026-08-12T23:03:24Z,export,hash_2831
evt_670,usr_26,2026-07-08T16:03:53Z,login,hash_3225
evt_671,usr_26,2026-08-23T22:38:42Z,logout,hash_5854
evt_672,usr_26,2026-08-23T10:42:56Z,feature_a,hash_7136
evt_673,usr_26,2026-08-12T15:35:08Z,feature_a,hash_4135
evt_674,usr_26,2026-08-28T08:03:58Z,feature_a,hash_1965
evt_675,usr_26,2026-08-30T12:19:48Z,logout,hash_7866
evt_676,usr_26,2026-08-26T11:30:50Z,feature_b,hash_2114
evt_677,usr_26,2026-08-28T23:11:11Z,logout,hash_9357
evt_678,usr_26,2026-08-30T08:09:08Z,feature_b,hash_7530
evt_679,usr_26,2026-08-19T04:13:36Z,feature_b,hash_1532
evt_680,usr_26,2026-08-17T03:08:18Z,feature_a,hash_8452
evt_681,usr_26,2026-08-23T08:25:40Z,feature_b,hash_2714
evt_682,usr_27,2026-08-14T08:00:30Z,feature_b,hash_6978
evt_683,usr_27,2026-08-16T05:55:12Z,feature_a,hash_4040
evt_684,usr_27,2026-08-25T12:08:16Z,login,hash_5331
evt_685,usr_27,2026-08-28T05:06:02Z,feature_a,hash_7811
evt_686,usr_27,2026-07-26T20:10:33Z,feature_b,hash_6266
evt_687,usr_27,2026-08-27T09:35:54Z,feature_b,hash_8185
evt_688,usr_27,2026-08-11T06:44:37Z,feature_b,hash_6622
evt_689,usr_27,2026-08-24T23:58:03Z,login,hash_8597
evt_690,usr_27,2026-08-05T08:07:28Z,feature_b,hash_5746
evt_691,usr_27,2026-08-30T08:56:53Z,feature_a,hash_2639
evt_692,usr_27,2026-07-23T11:33:59Z,export,hash_2995
evt_693,usr_27,2026-08-18T02:10:06Z,feature_a,hash_3662
evt_694,usr_27,2026-08-16T16:57:52Z,export,hash_4046
evt_695,usr_27,2026-08-09T22:07:09Z,feature_a,hash_3382
evt_696,usr_27,2026-08-29T19:58:07Z,login,hash_4313
evt_697,usr_27,2026-08-28T11:02:17Z,login,hash_9267
evt_698,usr_27,2026-08-23T16:29:11Z,login,hash_9496
evt_699,usr_27,2026-08-30T02:48:54Z,login,hash_1333
evt_700,usr_27,2026-08-26T05:34:20Z,feature_b,hash_8340
evt_701,usr_27,2026-08-23T01:08:27Z,login,hash_9310
evt_702,usr_27,2026-08-22T21:30:38Z,feature_a,hash_6477
evt_703,usr_27,2026-08-30T18:50:27Z,logout,hash_9384
evt_704,usr_27,2026-08-09T23:47:58Z,feature_a,hash_8952
evt_705,usr_27,2026-08-28T15:25:36Z,export,hash_7106
evt_706,usr_27,2026-08-30T13:07:43Z,feature_b,hash_5486
evt_707,usr_27,2026-07-30T09:12:09Z,export,hash_7445
evt_708,usr_27,2026-08-30T06:49:22Z,logout,hash_3494
evt_709,usr_27,2026-08-22T14:50:46Z,feature_a,hash_8024
evt_710,usr_28,2026-08-28T15:25:53Z,login,hash_4777
evt_711,usr_28,2026-08-30T01:19:06Z,export,hash_4241
evt_712,usr_28,2026-08-28T06:19:50Z,feature_a,hash_2312
evt_713,usr_28,2026-08-26T12:49:25Z,login,hash_4585
evt_714,usr_28,2026-08-27T22:32:12Z,feature_b,hash_6069
evt_715,usr_28,2026-07-15T12:42:20Z,login,hash_9663
evt_716,usr_28,2026-07-26T09:48:06Z,export,hash_9219
evt_717,usr_28,2026-08-12T00:30:06Z,feature_b,hash_6547
evt_718,usr_28,2026-08-07T19:06:51Z,login,hash_6752
evt_719,usr_28,2026-08-08T21:21:19Z,feature_a,hash_2571
evt_720,usr_28,2026-08-21T02:17:37Z,login,hash_8032
evt_721,usr_28,2026-08-27T14:52:58Z,feature_a,hash_1000
evt_722,usr_28,2026-08-19T05:29:58Z,login,hash_4932
evt_723,usr_28,2026-08-25T19:24:04Z,login,hash_1419
evt_724,usr_28,2026-08-27T03:11:33Z,login,hash_9728
evt_725,usr_28,2026-08-23T09:25:35Z,feature_a,hash_3181
evt_726,usr_28,2026-08-22T03:25:16Z,logout,hash_5493
evt_727,usr_28,2026-08-29T07:17:01Z,feature_b,hash_9931
evt_728,usr_28,2026-08-25T20:03:34Z,feature_a,hash_1225
evt_729,usr_28,2026-08-31T16:03:06Z,feature_b,hash_6536
evt_730,usr_28,2026-08-22T08:32:35Z,feature_a,hash_7104
evt_731,usr_28,2026-08-24T21:31:52Z,login,hash_5288
evt_732,usr_28,2026-08-31T12:11:45Z,feature_b,hash_1371
evt_733,usr_28,2026-07-30T21:56:21Z,feature_a,hash_6762
evt_734,usr_28,2026-08-20T03:54:41Z,feature_a,hash_7758
evt_735,usr_28,2026-08-21T02:26:11Z,feature_b,hash_8208
evt_736,usr_28,2026-08-21T03:27:33Z,logout,hash_8729
evt_737,usr_28,2026-08-31T10:22:36Z,export,hash_4194
evt_738,usr_28,2026-08-25T11:37:17Z,login,hash_1690
evt_739,usr_28,2026-08-20T23:52:07Z,login,hash_2841
evt_740,usr_28,2026-08-25T20:58:06Z,feature_a,hash_2493
evt_741,usr_28,2026-08-14T22:23:46Z,export,hash_8021
evt_742,usr_28,2026-08-30T14:48:04Z,login,hash_6872
evt_743,usr_28,2026-06-19T07:26:50Z,login,hash_4331
evt_744,usr_28,2026-08-12T12:14:01Z,logout,hash_4661
evt_745,usr_28,2026-08-30T11:16:38Z,feature_b,hash_5700
evt_746,usr_28,2026-08-10T22:38:13Z,login,hash_5110
evt_747,usr_28,2026-08-23T04:02:40Z,feature_b,hash_8233
evt_748,usr_28,2026-08-17T15:12:26Z,login,hash_3092
evt_749,usr_28,2026-08-08T19:39:34Z,export,hash_5751
evt_750,usr_28,2026-08-01T22:37:55Z,login,hash_5435
evt_751,usr_28,2026-08-22T21:59:58Z,login,hash_4387
evt_752,usr_28,2026-08-12T07:19:59Z,logout,hash_8747
evt_753,usr_28,2026-08-26T15:24:41Z,logout,hash_4158
evt_754,usr_28,2026-08-26T04:04:09Z,feature_a,hash_3054
evt_755,usr_28,2026-08-31T18:52:41Z,login,hash_1537
evt_756,usr_29,2026-08-26T15:30:42Z,export,hash_1741
evt_757,usr_29,2026-08-15T00:48:52Z,feature_a,hash_2663
evt_758,usr_29,2026-08-25T07:43:05Z,login,hash_4856
evt_759,usr_29,2026-08-21T03:37:29Z,login,hash_7417
evt_760,usr_29,2026-08-20T21:03:44Z,feature_a,hash_7448
evt_761,usr_29,2026-08-23T09:31:54Z,login,hash_8455
evt_762,usr_29,2026-08-06T07:59:31Z,feature_b,hash_8933
evt_763,usr_29,2026-08-29T08:09:31Z,export,hash_1603
evt_764,usr_29,2026-08-27T20:24:32Z,export,hash_9936
evt_765,usr_29,2026-08-20T00:29:31Z,feature_a,hash_9198
evt_766,usr_29,2026-08-30T23:47:10Z,feature_a,hash_9341
evt_767,usr_29,2026-08-30T20:52:18Z,login,hash_3834
evt_768,usr_29,2026-08-16T03:51:39Z,login,hash_8565
evt_769,usr_29,2026-08-24T16:35:09Z,feature_a,hash_6066
evt_770,usr_29,2026-08-18T08:18:32Z,login,hash_8251
evt_771,usr_29,2026-08-27T03:23:31Z,feature_a,hash_3715
evt_772,usr_29,2026-08-25T21:46:02Z,login,hash_6527
evt_773,usr_29,2026-08-18T17:03:16Z,feature_a,hash_3038
evt_774,usr_29,2026-08-17T02:18:17Z,export,hash_5508
evt_775,usr_29,2026-08-29T08:25:53Z,login,hash_6887
evt_776,usr_29,2026-08-28T12:50:25Z,login,hash_8204
evt_777,usr_29,2026-08-28T17:16:35Z,login,hash_8052
evt_778,usr_29,2026-08-24T10:01:17Z,feature_b,hash_7651
evt_779,usr_29,2026-08-28T23:56:13Z,feature_a,hash_2493
evt_780,usr_29,2026-08-23T02:31:52Z,export,hash_9536
evt_781,usr_29,2026-08-12T03:56:29Z,export,hash_2611
evt_782,usr_29,2026-08-21T09:48:14Z,login,hash_2492
evt_783,usr_29,2026-08-13T03:28:36Z,export,hash_8662
evt_784,usr_29,2026-08-29T20:18:14Z,login,hash_7198
evt_785,usr_29,2026-08-25T02:08:43Z,feature_b,hash_1195
evt_786,usr_29,2026-08-09T16:56:45Z,login,hash_5215
evt_787,usr_29,2026-08-24T14:08:22Z,feature_b,hash_8209
evt_788,usr_29,2026-08-26T16:00:15Z,login,hash_9746
evt_789,usr_29,2026-08-31T07:44:22Z,export,hash_9652
evt_790,usr_29,2026-08-25T06:32:47Z,logout,hash_3037
evt_791,usr_29,2026-09-01T22:04:15Z,feature_a,hash_5651
evt_792,usr_29,2026-08-23T12:23:23Z,login,hash_5610
evt_793,usr_29,2026-08-25T07:34:04Z,login,hash_3289
evt_794,usr_29,2026-08-11T10:25:53Z,login,hash_7666
evt_795,usr_29,2026-08-01T03:09:24Z,export,hash_9088
evt_796,usr_29,2026-08-27T20:27:16Z,feature_a,hash_1024
evt_797,usr_29,2026-08-31T02:37:08Z,login,hash_6339
evt_798,usr_29,2026-08-25T08:18:48Z,feature_a,hash_5139
evt_799,usr_29,2026-08-16T03:09:53Z,feature_a,hash_9907
evt_800,usr_29,2026-08-16T11:10:39Z,login,hash_1837
evt_801,usr_29,2026-08-11T00:08:15Z,login,hash_5264
evt_802,usr_29,2026-08-26T20:37:28Z,login,hash_8044
evt_803,usr_29,2026-08-28T07:47:47Z,login,hash_9512
evt_804,usr_29,2026-08-19T08:44:22Z,export,hash_3027
evt_805,usr_29,2026-09-01T08:31:37Z,export,hash_4651
evt_806,usr_29,2026-08-02T07:34:40Z,feature_b,hash_8176
evt_807,usr_29,2026-08-10T01:16:08Z,feature_a,hash_4930
evt_808,usr_29,2026-08-23T08:11:06Z,login,hash_6874
evt_809,usr_29,2026-08-12T20:00:56Z,login,hash_6321
evt_810,usr_30,2026-08-21T00:34:35Z,logout,hash_7077
evt_811,usr_30,2026-08-28T18:09:37Z,feature_b,hash_2969
evt_812,usr_30,2026-08-28T03:43:21Z,feature_b,hash_8985
evt_813,usr_30,2026-08-14T04:42:44Z,feature_b,hash_5991
evt_814,usr_30,2026-08-28T04:12:22Z,login,hash_5625
evt_815,usr_30,2026-08-28T19:17:52Z,login,hash_1832
evt_816,usr_30,2026-08-25T02:59:31Z,login,hash_6739
evt_817,usr_30,2026-08-17T13:09:35Z,feature_b,hash_7420
evt_818,usr_30,2026-08-21T05:26:21Z,login,hash_5851
evt_819,usr_30,2026-08-24T10:17:59Z,login,hash_5133
evt_820,usr_30,2026-08-16T16:25:04Z,feature_b,hash_7657
evt_821,usr_30,2026-08-26T22:57:16Z,feature_b,hash_7777
evt_822,usr_30,2026-08-27T14:39:57Z,feature_a,hash_7932
evt_823,usr_30,2026-08-27T12:08:50Z,login,hash_6758
evt_824,usr_30,2026-08-21T05:19:41Z,login,hash_3958
evt_825,usr_30,2026-08-26T16:35:44Z,login,hash_2809
evt_826,usr_30,2026-08-11T20:40:14Z,login,hash_8858
evt_827,usr_30,2026-08-27T18:16:27Z,feature_a,hash_5691
evt_828,usr_30,2026-08-11T05:19:05Z,feature_a,hash_3542
evt_829,usr_30,2026-07-31T04:00:20Z,login,hash_7073
evt_830,usr_30,2026-08-28T00:45:52Z,logout,hash_7111
evt_831,usr_30,2026-08-13T22:09:53Z,feature_b,hash_1511
evt_832,usr_30,2026-08-20T23:36:10Z,export,hash_5186
evt_833,usr_30,2026-08-10T12:18:31Z,login,hash_8743
evt_834,usr_30,2026-08-24T07:27:35Z,export,hash_5060
evt_835,usr_30,2026-08-16T19:17:22Z,feature_b,hash_9578
evt_836,usr_30,2026-08-11T14:03:10Z,login,hash_6847
evt_837,usr_30,2026-08-28T22:20:34Z,feature_b,hash_4426
evt_838,usr_30,2026-08-06T09:39:29Z,login,hash_4896
evt_839,usr_30,2026-08-27T16:59:20Z,feature_a,hash_8972
evt_840,usr_31,2026-08-28T08:23:45Z,login,hash_7906
evt_841,usr_31,2026-08-14T08:36:57Z,export,hash_4704
evt_842,usr_31,2026-07-28T03:21:46Z,logout,hash_3887
evt_843,usr_31,2026-07-31T09:14:08Z,feature_a,hash_2798
evt_844,usr_31,2026-08-26T00:10:08Z,feature_a,hash_7729
evt_845,usr_31,2026-08-20T03:48:34Z,login,hash_5711
evt_846,usr_31,2026-08-16T17:11:27Z,login,hash_1938
evt_847,usr_31,2026-08-17T13:19:29Z,feature_a,hash_3697
evt_848,usr_31,2026-08-31T18:12:51Z,feature_b,hash_9375
evt_849,usr_31,2026-07-31T13:14:05Z,login,hash_4898
evt_850,usr_31,2026-08-27T19:22:14Z,login,hash_3245
evt_851,usr_31,2026-08-18T15:14:34Z,feature_a,hash_3973
evt_852,usr_31,2026-09-01T02:22:11Z,login,hash_5760
evt_853,usr_31,2026-08-31T07:23:12Z,feature_a,hash_3779
evt_854,usr_31,2026-08-21T04:07:08Z,login,hash_3961
evt_855,usr_31,2026-08-31T19:56:27Z,logout,hash_4581
evt_856,usr_31,2026-09-01T00:29:02Z,logout,hash_1974
evt_857,usr_31,2026-08-24T16:38:40Z,feature_b,hash_5896
evt_858,usr_31,2026-08-30T02:09:38Z,logout,hash_9879
evt_859,usr_31,2026-08-31T07:37:01Z,feature_b,hash_6062
evt_860,usr_31,2026-08-29T04:18:26Z,logout,hash_4780
evt_861,usr_31,2026-08-27T19:25:49Z,logout,hash_5339
evt_862,usr_31,2026-08-27T23:06:41Z,logout,hash_4411
evt_863,usr_31,2026-08-31T22:25:34Z,logout,hash_4539
evt_864,usr_31,2026-07-30T14:44:06Z,login,hash_6109
evt_865,usr_31,2026-08-23T13:56:40Z,feature_b,hash_2063
evt_866,usr_31,2026-08-31T03:33:12Z,login,hash_5105
evt_867,usr_31,2026-08-22T11:56:37Z,login,hash_3500
evt_868,usr_31,2026-08-13T10:43:10Z,login,hash_7379
evt_869,usr_31,2026-08-17T13:03:47Z,login,hash_2523
evt_870,usr_31,2026-08-24T18:39:39Z,feature_a,hash_6307
evt_871,usr_32,2026-07-31T02:18:13Z,login,hash_9218
evt_872,usr_32,2026-07-30T20:31:16Z,feature_b,hash_6067
evt_873,usr_32,2026-08-03T18:41:58Z,login,hash_7405
evt_874,usr_32,2026-08-05T11:04:01Z,login,hash_1772
evt_875,usr_32,2026-07-31T01:43:01Z,login,hash_2177
evt_876,usr_32,2026-08-04T23:16:53Z,login,hash_8333
evt_877,usr_32,2026-08-06T13:23:43Z,login,hash_5847
evt_878,usr_32,2026-07-14T07:14:07Z,export,hash_8184
evt_879,usr_32,2026-08-06T17:01:11Z,feature_b,hash_2690
evt_880,usr_32,2026-07-21T16:14:39Z,feature_a,hash_2331
evt_881,usr_32,2026-08-05T06:04:13Z,login,hash_5719
evt_882,usr_32,2026-08-03T00:25:51Z,logout,hash_1106
evt_883,usr_32,2026-08-02T00:41:36Z,logout,hash_9202
evt_884,usr_32,2026-07-24T06:44:42Z,login,hash_1906
evt_885,usr_32,2026-08-03T05:34:48Z,login,hash_8539
evt_886,usr_32,2026-08-03T01:27:23Z,login,hash_3550
evt_887,usr_32,2026-07-30T04:55:13Z,feature_b,hash_3282
evt_888,usr_32,2026-07-22T23:58:44Z,feature_a,hash_2153
evt_889,usr_32,2026-07-27T21:41:32Z,feature_b,hash_7119
evt_890,usr_32,2026-07-26T11:30:19Z,export,hash_7389
evt_891,usr_32,2026-07-25T13:06:22Z,login,hash_7693
evt_892,usr_32,2026-08-01T12:07:52Z,login,hash_1895
evt_893,usr_32,2026-07-30T13:38:17Z,login,hash_9670
evt_894,usr_32,2026-08-05T20:44:11Z,feature_b,hash_5939
evt_895,usr_32,2026-07-05T21:59:05Z,export,hash_2261
evt_896,usr_32,2026-08-04T23:03:01Z,feature_a,hash_3785
evt_897,usr_32,2026-08-01T11:35:48Z,feature_b,hash_2194
evt_898,usr_32,2026-07-30T05:16:26Z,login,hash_2890
evt_899,usr_32,2026-07-17T16:24:30Z,feature_a,hash_5205
evt_900,usr_32,2026-07-29T02:29:40Z,login,hash_3203
evt_901,usr_32,2026-07-22T17:47:02Z,feature_a,hash_5806
evt_902,usr_32,2026-08-06T19:10:12Z,feature_b,hash_1996
evt_903,usr_32,2026-07-29T09:44:01Z,export,hash_5396
evt_904,usr_33,2026-08-05T02:14:47Z,logout,hash_3507
evt_905,usr_33,2026-08-26T07:32:01Z,login,hash_4921
evt_906,usr_33,2026-08-02T19:22:47Z,feature_b,hash_3111
evt_907,usr_33,2026-08-22T08:31:40Z,feature_a,hash_2575
evt_908,usr_33,2026-08-24T10:47:40Z,login,hash_3827
evt_909,usr_33,2026-07-26T08:46:52Z,feature_b,hash_6764
evt_910,usr_33,2026-08-12T04:05:10Z,login,hash_4401
evt_911,usr_33,2026-08-19T08:22:50Z,login,hash_2348
evt_912,usr_33,2026-08-09T23:44:45Z,feature_b,hash_9867
evt_913,usr_33,2026-08-26T23:35:56Z,login,hash_6191
evt_914,usr_33,2026-08-11T15:22:43Z,logout,hash_6719
evt_915,usr_33,2026-08-03T13:25:09Z,feature_a,hash_4501
evt_916,usr_33,2026-08-01T10:44:25Z,feature_a,hash_7744
evt_917,usr_33,2026-08-22T14:26:28Z,logout,hash_8102
evt_918,usr_33,2026-08-05T18:33:55Z,login,hash_3237
evt_919,usr_33,2026-08-17T09:18:23Z,feature_b,hash_6465
evt_920,usr_33,2026-08-23T21:13:55Z,feature_b,hash_6530
evt_921,usr_33,2026-08-25T10:10:34Z,login,hash_5538
evt_922,usr_33,2026-08-19T12:18:57Z,feature_a,hash_3428
evt_923,usr_33,2026-08-24T00:37:57Z,export,hash_3875
evt_924,usr_33,2026-08-16T12:38:57Z,feature_a,hash_4364
evt_925,usr_33,2026-08-21T21:25:15Z,feature_b,hash_1591
evt_926,usr_33,2026-08-26T15:14:45Z,logout,hash_5035
evt_927,usr_33,2026-08-17T14:34:21Z,feature_b,hash_1868
evt_928,usr_33,2026-08-13T12:25:48Z,login,hash_8820
evt_929,usr_33,2026-08-10T00:25:51Z,feature_b,hash_7957
evt_930,usr_33,2026-08-24T16:08:53Z,login,hash_3405
evt_931,usr_33,2026-08-10T15:28:01Z,feature_b,hash_8372
evt_932,usr_33,2026-08-23T01:10:23Z,login,hash_7847
evt_933,usr_33,2026-08-23T19:27:12Z,feature_a,hash_8194
evt_934,usr_33,2026-08-12T21:35:54Z,logout,hash_9270
evt_935,usr_33,2026-08-02T18:17:24Z,logout,hash_2162
evt_936,usr_33,2026-08-26T23:30:38Z,login,hash_5189
evt_937,usr_33,2026-08-17T05:07:48Z,login,hash_2428
evt_938,usr_33,2026-08-24T06:26:55Z,logout,hash_2529
evt_939,usr_33,2026-08-22T06:17:25Z,feature_b,hash_1538
evt_940,usr_33,2026-08-21T12:08:53Z,feature_b,hash_7083
evt_941,usr_33,2026-08-22T23:39:53Z,logout,hash_3531
evt_942,usr_33,2026-08-10T17:40:09Z,feature_b,hash_3715
evt_943,usr_33,2026-08-11T23:41:25Z,feature_a,hash_5276
evt_944,usr_33,2026-08-25T11:13:11Z,feature_b,hash_6691
evt_945,usr_33,2026-08-18T11:37:38Z,login,hash_6858
evt_946,usr_33,2026-08-26T14:28:25Z,login,hash_2459
evt_947,usr_33,2026-08-24T12:23:46Z,login,hash_7150
evt_948,usr_33,2026-08-17T09:10:56Z,login,hash_2736
evt_949,usr_34,2026-08-17T09:10:22Z,logout,hash_5857
evt_950,usr_34,2026-08-27T18:47:56Z,feature_b,hash_1884
evt_951,usr_34,2026-07-29T23:41:51Z,export,hash_6062
evt_952,usr_34,2026-08-15T12:58:19Z,login,hash_1511
evt_953,usr_34,2026-08-27T21:09:45Z,logout,hash_1634
evt_954,usr_34,2026-08-24T22:00:54Z,feature_b,hash_1572
evt_955,usr_34,2026-08-15T10:35:35Z,feature_b,hash_2331
evt_956,usr_34,2026-08-17T20:17:15Z,login,hash_8725
evt_957,usr_34,2026-07-20T18:48:01Z,login,hash_8264
evt_958,usr_34,2026-08-25T06:12:28Z,login,hash_2113
evt_959,usr_34,2026-08-26T18:36:16Z,login,hash_8043
evt_960,usr_34,2026-08-26T18:57:33Z,logout,hash_9243
evt_961,usr_34,2026-08-20T05:40:06Z,login,hash_1492
evt_962,usr_34,2026-08-15T08:11:42Z,feature_b,hash_7433
evt_963,usr_34,2026-08-26T03:29:40Z,login,hash_5866
evt_964,usr_34,2026-08-23T02:20:46Z,logout,hash_1689
evt_965,usr_34,2026-07-23T03:36:22Z,feature_b,hash_6032
evt_966,usr_34,2026-07-12T00:50:44Z,login,hash_9860
evt_967,usr_34,2026-07-31T21:26:59Z,login,hash_7279
evt_968,usr_34,2026-08-22T11:21:25Z,logout,hash_1039
evt_969,usr_34,2026-08-22T05:21:25Z,feature_a,hash_8433
evt_970,usr_34,2026-08-28T01:24:56Z,feature_b,hash_2563
evt_971,usr_34,2026-08-18T09:50:31Z,login,hash_6179
evt_972,usr_34,2026-08-25T00:33:26Z,login,hash_3594
evt_973,usr_34,2026-08-22T19:59:02Z,feature_b,hash_2945
evt_974,usr_34,2026-08-14T02:21:45Z,feature_a,hash_6830
evt_975,usr_34,2026-08-25T04:41:28Z,login,hash_6118
evt_976,usr_34,2026-08-22T23:29:48Z,logout,hash_9385
evt_977,usr_34,2026-08-19T00:57:21Z,feature_b,hash_5724
evt_978,usr_34,2026-08-20T18:08:27Z,login,hash_9353
evt_979,usr_34,2026-08-26T11:51:27Z,login,hash_9828
evt_980,usr_34,2026-08-26T13:32:41Z,feature_b,hash_1858
evt_981,usr_34,2026-08-17T21:26:45Z,feature_a,hash_7061
evt_982,usr_34,2026-08-10T09:15:24Z,login,hash_2317
evt_983,usr_34,2026-08-27T20:47:25Z,login,hash_1674
evt_984,usr_35,2026-08-22T20:25:58Z,feature_b,hash_8306
evt_985,usr_35,2026-08-24T00:37:47Z,export,hash_9830
evt_986,usr_35,2026-08-28T19:25:21Z,feature_b,hash_7093
evt_987,usr_35,2026-08-22T03:53:03Z,feature_a,hash_3141
evt_988,usr_35,2026-08-20T11:55:35Z,login,hash_2008
evt_989,usr_35,2026-08-18T23:09:35Z,login,hash_5036
evt_990,usr_35,2026-08-18T21:42:46Z,login,hash_9586
evt_991,usr_35,2026-08-24T05:48:17Z,export,hash_9514
evt_992,usr_35,2026-08-20T23:50:13Z,login,hash_6066
evt_993,usr_35,2026-08-26T05:42:04Z,feature_a,hash_3666
evt_994,usr_35,2026-08-24T10:24:28Z,export,hash_4109
evt_995,usr_35,2026-08-28T00:08:49Z,logout,hash_5606
evt_996,usr_35,2026-08-28T09:51:37Z,feature_a,hash_5976
evt_997,usr_35,2026-08-27T21:41:22Z,export,hash_1790
evt_998,usr_35,2026-08-14T06:55:55Z,feature_a,hash_1912
evt_999,usr_35,2026-08-28T12:58:20Z,login,hash_2426
evt_1000,usr_35,2026-08-27T07:46:55Z,feature_a,hash_7264
evt_1001,usr_35,2026-08-10T11:00:05Z,login,hash_5493
evt_1002,usr_35,2026-08-27T23:01:07Z,logout,hash_2698
evt_1003,usr_35,2026-08-28T02:27:39Z,logout,hash_3813
evt_1004,usr_35,2026-08-12T11:53:12Z,feature_b,hash_6352
evt_1005,usr_35,2026-08-18T23:54:10Z,export,hash_2616
evt_1006,usr_35,2026-08-25T02:29:59Z,login,hash_5350
evt_1007,usr_35,2026-08-29T00:39:28Z,login,hash_1309
evt_1008,usr_35,2026-08-27T05:27:21Z,login,hash_3480
evt_1009,usr_35,2026-08-10T09:31:23Z,feature_b,hash_2230
evt_1010,usr_35,2026-08-28T08:52:43Z,feature_a,hash_4789
evt_1011,usr_35,2026-08-16T17:14:52Z,feature_a,hash_3141
evt_1012,usr_35,2026-08-24T00:19:51Z,feature_b,hash_5382
evt_1013,usr_35,2026-08-15T22:41:23Z,feature_a,hash_2190
evt_1014,usr_35,2026-07-19T07:19:59Z,login,hash_1238
evt_1015,usr_35,2026-08-22T16:07:42Z,logout,hash_1764
evt_1016,usr_35,2026-08-28T02:58:31Z,login,hash_7467
evt_1017,usr_35,2026-08-28T09:19:14Z,feature_a,hash_3885
evt_1018,usr_35,2026-07-27T07:53:56Z,logout,hash_1644
evt_1019,usr_35,2026-08-22T11:56:52Z,feature_b,hash_4927
evt_1020,usr_35,2026-08-26T21:00:55Z,feature_b,hash_3626
evt_1021,usr_36,2026-08-26T02:36:45Z,login,hash_9752
evt_1022,usr_36,2026-08-13T09:08:10Z,export,hash_4905
evt_1023,usr_36,2026-08-18T23:07:42Z,export,hash_9384
evt_1024,usr_36,2026-09-01T12:25:35Z,feature_a,hash_4658
evt_1025,usr_36,2026-08-23T08:00:33Z,logout,hash_5346
evt_1026,usr_36,2026-09-04T23:25:34Z,login,hash_3474
evt_1027,usr_36,2026-08-27T16:41:39Z,login,hash_4004
evt_1028,usr_36,2026-08-16T03:36:59Z,login,hash_5721
evt_1029,usr_36,2026-08-28T17:15:05Z,login,hash_7675
evt_1030,usr_36,2026-08-30T09:44:13Z,login,hash_8395
evt_1031,usr_36,2026-08-31T09:43:43Z,feature_b,hash_8457
evt_1032,usr_36,2026-08-28T08:18:49Z,feature_b,hash_8158
evt_1033,usr_36,2026-08-29T13:14:11Z,login,hash_5728
evt_1034,usr_36,2026-09-04T16:04:35Z,login,hash_2044
evt_1035,usr_36,2026-08-26T17:34:39Z,login,hash_6083
evt_1036,usr_36,2026-08-17T04:58:46Z,feature_b,hash_6044
evt_1037,usr_36,2026-08-29T18:55:23Z,login,hash_2604
evt_1038,usr_36,2026-08-28T09:43:36Z,feature_a,hash_4115
evt_1039,usr_36,2026-08-28T16:10:59Z,login,hash_6276
evt_1040,usr_36,2026-08-04T18:49:29Z,login,hash_7245
evt_1041,usr_36,2026-09-01T16:26:52Z,export,hash_5750
evt_1042,usr_36,2026-09-03T17:02:15Z,feature_a,hash_1326
evt_1043,usr_36,2026-08-16T02:59:48Z,login,hash_6926
evt_1044,usr_36,2026-08-29T04:18:41Z,logout,hash_9237
evt_1045,usr_36,2026-09-03T02:52:05Z,export,hash_5342
evt_1046,usr_36,2026-08-24T11:53:59Z,login,hash_9300
evt_1047,usr_36,2026-08-23T08:11:24Z,feature_a,hash_9448
evt_1048,usr_36,2026-09-03T14:08:15Z,login,hash_9499
evt_1049,usr_36,2026-09-02T03:10:47Z,feature_b,hash_3165
evt_1050,usr_36,2026-09-03T20:40:29Z,feature_b,hash_9766
evt_1051,usr_36,2026-07-28T08:13:38Z,login,hash_7566
evt_1052,usr_36,2026-08-31T02:59:28Z,feature_b,hash_1991
evt_1053,usr_36,2026-09-04T05:06:39Z,export,hash_4962
evt_1054,usr_36,2026-08-22T21:21:22Z,export,hash_5710
evt_1055,usr_36,2026-08-22T07:55:24Z,feature_a,hash_4320
evt_1056,usr_36,2026-08-28T04:52:51Z,login,hash_3265
evt_1057,usr_36,2026-08-02T06:39:20Z,login,hash_5859
evt_1058,usr_36,2026-09-02T18:00:13Z,login,hash_5600
evt_1059,usr_36,2026-08-24T20:59:19Z,feature_b,hash_1576
evt_1060,usr_36,2026-09-03T19:20:49Z,export,hash_8080
evt_1061,usr_36,2026-08-07T18:49:07Z,login,hash_3461
evt_1062,usr_36,2026-09-03T19:13:36Z,login,hash_6930
evt_1063,usr_36,2026-08-28T08:00:21Z,login,hash_8850
evt_1064,usr_36,2026-08-16T20:06:21Z,export,hash_8905
evt_1065,usr_36,2026-08-05T17:18:12Z,feature_a,hash_9111
evt_1066,usr_36,2026-08-25T06:18:16Z,login,hash_9860
evt_1067,usr_36,2026-08-31T14:19:16Z,login,hash_4989
evt_1068,usr_36,2026-09-04T21:58:13Z,feature_a,hash_3900
evt_1069,usr_37,2026-08-26T20:00:16Z,login,hash_1916
evt_1070,usr_37,2026-08-15T14:55:09Z,feature_b,hash_8909
evt_1071,usr_37,2026-08-18T11:03:32Z,login,hash_9442
evt_1072,usr_37,2026-08-09T07:00:44Z,feature_a,hash_8393
evt_1073,usr_37,2026-08-28T02:14:56Z,login,hash_2430
evt_1074,usr_37,2026-08-10T05:43:42Z,logout,hash_9916
evt_1075,usr_37,2026-08-14T22:39:52Z,login,hash_1709
evt_1076,usr_37,2026-08-11T13:29:22Z,feature_b,hash_8125
evt_1077,usr_37,2026-08-28T01:12:03Z,login,hash_7577
evt_1078,usr_37,2026-08-16T06:09:02Z,feature_b,hash_7761
evt_1079,usr_37,2026-08-21T01:38:09Z,login,hash_8143
evt_1080,usr_37,2026-08-07T21:18:20Z,feature_a,hash_9699
evt_1081,usr_37,2026-08-21T22:08:43Z,feature_a,hash_4375
evt_1082,usr_37,2026-08-11T21:28:23Z,export,hash_5973
evt_1083,usr_37,2026-08-05T05:31:59Z,logout,hash_3646
evt_1084,usr_37,2026-08-21T14:26:19Z,feature_b,hash_6078
evt_1085,usr_37,2026-07-11T21:15:51Z,feature_a,hash_5924
evt_1086,usr_37,2026-08-25T17:31:04Z,feature_b,hash_7299
evt_1087,usr_37,2026-08-13T09:00:55Z,login,hash_6556
evt_1088,usr_37,2026-07-24T20:38:43Z,login,hash_5484
evt_1089,usr_37,2026-08-05T00:21:20Z,feature_b,hash_4322
evt_1090,usr_37,2026-08-17T01:12:08Z,feature_b,hash_2162
evt_1091,usr_37,2026-08-06T02:32:29Z,login,hash_4745
evt_1092,usr_37,2026-08-20T23:55:22Z,feature_a,hash_8686
evt_1093,usr_37,2026-08-28T01:55:37Z,feature_b,hash_9714
evt_1094,usr_37,2026-08-19T03:38:38Z,feature_a,hash_7462
evt_1095,usr_37,2026-08-05T04:20:17Z,feature_b,hash_5176
evt_1096,usr_37,2026-07-24T07:42:43Z,feature_b,hash_3502
evt_1097,usr_37,2026-08-03T05:54:03Z,logout,hash_5011
evt_1098,usr_37,2026-08-12T04:26:21Z,feature_b,hash_9269
evt_1099,usr_37,2026-08-26T04:11:48Z,feature_a,hash_8287
evt_1100,usr_37,2026-08-23T18:24:40Z,export,hash_7887
evt_1101,usr_38,2026-08-28T06:47:23Z,feature_a,hash_7111
evt_1102,usr_38,2026-08-22T17:36:54Z,export,hash_1977
evt_1103,usr_38,2026-08-28T17:46:15Z,login,hash_9808
evt_1104,usr_38,2026-08-21T22:10:02Z,login,hash_1148
evt_1105,usr_38,2026-08-25T13:08:06Z,feature_b,hash_6468
evt_1106,usr_38,2026-08-21T00:28:20Z,login,hash_3054
evt_1107,usr_38,2026-08-24T17:39:41Z,export,hash_7592
evt_1108,usr_38,2026-08-01T16:51:46Z,login,hash_5896
evt_1109,usr_38,2026-08-26T22:38:56Z,feature_a,hash_4795
evt_1110,usr_38,2026-08-07T22:27:51Z,export,hash_5320
evt_1111,usr_38,2026-08-19T09:09:40Z,feature_a,hash_3533
evt_1112,usr_38,2026-08-21T03:12:16Z,login,hash_4095
evt_1113,usr_38,2026-08-03T14:02:58Z,feature_a,hash_5823
evt_1114,usr_38,2026-07-23T07:20:36Z,feature_a,hash_9331
evt_1115,usr_38,2026-08-15T02:05:34Z,feature_a,hash_1682
evt_1116,usr_38,2026-08-27T16:49:52Z,logout,hash_9139
evt_1117,usr_38,2026-08-18T18:00:27Z,export,hash_1143
evt_1118,usr_38,2026-08-27T22:24:47Z,login,hash_5345
evt_1119,usr_38,2026-08-28T11:57:37Z,login,hash_3097
evt_1120,usr_38,2026-08-22T16:41:57Z,login,hash_3763
evt_1121,usr_38,2026-08-27T18:11:20Z,export,hash_4799
evt_1122,usr_38,2026-08-15T14:00:08Z,login,hash_3309
evt_1123,usr_38,2026-08-23T01:12:56Z,feature_b,hash_6637
evt_1124,usr_38,2026-08-05T00:40:10Z,logout,hash_4614
evt_1125,usr_38,2026-06-29T13:49:29Z,login,hash_2026
evt_1126,usr_38,2026-08-24T15:50:07Z,login,hash_5357
evt_1127,usr_38,2026-08-27T08:40:08Z,login,hash_3068
evt_1128,usr_38,2026-08-25T02:55:24Z,login,hash_8253
evt_1129,usr_38,2026-08-21T15:44:04Z,logout,hash_3147
evt_1130,usr_38,2026-08-20T09:55:01Z,login,hash_4944
evt_1131,usr_38,2026-08-20T01:06:10Z,login,hash_4960
evt_1132,usr_38,2026-08-30T02:06:20Z,login,hash_9419
evt_1133,usr_38,2026-08-23T13:37:39Z,login,hash_3266
evt_1134,usr_38,2026-08-16T10:47:12Z,login,hash_3031
evt_1135,usr_38,2026-08-24T15:50:56Z,export,hash_9246
evt_1136,usr_38,2026-08-02T08:34:29Z,login,hash_6422
evt_1137,usr_38,2026-08-29T13:21:01Z,login,hash_3559
evt_1138,usr_38,2026-08-28T19:01:58Z,login,hash_9677
evt_1139,usr_38,2026-08-20T22:06:43Z,export,hash_4624
evt_1140,usr_38,2026-08-13T03:22:49Z,export,hash_7015
evt_1141,usr_38,2026-08-28T08:38:49Z,feature_b,hash_2287
evt_1142,usr_38,2026-08-28T16:53:38Z,logout,hash_2707
evt_1143,usr_38,2026-08-04T17:45:17Z,feature_a,hash_5251
evt_1144,usr_38,2026-08-28T23:47:52Z,export,hash_6300
evt_1145,usr_38,2026-08-26T05:49:51Z,export,hash_5540
evt_1146,usr_38,2026-08-18T05:47:49Z,login,hash_5808
evt_1147,usr_38,2026-08-14T02:11:44Z,login,hash_4948
evt_1148,usr_38,2026-08-25T12:36:04Z,login,hash_1466
evt_1149,usr_39,2026-08-12T06:35:16Z,login,hash_9484
evt_1150,usr_39,2026-08-24T08:25:31Z,login,hash_2891
evt_1151,usr_39,2026-08-29T00:16:22Z,login,hash_5517
evt_1152,usr_39,2026-08-20T19:04:19Z,export,hash_2426
evt_1153,usr_39,2026-08-29T15:45:57Z,login,hash_9226
evt_1154,usr_39,2026-08-12T10:10:49Z,feature_b,hash_9174
evt_1155,usr_39,2026-08-26T09:44:52Z,feature_a,hash_4056
evt_1156,usr_39,2026-08-27T06:32:54Z,login,hash_2900
evt_1157,usr_39,2026-08-13T14:36:35Z,login,hash_8606
evt_1158,usr_39,2026-08-29T21:37:03Z,feature_b,hash_6496
evt_1159,usr_39,2026-07-15T06:25:03Z,login,hash_9325
evt_1160,usr_39,2026-08-24T06:53:35Z,login,hash_6143
evt_1161,usr_39,2026-08-20T04:08:37Z,login,hash_9914
evt_1162,usr_39,2026-08-22T01:44:01Z,login,hash_4830
evt_1163,usr_39,2026-08-28T06:57:45Z,login,hash_4332
evt_1164,usr_39,2026-08-10T02:13:21Z,login,hash_9569
evt_1165,usr_39,2026-08-29T06:01:38Z,feature_b,hash_6611
evt_1166,usr_39,2026-08-10T11:47:10Z,feature_b,hash_1830
evt_1167,usr_39,2026-08-16T01:40:36Z,login,hash_6332
evt_1168,usr_39,2026-08-29T16:18:28Z,feature_a,hash_1426
evt_1169,usr_39,2026-08-18T22:19:53Z,login,hash_4794
evt_1170,usr_39,2026-08-21T01:15:26Z,login,hash_6165
evt_1171,usr_39,2026-08-27T01:26:16Z,login,hash_3168
evt_1172,usr_39,2026-08-11T03:43:40Z,feature_b,hash_7030
evt_1173,usr_39,2026-08-03T18:41:19Z,feature_b,hash_9618
evt_1174,usr_39,2026-08-15T13:12:18Z,export,hash_9929
evt_1175,usr_39,2026-08-19T18:23:04Z,feature_b,hash_4693
evt_1176,usr_39,2026-07-26T23:11:31Z,feature_a,hash_8215
evt_1177,usr_39,2026-08-20T16:21:28Z,feature_a,hash_7086
evt_1178,usr_39,2026-08-13T11:14:38Z,export,hash_8658
evt_1179,usr_39,2026-08-15T21:17:05Z,logout,hash_6471
evt_1180,usr_39,2026-08-14T17:18:16Z,feature_b,hash_3240
evt_1181,usr_40,2026-08-05T04:11:41Z,feature_a,hash_9133
evt_1182,usr_40,2026-07-20T06:47:41Z,login,hash_2505
evt_1183,usr_40,2026-08-16T21:22:50Z,feature_b,hash_8145
evt_1184,usr_40,2026-08-14T02:14:10Z,login,hash_4970
evt_1185,usr_40,2026-07-28T02:13:38Z,feature_a,hash_1130
evt_1186,usr_40,2026-08-15T00:15:05Z,login,hash_1811
evt_1187,usr_40,2026-07-25T02:03:57Z,login,hash_6218
evt_1188,usr_40,2026-08-17T19:42:21Z,feature_a,hash_2802
evt_1189,usr_40,2026-08-12T17:55:49Z,feature_b,hash_6679
evt_1190,usr_40,2026-08-11T05:20:38Z,login,hash_5180
evt_1191,usr_40,2026-08-18T16:27:21Z,logout,hash_3128
evt_1192,usr_40,2026-06-26T23:22:46Z,login,hash_2485
evt_1193,usr_40,2026-08-18T10:03:55Z,login,hash_4828
evt_1194,usr_40,2026-08-05T23:51:57Z,login,hash_8109
evt_1195,usr_40,2026-08-12T06:10:09Z,feature_b,hash_6900
evt_1196,usr_40,2026-08-12T17:50:02Z,feature_b,hash_9457
evt_1197,usr_40,2026-07-04T19:20:50Z,feature_b,hash_4197
evt_1198,usr_40,2026-07-27T12:14:00Z,login,hash_5421
evt_1199,usr_40,2026-08-02T15:13:35Z,logout,hash_6945
evt_1200,usr_40,2026-08-16T06:49:25Z,logout,hash_1764
evt_1201,usr_40,2026-08-17T01:44:12Z,feature_a,hash_7192
evt_1202,usr_40,2026-08-05T11:29:03Z,login,hash_9349
evt_1203,usr_40,2026-08-15T06:29:59Z,feature_b,hash_1120
evt_1204,usr_40,2026-08-16T21:07:12Z,login,hash_2993
evt_1205,usr_40,2026-08-16T18:57:36Z,feature_a,hash_2070
evt_1206,usr_41,2026-08-20T22:42:27Z,login,hash_8004
evt_1207,usr_41,2026-08-29T15:06:32Z,login,hash_1690
evt_1208,usr_41,2026-08-29T05:26:10Z,login,hash_3811
evt_1209,usr_41,2026-08-24T14:07:54Z,feature_b,hash_8094
evt_1210,usr_41,2026-08-10T22:09:47Z,feature_b,hash_6665
evt_1211,usr_41,2026-08-22T22:08:55Z,login,hash_8908
evt_1212,usr_41,2026-08-24T04:10:01Z,feature_a,hash_6076
evt_1213,usr_41,2026-08-24T17:52:11Z,feature_a,hash_1708
evt_1214,usr_41,2026-08-27T09:30:34Z,export,hash_3518
evt_1215,usr_41,2026-08-22T07:07:01Z,feature_b,hash_1962
evt_1216,usr_41,2026-08-29T19:22:16Z,feature_b,hash_5844
evt_1217,usr_41,2026-08-15T05:16:40Z,login,hash_2165
evt_1218,usr_41,2026-08-22T01:20:16Z,feature_b,hash_3950
evt_1219,usr_41,2026-08-24T22:19:17Z,feature_b,hash_8058
evt_1220,usr_41,2026-08-21T19:06:45Z,login,hash_4723
evt_1221,usr_41,2026-08-23T01:56:22Z,feature_b,hash_9870
evt_1222,usr_41,2026-07-19T10:45:54Z,login,hash_1359
evt_1223,usr_41,2026-08-21T11:18:55Z,feature_b,hash_5627
evt_1224,usr_41,2026-08-18T20:41:10Z,logout,hash_6872
evt_1225,usr_41,2026-08-20T18:37:48Z,feature_b,hash_6737
evt_1226,usr_41,2026-08-23T13:11:50Z,login,hash_7348
evt_1227,usr_41,2026-08-27T21:28:10Z,login,hash_9439
evt_1228,usr_41,2026-08-24T10:45:53Z,feature_b,hash_4300
evt_1229,usr_41,2026-08-22T23:53:19Z,export,hash_2301
evt_1230,usr_41,2026-08-21T22:14:34Z,login,hash_4937
evt_1231,usr_41,2026-08-25T19:58:50Z,login,hash_8986
evt_1232,usr_41,2026-08-28T17:53:12Z,logout,hash_7082
evt_1233,usr_41,2026-08-21T15:24:53Z,feature_a,hash_1045
evt_1234,usr_41,2026-08-12T21:46:44Z,feature_a,hash_3316
evt_1235,usr_41,2026-08-23T18:03:27Z,login,hash_2470
evt_1236,usr_41,2026-08-29T11:26:44Z,logout,hash_2003
evt_1237,usr_41,2026-08-23T18:45:06Z,login,hash_2399
evt_1238,usr_41,2026-08-29T17:37:08Z,feature_a,hash_9575
evt_1239,usr_41,2026-08-03T18:04:56Z,logout,hash_5207
evt_1240,usr_41,2026-08-02T19:05:32Z,logout,hash_7415
evt_1241,usr_42,2026-07-06T11:41:29Z,logout,hash_4793
evt_1242,usr_42,2026-07-12T15:57:56Z,feature_b,hash_3292
evt_1243,usr_42,2026-07-06T05:54:30Z,feature_a,hash_8557
evt_1244,usr_42,2026-07-10T11:51:26Z,login,hash_9320
evt_1245,usr_42,2026-07-09T19:40:34Z,login,hash_5910
evt_1246,usr_42,2026-07-13T01:05:26Z,export,hash_2730
evt_1247,usr_42,2026-07-04T11:59:34Z,feature_a,hash_1942
evt_1248,usr_42,2026-06-26T23:58:20Z,export,hash_4368
evt_1249,usr_43,2026-08-17T12:44:51Z,feature_a,hash_1269
evt_1250,usr_43,2026-08-06T16:30:01Z,login,hash_5270
evt_1251,usr_43,2026-08-06T07:49:14Z,login,hash_4636
evt_1252,usr_43,2026-08-19T06:14:13Z,feature_b,hash_5667
evt_1253,usr_43,2026-08-15T00:46:44Z,login,hash_8782
evt_1254,usr_43,2026-08-10T04:24:34Z,logout,hash_8800
evt_1255,usr_43,2026-08-13T22:50:34Z,feature_a,hash_3240
evt_1256,usr_43,2026-08-13T23:44:47Z,login,hash_5828
evt_1257,usr_43,2026-08-09T19:16:35Z,feature_a,hash_8117
evt_1258,usr_43,2026-08-11T00:53:26Z,login,hash_6274
evt_1259,usr_43,2026-08-16T08:23:01Z,login,hash_5036
evt_1260,usr_43,2026-08-13T19:49:26Z,feature_a,hash_4083
evt_1261,usr_43,2026-08-20T11:26:17Z,login,hash_9345
evt_1262,usr_43,2026-08-14T03:41:30Z,feature_b,hash_2670
evt_1263,usr_43,2026-08-18T07:52:59Z,export,hash_3897
evt_1264,usr_43,2026-08-18T02:48:58Z,export,hash_2887
evt_1265,usr_43,2026-08-10T15:34:25Z,feature_a,hash_4010
evt_1266,usr_43,2026-07-25T23:03:46Z,feature_b,hash_9630
evt_1267,usr_43,2026-08-20T16:34:25Z,feature_a,hash_2815
evt_1268,usr_43,2026-08-06T10:29:38Z,login,hash_9900
evt_1269,usr_43,2026-08-14T13:40:40Z,login,hash_5756
evt_1270,usr_43,2026-08-16T11:06:50Z,login,hash_2167
evt_1271,usr_43,2026-08-06T18:13:25Z,login,hash_4809
evt_1272,usr_43,2026-08-18T11:03:53Z,feature_a,hash_5481
evt_1273,usr_43,2026-08-21T09:19:26Z,logout,hash_6156
evt_1274,usr_43,2026-07-17T18:14:34Z,login,hash_2304
evt_1275,usr_43,2026-08-21T09:14:21Z,login,hash_9184
evt_1276,usr_44,2026-07-24T03:00:05Z,login,hash_5440
evt_1277,usr_44,2026-08-17T21:50:11Z,feature_a,hash_2889
evt_1278,usr_44,2026-08-25T09:57:34Z,login,hash_3107
evt_1279,usr_44,2026-08-26T17:08:48Z,feature_a,hash_1569
evt_1280,usr_44,2026-08-16T06:26:16Z,login,hash_9912
evt_1281,usr_44,2026-08-22T20:05:30Z,login,hash_3180
evt_1282,usr_44,2026-08-27T10:52:30Z,feature_a,hash_1127
evt_1283,usr_44,2026-08-19T14:06:28Z,login,hash_6812
evt_1284,usr_44,2026-08-10T15:13:46Z,export,hash_7444
evt_1285,usr_44,2026-08-27T15:06:15Z,feature_a,hash_6100
evt_1286,usr_44,2026-08-15T02:53:25Z,login,hash_2657
evt_1287,usr_44,2026-08-26T16:14:00Z,feature_b,hash_3575
evt_1288,usr_44,2026-08-25T18:55:34Z,logout,hash_3373
evt_1289,usr_44,2026-08-27T07:17:59Z,feature_a,hash_3278
evt_1290,usr_44,2026-08-19T13:00:23Z,feature_a,hash_5933
evt_1291,usr_44,2026-08-28T20:34:54Z,feature_b,hash_9053
evt_1292,usr_44,2026-08-20T02:08:25Z,login,hash_2995
evt_1293,usr_44,2026-08-16T10:38:36Z,feature_b,hash_3285
evt_1294,usr_44,2026-08-06T03:31:40Z,feature_b,hash_9521
evt_1295,usr_44,2026-08-13T05:59:18Z,logout,hash_4507
evt_1296,usr_44,2026-08-24T14:04:33Z,feature_b,hash_5597
evt_1297,usr_44,2026-08-16T03:10:50Z,login,hash_1557
evt_1298,usr_44,2026-08-18T20:16:49Z,export,hash_4534
evt_1299,usr_44,2026-08-09T21:16:35Z,export,hash_9056
evt_1300,usr_44,2026-08-08T11:32:45Z,login,hash_4981
evt_1301,usr_44,2026-08-20T16:52:15Z,feature_a,hash_5707
evt_1302,usr_44,2026-08-19T14:02:18Z,login,hash_3337
evt_1303,usr_44,2026-08-17T16:45:05Z,feature_b,hash_4968
evt_1304,usr_44,2026-08-03T07:24:15Z,feature_a,hash_9545
evt_1305,usr_44,2026-08-22T00:49:35Z,export,hash_3850
evt_1306,usr_44,2026-08-23T03:06:19Z,logout,hash_8646
evt_1307,usr_44,2026-08-10T02:14:20Z,export,hash_5372
evt_1308,usr_44,2026-08-17T13:39:53Z,login,hash_9700
evt_1309,usr_44,2026-08-19T17:16:23Z,login,hash_2221
evt_1310,usr_44,2026-08-23T18:35:22Z,feature_b,hash_8101
evt_1311,usr_44,2026-08-20T04:36:56Z,login,hash_7922
evt_1312,usr_45,2026-07-31T17:23:44Z,login,hash_4776
evt_1313,usr_45,2026-07-29T10:10:30Z,feature_b,hash_4918
evt_1314,usr_45,2026-07-31T09:09:39Z,feature_a,hash_6165
evt_1315,usr_45,2026-07-29T16:13:56Z,login,hash_3642
evt_1316,usr_45,2026-07-29T22:04:03Z,feature_a,hash_7562
evt_1317,usr_46,2026-07-20T20:45:05Z,login,hash_7044
evt_1318,usr_47,2026-08-11T08:52:16Z,login,hash_7882
evt_1319,usr_47,2026-08-27T22:53:28Z,login,hash_2928
evt_1320,usr_47,2026-08-28T08:07:10Z,feature_b,hash_6319
evt_1321,usr_47,2026-08-08T15:17:21Z,login,hash_6301
evt_1322,usr_47,2026-08-02T02:13:12Z,login,hash_6928
evt_1323,usr_47,2026-08-20T21:55:36Z,login,hash_9657
evt_1324,usr_47,2026-08-28T00:14:13Z,logout,hash_7407
evt_1325,usr_47,2026-08-28T09:33:00Z,login,hash_6560
evt_1326,usr_47,2026-07-18T23:47:24Z,feature_a,hash_8448
evt_1327,usr_47,2026-08-22T17:27:21Z,login,hash_8809
evt_1328,usr_47,2026-08-24T06:33:38Z,login,hash_6304
evt_1329,usr_47,2026-08-24T12:23:59Z,logout,hash_5936
evt_1330,usr_47,2026-07-15T13:03:47Z,login,hash_8183
evt_1331,usr_47,2026-07-17T00:32:30Z,feature_a,hash_8250
evt_1332,usr_47,2026-08-24T13:58:32Z,logout,hash_5312
evt_1333,usr_47,2026-08-27T11:20:14Z,feature_b,hash_1450
evt_1334,usr_47,2026-08-27T01:05:44Z,feature_a,hash_4846
evt_1335,usr_47,2026-08-31T05:14:29Z,feature_a,hash_1709
evt_1336,usr_47,2026-08-26T00:52:36Z,feature_b,hash_8702
evt_1337,usr_47,2026-08-21T21:40:59Z,feature_a,hash_8162
evt_1338,usr_47,2026-08-19T22:58:07Z,feature_a,hash_1301
evt_1339,usr_47,2026-08-29T12:15:13Z,login,hash_1889
evt_1340,usr_47,2026-08-17T20:03:47Z,feature_a,hash_7212
evt_1341,usr_47,2026-08-19T19:58:57Z,feature_a,hash_3969
evt_1342,usr_47,2026-08-26T17:11:29Z,feature_a,hash_4941
evt_1343,usr_47,2026-08-31T22:08:26Z,logout,hash_1332
evt_1344,usr_47,2026-08-20T18:03:07Z,login,hash_1639
evt_1345,usr_47,2026-08-26T03:36:53Z,login,hash_5736
evt_1346,usr_47,2026-08-22T14:57:59Z,feature_b,hash_8739
evt_1347,usr_47,2026-08-24T20:58:11Z,login,hash_9900
evt_1348,usr_47,2026-08-09T22:26:26Z,feature_a,hash_4636
evt_1349,usr_47,2026-07-11T12:35:33Z,feature_b,hash_3707
evt_1350,usr_47,2026-08-27T07:41:13Z,feature_b,hash_9960
evt_1351,usr_47,2026-08-23T09:17:41Z,feature_b,hash_6010
evt_1352,usr_47,2026-08-12T04:34:06Z,export,hash_9871
evt_1353,usr_47,2026-08-17T05:02:29Z,login,hash_8930
evt_1354,usr_47,2026-08-18T08:37:34Z,logout,hash_7294
evt_1355,usr_47,2026-08-03T11:06:43Z,login,hash_9232
evt_1356,usr_47,2026-08-31T12:20:24Z,feature_a,hash_2205
evt_1357,usr_47,2026-08-31T22:47:25Z,feature_b,hash_9950
evt_1358,usr_47,2026-08-22T04:49:07Z,login,hash_5970
evt_1359,usr_47,2026-08-27T15:53:26Z,login,hash_1876
evt_1360,usr_47,2026-08-30T10:21:00Z,login,hash_8960
evt_1361,usr_47,2026-08-27T03:53:10Z,export,hash_8625
evt_1362,usr_48,2026-08-05T14:30:40Z,login,hash_7714
evt_1363,usr_48,2026-09-03T22:17:10Z,feature_a,hash_7700
evt_1364,usr_48,2026-08-17T08:27:53Z,login,hash_2822
evt_1365,usr_48,2026-08-29T05:40:40Z,login,hash_6038
evt_1366,usr_48,2026-08-26T02:34:20Z,feature_b,hash_6107
evt_1367,usr_48,2026-09-01T19:02:55Z,logout,hash_3301
evt_1368,usr_48,2026-08-28T19:57:22Z,login,hash_7160
evt_1369,usr_48,2026-09-02T17:34:58Z,login,hash_8417
evt_1370,usr_48,2026-08-13T21:49:22Z,feature_b,hash_2965
evt_1371,usr_48,2026-09-01T02:49:33Z,feature_a,hash_4688
evt_1372,usr_48,2026-07-21T14:28:28Z,login,hash_3301
evt_1373,usr_48,2026-08-25T23:30:26Z,feature_b,hash_7364
evt_1374,usr_48,2026-08-31T20:52:46Z,login,hash_1604
evt_1375,usr_48,2026-08-29T12:40:17Z,feature_a,hash_6634
evt_1376,usr_48,2026-08-22T13:44:11Z,export,hash_6897
evt_1377,usr_48,2026-08-21T15:48:49Z,feature_a,hash_5755
evt_1378,usr_48,2026-08-31T02:51:39Z,export,hash_7461
evt_1379,usr_48,2026-09-03T17:35:03Z,login,hash_6424
evt_1380,usr_48,2026-08-29T20:54:46Z,login,hash_8200
evt_1381,usr_48,2026-09-02T16:28:42Z,feature_a,hash_1143
evt_1382,usr_48,2026-09-03T17:53:22Z,login,hash_8614
evt_1383,usr_48,2026-08-09T19:41:25Z,logout,hash_9342
evt_1384,usr_48,2026-07-11T09:52:33Z,export,hash_3510
evt_1385,usr_48,2026-08-26T03:42:31Z,export,hash_9358
evt_1386,usr_48,2026-08-31T08:29:15Z,feature_a,hash_7172
evt_1387,usr_48,2026-08-05T07:35:16Z,feature_b,hash_1246
evt_1388,usr_48,2026-08-21T21:06:36Z,export,hash_7811
evt_1389,usr_48,2026-08-26T09:42:59Z,login,hash_5573
evt_1390,usr_48,2026-08-19T19:41:55Z,login,hash_4642
evt_1391,usr_48,2026-08-31T09:02:53Z,login,hash_9792
evt_1392,usr_48,2026-08-26T13:12:08Z,login,hash_4197
evt_1393,usr_48,2026-08-22T23:16:52Z,login,hash_9135
evt_1394,usr_48,2026-08-25T21:03:29Z,logout,hash_9187
evt_1395,usr_48,2026-09-02T06:53:27Z,login,hash_3332
evt_1396,usr_48,2026-09-02T20:43:15Z,feature_a,hash_1587
evt_1397,usr_48,2026-08-21T12:30:32Z,feature_a,hash_2862
evt_1398,usr_48,2026-08-24T10:20:15Z,feature_a,hash_5003
evt_1399,usr_48,2026-07-31T13:50:41Z,feature_a,hash_3252
evt_1400,usr_48,2026-09-03T05:30:53Z,login,hash_7424
evt_1401,usr_48,2026-08-27T17:52:34Z,login,hash_7949
evt_1402,usr_48,2026-08-13T06:06:42Z,feature_a,hash_9458
evt_1403,usr_48,2026-08-25T10:39:36Z,login,hash_8050
evt_1404,usr_48,2026-09-04T00:48:13Z,feature_b,hash_8376
evt_1405,usr_48,2026-08-13T20:20:43Z,feature_b,hash_1182
evt_1406,usr_49,2026-08-12T11:17:33Z,feature_b,hash_8417
evt_1407,usr_49,2026-08-17T04:31:27Z,login,hash_9013
evt_1408,usr_49,2026-08-18T00:12:19Z,feature_b,hash_5958
evt_1409,usr_49,2026-08-12T21:27:10Z,logout,hash_9473
evt_1410,usr_49,2026-08-01T20:06:37Z,login,hash_1915
evt_1411,usr_49,2026-08-09T09:40:49Z,export,hash_7109
evt_1412,usr_49,2026-08-17T18:47:12Z,login,hash_1632
evt_1413,usr_49,2026-08-14T23:42:16Z,export,hash_9053
evt_1414,usr_49,2026-08-17T09:52:35Z,feature_a,hash_2146
evt_1415,usr_49,2026-08-16T14:57:00Z,feature_b,hash_4090
evt_1416,usr_49,2026-08-09T17:22:58Z,export,hash_9545
evt_1417,usr_49,2026-08-16T10:08:19Z,export,hash_6013
evt_1418,usr_49,2026-08-16T18:17:03Z,feature_b,hash_2645
evt_1419,usr_49,2026-08-17T18:24:56Z,export,hash_3155
evt_1420,usr_49,2026-07-11T16:59:54Z,login,hash_7223
evt_1421,usr_49,2026-07-25T05:17:11Z,feature_b,hash_7391
evt_1422,usr_49,2026-08-10T23:38:16Z,feature_b,hash_3184
evt_1423,usr_49,2026-07-21T12:42:15Z,feature_b,hash_6375
evt_1424,usr_49,2026-08-10T04:07:02Z,feature_a,hash_2063
evt_1425,usr_49,2026-08-16T19:26:21Z,feature_a,hash_1325
evt_1426,usr_49,2026-08-17T18:33:35Z,feature_a,hash_3555
evt_1427,usr_49,2026-08-17T03:58:52Z,feature_a,hash_2892
evt_1428,usr_49,2026-08-09T14:11:49Z,login,hash_2527
evt_1429,usr_50,2026-08-10T02:43:23Z,login,hash_3692
evt_1430,usr_50,2026-08-25T05:05:03Z,export,hash_3025
evt_1431,usr_50,2026-07-29T15:10:11Z,login,hash_5633
evt_1432,usr_50,2026-08-25T14:43:51Z,feature_a,hash_2388
evt_1433,usr_50,2026-08-26T15:18:19Z,feature_b,hash_3376
evt_1434,usr_50,2026-08-29T13:56:01Z,login,hash_5669
evt_1435,usr_50,2026-08-23T13:18:30Z,login,hash_4975
evt_1436,usr_50,2026-09-02T22:27:08Z,feature_b,hash_7807
evt_1437,usr_50,2026-08-13T03:02:18Z,feature_b,hash_5584
evt_1438,usr_50,2026-08-27T16:09:26Z,feature_a,hash_1174
evt_1439,usr_50,2026-08-31T11:44:01Z,logout,hash_5275
evt_1440,usr_50,2026-08-04T18:16:43Z,login,hash_4380
evt_1441,usr_50,2026-09-02T20:40:22Z,login,hash_7426
evt_1442,usr_50,2026-09-01T17:19:46Z,login,hash_7681
evt_1443,usr_50,2026-08-11T09:51:45Z,feature_a,hash_9445
evt_1444,usr_50,2026-09-05T00:53:35Z,feature_a,hash_1125
evt_1445,usr_50,2026-09-03T20:52:52Z,login,hash_5630
evt_1446,usr_50,2026-08-26T10:40:29Z,feature_a,hash_6521
evt_1447,usr_50,2026-08-30T09:07:38Z,login,hash_6119
evt_1448,usr_50,2026-09-03T04:51:09Z,login,hash_2242
evt_1449,usr_50,2026-08-31T14:43:35Z,logout,hash_8204
evt_1450,usr_50,2026-08-14T19:21:31Z,feature_a,hash_8481
evt_1451,usr_50,2026-08-25T08:57:57Z,export,hash_4454
evt_1452,usr_50,2026-08-25T07:03:40Z,login,hash_3126
evt_1453,usr_50,2026-09-04T07:00:33Z,login,hash_2379
evt_1454,usr_50,2026-07-26T06:41:02Z,login,hash_8900
evt_1455,usr_50,2026-08-29T21:38:04Z,login,hash_5448
evt_1456,usr_50,2026-08-26T18:35:24Z,login,hash_5403
evt_1457,usr_50,2026-07-26T08:38:31Z,logout,hash_6441
evt_1458,usr_50,2026-08-26T21:48:28Z,feature_a,hash_6879
evt_1459,usr_50,2026-08-30T02:42:02Z,login,hash_7047
evt_1460,usr_50,2026-09-04T05:23:39Z,export,hash_6255
evt_1461,usr_50,2026-08-25T22:46:24Z,feature_a,hash_4223
evt_1462,usr_50,2026-08-21T14:33:48Z,login,hash_3944
evt_1463,usr_50,2026-09-03T01:43:56Z,login,hash_4250
evt_1464,usr_50,2026-08-15T04:34:57Z,login,hash_6926
evt_1465,usr_50,2026-08-19T12:52:01Z,login,hash_9433
evt_1466,usr_50,2026-08-29T01:38:05Z,feature_a,hash_5460
evt_1467,usr_50,2026-08-26T20:12:50Z,export,hash_4813
evt_1468,usr_51,2026-07-16T03:33:19Z,login,hash_6722
evt_1469,usr_51,2026-08-02T21:28:09Z,login,hash_3945
evt_1470,usr_51,2026-08-18T13:28:16Z,login,hash_7981
evt_1471,usr_51,2026-08-13T00:33:15Z,feature_a,hash_8806
evt_1472,usr_51,2026-08-12T17:56:48Z,login,hash_8653
evt_1473,usr_51,2026-08-19T16:56:19Z,feature_a,hash_1215
evt_1474,usr_51,2026-08-14T12:21:36Z,feature_b,hash_5444
evt_1475,usr_51,2026-08-20T13:38:51Z,feature_a,hash_7943
evt_1476,usr_51,2026-08-09T04:15:09Z,login,hash_6562
evt_1477,usr_51,2026-08-10T03:34:18Z,feature_a,hash_8740
evt_1478,usr_51,2026-07-15T21:52:25Z,login,hash_2689
evt_1479,usr_51,2026-07-29T00:26:04Z,feature_a,hash_8731
evt_1480,usr_51,2026-08-15T00:53:58Z,login,hash_8895
evt_1481,usr_51,2026-08-19T05:23:18Z,feature_a,hash_8781
evt_1482,usr_51,2026-08-14T21:01:59Z,login,hash_3686
evt_1483,usr_51,2026-08-20T16:39:34Z,feature_a,hash_9625
evt_1484,usr_51,2026-08-10T21:38:11Z,feature_b,hash_7959
evt_1485,usr_51,2026-08-02T17:56:00Z,feature_b,hash_9699
evt_1486,usr_51,2026-08-17T16:38:50Z,feature_a,hash_7131
evt_1487,usr_51,2026-07-29T01:47:29Z,login,hash_6502
evt_1488,usr_51,2026-08-08T19:39:32Z,feature_a,hash_6885
evt_1489,usr_51,2026-08-18T15:47:23Z,feature_b,hash_4769
evt_1490,usr_51,2026-08-19T11:37:40Z,login,hash_8790
evt_1491,usr_52,2026-08-23T21:49:31Z,login,hash_5720
evt_1492,usr_52,2026-06-29T05:41:33Z,feature_b,hash_3473
evt_1493,usr_52,2026-08-31T07:18:14Z,login,hash_5284
evt_1494,usr_52,2026-09-03T01:10:32Z,feature_b,hash_7148
evt_1495,usr_52,2026-08-30T21:46:13Z,feature_b,hash_8753
evt_1496,usr_52,2026-08-22T19:51:42Z,login,hash_7926
evt_1497,usr_52,2026-09-01T17:07:52Z,logout,hash_9976
evt_1498,usr_52,2026-08-27T11:45:18Z,export,hash_3183
evt_1499,usr_52,2026-09-02T20:55:52Z,feature_b,hash_9840
evt_1500,usr_52,2026-09-01T17:23:43Z,feature_a,hash_7794
evt_1501,usr_52,2026-08-15T13:01:18Z,login,hash_1776
evt_1502,usr_52,2026-08-30T08:20:35Z,login,hash_8886
evt_1503,usr_52,2026-08-14T12:43:55Z,login,hash_3768
evt_1504,usr_52,2026-09-02T01:20:43Z,feature_a,hash_8391
evt_1505,usr_52,2026-09-01T08:24:57Z,feature_b,hash_6963
evt_1506,usr_52,2026-08-22T11:34:36Z,logout,hash_8114
evt_1507,usr_52,2026-08-26T22:58:05Z,feature_b,hash_1642
evt_1508,usr_52,2026-08-05T11:14:06Z,feature_b,hash_5551
evt_1509,usr_52,2026-09-01T14:05:21Z,feature_a,hash_9738
evt_1510,usr_52,2026-08-28T08:29:30Z,login,hash_7567
evt_1511,usr_52,2026-08-21T17:40:50Z,feature_a,hash_2935
evt_1512,usr_52,2026-08-29T01:27:42Z,login,hash_2636
evt_1513,usr_52,2026-08-06T12:25:23Z,logout,hash_6791
evt_1514,usr_52,2026-08-22T02:47:31Z,feature_b,hash_9878
evt_1515,usr_52,2026-08-25T08:01:40Z,export,hash_9049
evt_1516,usr_52,2026-08-31T00:14:28Z,logout,hash_2959
evt_1517,usr_52,2026-08-30T05:59:53Z,login,hash_1661
evt_1518,usr_52,2026-08-27T06:41:40Z,login,hash_7075
evt_1519,usr_52,2026-09-01T04:33:27Z,login,hash_5285
evt_1520,usr_52,2026-08-23T11:50:50Z,feature_a,hash_5943
evt_1521,usr_52,2026-08-31T16:36:15Z,logout,hash_7777
evt_1522,usr_52,2026-08-27T01:16:44Z,login,hash_6746
evt_1523,usr_52,2026-08-20T08:31:31Z,export,hash_8828
evt_1524,usr_52,2026-09-02T23:18:44Z,login,hash_3977
evt_1525,usr_52,2026-09-01T01:03:13Z,login,hash_5801
evt_1526,usr_52,2026-08-22T08:23:40Z,login,hash_3441
evt_1527,usr_52,2026-08-29T20:59:45Z,feature_b,hash_2545
evt_1528,usr_53,2026-08-21T01:36:03Z,feature_a,hash_2805
evt_1529,usr_53,2026-08-20T12:03:37Z,login,hash_6141
evt_1530,usr_53,2026-08-16T23:00:15Z,login,hash_9952
evt_1531,usr_53,2026-08-13T06:15:13Z,feature_a,hash_2807
evt_1532,usr_53,2026-08-07T10:19:04Z,login,hash_8598
evt_1533,usr_53,2026-08-19T04:33:42Z,feature_a,hash_8122
evt_1534,usr_53,2026-07-23T15:43:54Z,login,hash_8829
evt_1535,usr_53,2026-08-04T07:16:18Z,login,hash_3600
evt_1536,usr_53,2026-08-06T01:19:51Z,feature_a,hash_7174
evt_1537,usr_53,2026-08-19T12:15:15Z,feature_a,hash_1938
evt_1538,usr_53,2026-08-12T12:53:34Z,login,hash_4676
evt_1539,usr_53,2026-07-17T18:57:21Z,login,hash_7165
evt_1540,usr_53,2026-08-16T20:13:54Z,login,hash_2417
evt_1541,usr_53,2026-08-11T01:29:44Z,feature_b,hash_7101
evt_1542,usr_53,2026-08-18T07:53:37Z,login,hash_2280
evt_1543,usr_53,2026-08-20T08:37:13Z,export,hash_7450
evt_1544,usr_53,2026-08-20T23:34:24Z,feature_b,hash_9496
evt_1545,usr_53,2026-08-17T22:59:58Z,logout,hash_3968
evt_1546,usr_53,2026-08-13T10:50:41Z,feature_a,hash_4130
evt_1547,usr_53,2026-08-06T17:22:28Z,feature_b,hash_1046
evt_1548,usr_53,2026-08-17T08:59:00Z,feature_b,hash_5244
evt_1549,usr_53,2026-08-19T14:04:00Z,login,hash_4443
evt_1550,usr_53,2026-08-17T10:24:54Z,feature_a,hash_7016
evt_1551,usr_53,2026-07-30T12:37:34Z,feature_b,hash_5302
evt_1552,usr_53,2026-08-15T19:42:16Z,login,hash_9796
evt_1553,usr_53,2026-08-16T14:02:07Z,login,hash_8582
evt_1554,usr_53,2026-08-20T16:18:44Z,feature_a,hash_3672
evt_1555,usr_53,2026-08-20T02:20:46Z,login,hash_5231
evt_1556,usr_53,2026-08-17T04:20:50Z,feature_b,hash_8141
evt_1557,usr_53,2026-07-12T06:52:40Z,feature_a,hash_1575
evt_1558,usr_53,2026-08-09T23:35:07Z,feature_a,hash_2743
evt_1559,usr_53,2026-08-12T23:11:24Z,login,hash_4764
evt_1560,usr_53,2026-08-18T02:01:31Z,login,hash_5020
evt_1561,usr_53,2026-08-08T05:03:08Z,login,hash_7906
evt_1562,usr_53,2026-08-04T13:01:31Z,login,hash_4029
evt_1563,usr_54,2026-08-16T02:32:31Z,logout,hash_2116
evt_1564,usr_54,2026-08-05T09:10:51Z,logout,hash_4089
evt_1565,usr_54,2026-08-13T20:40:57Z,feature_b,hash_2678
evt_1566,usr_54,2026-08-18T06:40:08Z,feature_b,hash_1445
evt_1567,usr_54,2026-08-19T10:28:17Z,login,hash_5092
evt_1568,usr_54,2026-08-09T08:47:31Z,login,hash_8011
evt_1569,usr_54,2026-08-20T22:09:50Z,feature_a,hash_6242
evt_1570,usr_54,2026-08-10T10:02:46Z,login,hash_6553
evt_1571,usr_54,2026-08-18T06:28:56Z,feature_a,hash_1264
evt_1572,usr_54,2026-08-18T16:37:28Z,logout,hash_4276
evt_1573,usr_54,2026-08-10T23:13:07Z,feature_a,hash_6693
evt_1574,usr_54,2026-08-20T13:05:36Z,logout,hash_9903
evt_1575,usr_54,2026-08-16T00:08:55Z,feature_a,hash_5330
evt_1576,usr_54,2026-08-16T09:02:56Z,feature_a,hash_9296
evt_1577,usr_54,2026-08-15T16:17:28Z,feature_b,hash_1765
evt_1578,usr_54,2026-08-22T09:22:06Z,feature_b,hash_6126
evt_1579,usr_54,2026-07-10T14:51:45Z,login,hash_6831
evt_1580,usr_54,2026-08-19T18:32:48Z,login,hash_1039
evt_1581,usr_54,2026-08-21T11:30:01Z,feature_a,hash_5212
evt_1582,usr_54,2026-08-16T14:00:23Z,feature_b,hash_1737
evt_1583,usr_54,2026-08-20T19:13:15Z,logout,hash_9307
evt_1584,usr_54,2026-08-04T13:41:32Z,logout,hash_9245
evt_1585,usr_54,2026-08-12T23:55:34Z,login,hash_7400
evt_1586,usr_54,2026-08-17T21:06:45Z,feature_b,hash_7745
evt_1587,usr_54,2026-08-15T01:30:11Z,login,hash_7790
evt_1588,usr_54,2026-08-18T11:42:55Z,login,hash_3467
evt_1589,usr_54,2026-08-22T07:38:13Z,login,hash_5018
evt_1590,usr_54,2026-08-13T02:43:40Z,feature_b,hash_5312
evt_1591,usr_54,2026-08-20T01:57:08Z,login,hash_4891
evt_1592,usr_54,2026-08-13T04:07:45Z,export,hash_1414
evt_1593,usr_54,2026-07-19T19:14:33Z,feature_a,hash_7568
evt_1594,usr_54,2026-08-08T17:36:47Z,feature_a,hash_6351
evt_1595,usr_54,2026-08-20T17:36:37Z,feature_b,hash_8781
evt_1596,usr_54,2026-08-22T12:32:23Z,login,hash_5568
evt_1597,usr_54,2026-08-21T01:51:36Z,feature_a,hash_9127
evt_1598,usr_54,2026-08-11T18:01:42Z,login,hash_5970
evt_1599,usr_54,2026-08-15T03:35:27Z,feature_b,hash_9825
evt_1600,usr_54,2026-08-17T06:38:14Z,login,hash_4701
evt_1601,usr_54,2026-08-18T09:54:26Z,feature_b,hash_8051
evt_1602,usr_55,2026-08-12T21:07:00Z,feature_b,hash_3694
evt_1603,usr_55,2026-08-24T14:39:05Z,export,hash_8970
evt_1604,usr_55,2026-08-27T23:29:12Z,login,hash_1663
evt_1605,usr_55,2026-08-16T09:35:48Z,export,hash_4948
evt_1606,usr_55,2026-08-20T06:38:27Z,feature_a,hash_4824
evt_1607,usr_55,2026-08-24T18:37:36Z,login,hash_6322
evt_1608,usr_55,2026-08-23T09:59:08Z,login,hash_2240
evt_1609,usr_55,2026-08-22T09:28:45Z,login,hash_4332
evt_1610,usr_55,2026-07-29T10:26:00Z,login,hash_7581
evt_1611,usr_55,2026-08-26T22:18:47Z,logout,hash_5675
evt_1612,usr_55,2026-08-14T08:22:56Z,login,hash_5166
evt_1613,usr_55,2026-08-26T10:50:28Z,feature_a,hash_2113
evt_1614,usr_55,2026-08-22T04:16:16Z,feature_b,hash_8975
evt_1615,usr_55,2026-08-14T18:26:26Z,login,hash_6399
evt_1616,usr_55,2026-08-22T08:04:58Z,feature_a,hash_3640
evt_1617,usr_55,2026-08-15T02:55:29Z,feature_a,hash_5767
evt_1618,usr_55,2026-08-03T21:38:24Z,feature_a,hash_3200
evt_1619,usr_55,2026-08-19T04:43:13Z,feature_a,hash_8138
evt_1620,usr_55,2026-08-13T00:47:54Z,login,hash_2996
evt_1621,usr_55,2026-08-20T16:12:53Z,login,hash_9332
evt_1622,usr_55,2026-08-17T05:20:19Z,login,hash_6370
evt_1623,usr_55,2026-08-16T11:51:54Z,export,hash_8469
evt_1624,usr_55,2026-08-24T05:33:41Z,login,hash_1981
evt_1625,usr_55,2026-08-16T10:28:25Z,feature_a,hash_5708
evt_1626,usr_55,2026-08-08T01:34:26Z,feature_a,hash_3418
evt_1627,usr_55,2026-08-22T20:51:34Z,feature_a,hash_6603
evt_1628,usr_55,2026-08-17T13:54:33Z,feature_a,hash_8998
evt_1629,usr_55,2026-08-20T15:52:06Z,login,hash_8956
evt_1630,usr_55,2026-08-21T21:32:53Z,feature_a,hash_8904
evt_1631,usr_55,2026-08-13T18:53:19Z,login,hash_3243
evt_1632,usr_55,2026-08-26T04:59:13Z,login,hash_7141
evt_1633,usr_55,2026-08-20T04:13:50Z,login,hash_9188
evt_1634,usr_55,2026-08-23T11:22:20Z,export,hash_9469
evt_1635,usr_55,2026-08-20T20:35:04Z,feature_b,hash_6276
evt_1636,usr_56,2026-07-30T20:55:15Z,login,hash_4506
evt_1637,usr_56,2026-07-18T19:32:04Z,feature_a,hash_2710
evt_1638,usr_56,2026-07-30T10:12:27Z,feature_a,hash_4071
evt_1639,usr_56,2026-07-11T08:35:42Z,login,hash_5762
evt_1640,usr_56,2026-08-01T17:30:04Z,feature_b,hash_7818
evt_1641,usr_56,2026-08-02T02:31:52Z,feature_b,hash_6813
evt_1642,usr_56,2026-07-29T21:25:26Z,feature_b,hash_2383
evt_1643,usr_56,2026-06-26T16:00:01Z,login,hash_4587
evt_1644,usr_56,2026-08-03T18:41:29Z,feature_a,hash_8724
evt_1645,usr_56,2026-07-08T01:32:40Z,feature_a,hash_5990
evt_1646,usr_56,2026-07-23T18:08:15Z,feature_b,hash_8205
evt_1647,usr_56,2026-07-27T06:28:15Z,feature_b,hash_6220
evt_1648,usr_56,2026-07-30T06:17:21Z,login,hash_3050
evt_1649,usr_56,2026-06-29T11:48:14Z,login,hash_9443
evt_1650,usr_56,2026-07-30T06:23:25Z,login,hash_3129
evt_1651,usr_56,2026-08-01T22:10:16Z,feature_b,hash_3006
evt_1652,usr_56,2026-08-01T17:40:19Z,feature_a,hash_2428
evt_1653,usr_56,2026-07-29T23:39:34Z,login,hash_4085
evt_1654,usr_57,2026-09-04T21:38:46Z,feature_b,hash_3863
evt_1655,usr_57,2026-08-22T04:00:22Z,login,hash_2519
evt_1656,usr_57,2026-08-24T01:52:18Z,feature_a,hash_3853
evt_1657,usr_57,2026-08-29T20:32:26Z,feature_a,hash_5615
evt_1658,usr_57,2026-07-28T17:47:19Z,logout,hash_2874
evt_1659,usr_57,2026-07-28T07:26:17Z,login,hash_6850
evt_1660,usr_57,2026-09-04T02:54:59Z,login,hash_3796
evt_1661,usr_57,2026-08-20T09:01:58Z,feature_b,hash_5984
evt_1662,usr_57,2026-08-21T22:18:03Z,login,hash_2706
evt_1663,usr_57,2026-09-04T20:27:26Z,export,hash_3406
evt_1664,usr_57,2026-09-01T21:44:51Z,feature_a,hash_7333
evt_1665,usr_57,2026-09-01T10:50:58Z,login,hash_9634
evt_1666,usr_57,2026-09-04T16:16:42Z,feature_b,hash_5239
evt_1667,usr_57,2026-08-25T07:34:28Z,feature_b,hash_3352
evt_1668,usr_57,2026-08-26T11:51:35Z,login,hash_7900
evt_1669,usr_57,2026-08-27T11:19:33Z,feature_b,hash_7184
evt_1670,usr_57,2026-08-08T03:18:54Z,feature_a,hash_6856
evt_1671,usr_57,2026-09-04T05:32:32Z,feature_a,hash_1694
evt_1672,usr_57,2026-08-24T05:56:31Z,login,hash_2839
evt_1673,usr_57,2026-09-02T01:14:08Z,feature_a,hash_8060
evt_1674,usr_57,2026-08-15T00:05:09Z,feature_a,hash_5379
evt_1675,usr_57,2026-08-28T15:33:12Z,export,hash_5814
evt_1676,usr_57,2026-08-29T03:02:10Z,feature_b,hash_8911
evt_1677,usr_57,2026-08-27T09:43:21Z,feature_a,hash_4862
evt_1678,usr_57,2026-08-31T05:26:24Z,login,hash_3898
evt_1679,usr_57,2026-09-04T17:06:26Z,export,hash_1611
evt_1680,usr_57,2026-08-24T12:23:34Z,feature_b,hash_1417
evt_1681,usr_57,2026-09-02T08:54:02Z,export,hash_7903
evt_1682,usr_57,2026-08-14T11:33:30Z,feature_b,hash_2710
evt_1683,usr_57,2026-09-04T11:00:26Z,login,hash_2577
evt_1684,usr_57,2026-08-31T11:57:08Z,login,hash_3845
evt_1685,usr_57,2026-08-31T18:31:37Z,login,hash_6759
evt_1686,usr_57,2026-08-28T12:33:31Z,feature_a,hash_9821
evt_1687,usr_57,2026-08-03T21:35:45Z,login,hash_5852
evt_1688,usr_57,2026-09-02T10:15:02Z,feature_a,hash_8350
evt_1689,usr_57,2026-08-18T23:16:06Z,feature_b,hash_5573
evt_1690,usr_57,2026-09-01T22:27:49Z,login,hash_1499
evt_1691,usr_57,2026-08-22T00:43:33Z,login,hash_2896
evt_1692,usr_57,2026-08-31T13:17:11Z,feature_b,hash_9296
evt_1693,usr_57,2026-08-31T11:38:56Z,login,hash_3170
evt_1694,usr_57,2026-08-31T22:28:22Z,login,hash_5528
evt_1695,usr_57,2026-09-01T07:34:21Z,feature_a,hash_6377
evt_1696,usr_57,2026-09-04T04:37:36Z,feature_a,hash_9857
evt_1697,usr_57,2026-09-03T11:32:11Z,login,hash_9227
evt_1698,usr_58,2026-08-23T04:44:25Z,login,hash_6231
evt_1699,usr_58,2026-08-04T08:50:04Z,feature_a,hash_5659
evt_1700,usr_58,2026-08-22T03:26:31Z,logout,hash_8054
evt_1701,usr_58,2026-08-18T16:38:59Z,feature_a,hash_1157
evt_1702,usr_58,2026-08-16T13:23:00Z,login,hash_7829
evt_1703,usr_58,2026-08-09T13:19:59Z,feature_b,hash_6454
evt_1704,usr_58,2026-07-30T22:34:49Z,feature_a,hash_8450
evt_1705,usr_58,2026-08-15T20:53:00Z,login,hash_8895
evt_1706,usr_58,2026-08-20T06:53:46Z,feature_a,hash_6529
evt_1707,usr_58,2026-08-24T13:35:28Z,login,hash_6178
evt_1708,usr_58,2026-08-07T04:17:22Z,login,hash_5589
evt_1709,usr_58,2026-08-20T03:27:59Z,feature_b,hash_4059
evt_1710,usr_58,2026-08-22T14:25:08Z,logout,hash_9423
evt_1711,usr_58,2026-08-18T14:50:25Z,feature_b,hash_9538
evt_1712,usr_58,2026-08-19T23:17:12Z,feature_b,hash_1483
evt_1713,usr_58,2026-08-18T13:49:24Z,feature_a,hash_3336
evt_1714,usr_58,2026-08-09T12:06:21Z,login,hash_5988
evt_1715,usr_58,2026-08-13T09:09:47Z,login,hash_8025
evt_1716,usr_58,2026-08-03T13:26:51Z,login,hash_9249
evt_1717,usr_58,2026-08-19T09:36:44Z,login,hash_3980
evt_1718,usr_58,2026-08-15T02:41:20Z,feature_a,hash_5299
evt_1719,usr_58,2026-08-25T00:35:23Z,login,hash_8708
evt_1720,usr_58,2026-08-07T01:09:31Z,feature_b,hash_3046
evt_1721,usr_58,2026-08-18T14:38:06Z,login,hash_7703
evt_1722,usr_59,2026-08-19T08:07:22Z,feature_a,hash_8513
evt_1723,usr_59,2026-08-22T02:10:57Z,login,hash_1453
evt_1724,usr_59,2026-08-22T00:40:32Z,feature_a,hash_6925
evt_1725,usr_59,2026-08-27T12:18:57Z,login,hash_4188
evt_1726,usr_59,2026-08-26T15:54:16Z,feature_a,hash_1033
evt_1727,usr_59,2026-08-14T04:07:24Z,login,hash_9802
evt_1728,usr_59,2026-08-19T08:12:05Z,login,hash_9919
evt_1729,usr_59,2026-08-16T11:40:24Z,feature_b,hash_3772
evt_1730,usr_59,2026-08-05T03:16:20Z,feature_b,hash_7600
evt_1731,usr_59,2026-08-26T18:33:30Z,login,hash_6768
evt_1732,usr_59,2026-08-03T18:29:23Z,export,hash_7447
evt_1733,usr_59,2026-08-26T16:00:21Z,login,hash_9020
evt_1734,usr_59,2026-08-26T14:24:09Z,login,hash_1436
evt_1735,usr_59,2026-08-08T11:51:19Z,feature_a,hash_5012
evt_1736,usr_59,2026-08-20T23:44:42Z,login,hash_6920
evt_1737,usr_59,2026-08-21T12:14:05Z,login,hash_2119
evt_1738,usr_59,2026-08-27T18:19:23Z,feature_a,hash_8794
evt_1739,usr_59,2026-08-08T19:44:04Z,feature_a,hash_7703
evt_1740,usr_59,2026-08-17T10:55:48Z,login,hash_6475
evt_1741,usr_59,2026-08-11T21:02:18Z,export,hash_1985
evt_1742,usr_59,2026-08-10T20:55:54Z,login,hash_9767
evt_1743,usr_59,2026-08-03T19:50:50Z,feature_a,hash_9935
evt_1744,usr_59,2026-08-24T09:24:27Z,login,hash_3315
evt_1745,usr_59,2026-08-06T21:24:47Z,login,hash_6768
evt_1746,usr_59,2026-08-26T22:04:34Z,logout,hash_1177
evt_1747,usr_59,2026-08-25T11:13:59Z,login,hash_9095
evt_1748,usr_59,2026-08-16T14:16:41Z,logout,hash_5060
evt_1749,usr_59,2026-07-31T11:02:19Z,feature_a,hash_6194
evt_1750,usr_59,2026-08-22T10:14:27Z,login,hash_5038
evt_1751,usr_59,2026-08-23T22:53:02Z,login,hash_5460
evt_1752,usr_59,2026-08-23T01:34:02Z,login,hash_1921
evt_1753,usr_60,2026-08-12T20:30:47Z,login,hash_1478
evt_1754,usr_60,2026-08-23T06:43:55Z,login,hash_1040
evt_1755,usr_60,2026-08-16T15:33:23Z,logout,hash_2847
evt_1756,usr_60,2026-08-25T09:29:45Z,feature_b,hash_4653
evt_1757,usr_60,2026-08-16T20:15:13Z,login,hash_4560
evt_1758,usr_60,2026-08-14T16:20:22Z,feature_a,hash_1969
evt_1759,usr_60,2026-08-20T20:18:11Z,login,hash_1985
evt_1760,usr_60,2026-08-26T19:11:06Z,feature_a,hash_3753
evt_1761,usr_60,2026-08-18T01:04:19Z,feature_a,hash_4751
evt_1762,usr_60,2026-08-27T14:48:56Z,export,hash_2812
evt_1763,usr_60,2026-08-18T10:04:00Z,login,hash_4503
evt_1764,usr_60,2026-07-12T09:58:05Z,feature_b,hash_3322
evt_1765,usr_60,2026-08-23T14:48:38Z,feature_b,hash_4169
evt_1766,usr_60,2026-08-25T06:01:57Z,login,hash_4805
evt_1767,usr_60,2026-08-24T12:05:27Z,feature_a,hash_4609
evt_1768,usr_60,2026-07-07T16:12:55Z,login,hash_2393
evt_1769,usr_60,2026-08-26T21:41:08Z,login,hash_9029
evt_1770,usr_60,2026-05-31T10:46:45Z,logout,hash_8827
evt_1771,usr_60,2026-08-25T17:59:16Z,export,hash_8668
evt_1772,usr_60,2026-08-25T00:03:07Z,feature_b,hash_8736
evt_1773,usr_60,2026-08-20T14:00:08Z,feature_b,hash_7682
evt_1774,usr_60,2026-07-30T04:11:56Z,logout,hash_2599
evt_1775,usr_60,2026-08-23T09:40:17Z,logout,hash_2618
evt_1776,usr_60,2026-08-22T14:10:35Z,login,hash_4405
evt_1777,usr_60,2026-08-14T00:08:57Z,feature_a,hash_8708
evt_1778,usr_60,2026-07-23T18:31:11Z,login,hash_3763
evt_1779,usr_60,2026-08-13T01:51:21Z,export,hash_4542
evt_1780,usr_60,2026-07-28T05:08:01Z,feature_a,hash_7012
evt_1781,usr_61,2026-08-25T21:48:48Z,login,hash_7658
evt_1782,usr_61,2026-08-22T23:24:31Z,feature_b,hash_5985
evt_1783,usr_61,2026-08-23T13:36:44Z,login,hash_4235
evt_1784,usr_61,2026-08-23T09:14:51Z,login,hash_6689
evt_1785,usr_61,2026-08-20T05:27:24Z,login,hash_9754
evt_1786,usr_61,2026-08-21T14:45:01Z,login,hash_4122
evt_1787,usr_61,2026-08-17T08:47:53Z,login,hash_1707
evt_1788,usr_61,2026-08-19T22:37:12Z,login,hash_9260
evt_1789,usr_61,2026-08-25T13:14:48Z,feature_b,hash_8664
evt_1790,usr_61,2026-08-27T18:16:03Z,login,hash_8773
evt_1791,usr_61,2026-08-27T13:59:44Z,feature_b,hash_3277
evt_1792,usr_61,2026-08-02T13:28:41Z,login,hash_9290
evt_1793,usr_61,2026-07-21T14:06:08Z,feature_b,hash_3545
evt_1794,usr_61,2026-08-21T07:03:24Z,login,hash_3220
evt_1795,usr_61,2026-08-24T14:03:53Z,feature_b,hash_7481
evt_1796,usr_61,2026-08-10T11:20:43Z,login,hash_6992
evt_1797,usr_61,2026-08-15T01:13:37Z,login,hash_6528
evt_1798,usr_61,2026-08-26T05:25:22Z,login,hash_8817
evt_1799,usr_61,2026-08-26T18:53:58Z,feature_b,hash_7761
evt_1800,usr_61,2026-08-08T23:13:49Z,login,hash_7737
evt_1801,usr_61,2026-08-18T10:22:32Z,feature_b,hash_5772
evt_1802,usr_61,2026-08-20T14:01:06Z,logout,hash_6919
evt_1803,usr_61,2026-07-28T13:00:54Z,feature_a,hash_3949
evt_1804,usr_62,2026-08-19T07:52:29Z,login,hash_8370
evt_1805,usr_62,2026-08-27T06:14:28Z,logout,hash_5332
evt_1806,usr_62,2026-07-30T14:08:19Z,feature_a,hash_8959
evt_1807,usr_62,2026-08-12T05:17:55Z,export,hash_1210
evt_1808,usr_62,2026-08-24T22:11:58Z,logout,hash_3840
evt_1809,usr_62,2026-08-27T21:42:54Z,feature_a,hash_1613
evt_1810,usr_62,2026-07-24T10:56:03Z,login,hash_6851
evt_1811,usr_62,2026-08-25T16:34:10Z,login,hash_6276
evt_1812,usr_62,2026-08-22T15:31:35Z,feature_b,hash_8460
evt_1813,usr_62,2026-08-19T13:52:35Z,login,hash_3447
evt_1814,usr_62,2026-08-06T08:15:27Z,login,hash_3141
evt_1815,usr_62,2026-08-26T19:47:24Z,feature_a,hash_3600
evt_1816,usr_62,2026-08-24T03:23:08Z,login,hash_9370
evt_1817,usr_62,2026-07-10T02:51:12Z,feature_a,hash_2072
evt_1818,usr_62,2026-08-17T22:05:31Z,login,hash_4903
evt_1819,usr_62,2026-08-27T13:28:21Z,feature_b,hash_1863
evt_1820,usr_62,2026-08-18T20:17:57Z,login,hash_1367
evt_1821,usr_62,2026-08-24T13:25:34Z,login,hash_2089
evt_1822,usr_62,2026-08-13T17:42:13Z,login,hash_5974
evt_1823,usr_62,2026-08-26T01:26:02Z,login,hash_5521
evt_1824,usr_62,2026-08-23T13:03:45Z,feature_b,hash_8362
evt_1825,usr_62,2026-08-24T02:51:41Z,login,hash_7305
evt_1826,usr_62,2026-08-26T12:15:05Z,login,hash_7545
evt_1827,usr_62,2026-08-06T04:45:08Z,login,hash_1398
evt_1828,usr_62,2026-08-24T20:26:33Z,feature_a,hash_4180
evt_1829,usr_62,2026-08-15T19:58:47Z,login,hash_9301
evt_1830,usr_62,2026-08-15T11:50:43Z,logout,hash_9391
evt_1831,usr_62,2026-07-22T20:29:07Z,logout,hash_2320
evt_1832,usr_62,2026-08-27T11:05:22Z,feature_a,hash_6408
evt_1833,usr_62,2026-08-17T15:29:42Z,feature_a,hash_4306
evt_1834,usr_62,2026-08-28T03:17:36Z,export,hash_7584
evt_1835,usr_62,2026-08-27T10:27:49Z,logout,hash_7845
evt_1836,usr_62,2026-08-26T05:11:50Z,export,hash_2399
evt_1837,usr_62,2026-08-26T05:10:07Z,feature_b,hash_3541
evt_1838,usr_62,2026-08-25T23:07:02Z,export,hash_9643
evt_1839,usr_62,2026-08-23T12:09:30Z,feature_a,hash_6973
evt_1840,usr_62,2026-08-29T01:02:06Z,feature_a,hash_5009
evt_1841,usr_62,2026-08-19T18:18:13Z,login,hash_9614
evt_1842,usr_62,2026-08-10T07:59:16Z,login,hash_9383
evt_1843,usr_62,2026-08-25T12:42:54Z,login,hash_2204
evt_1844,usr_62,2026-08-04T20:25:48Z,login,hash_1571
evt_1845,usr_62,2026-08-27T23:57:27Z,feature_b,hash_3653
evt_1846,usr_62,2026-07-31T10:44:28Z,feature_b,hash_1496
evt_1847,usr_62,2026-08-24T15:19:22Z,feature_a,hash_7043
evt_1848,usr_63,2026-08-06T17:27:57Z,login,hash_1566
evt_1849,usr_63,2026-08-09T13:23:16Z,login,hash_9290
evt_1850,usr_63,2026-07-31T05:40:41Z,login,hash_2886
evt_1851,usr_63,2026-08-20T07:31:48Z,login,hash_1275
evt_1852,usr_63,2026-07-31T13:52:26Z,export,hash_8953
evt_1853,usr_63,2026-08-17T10:21:38Z,feature_a,hash_6658
evt_1854,usr_63,2026-08-19T05:48:26Z,feature_b,hash_7712
evt_1855,usr_63,2026-08-18T07:11:44Z,login,hash_5143
evt_1856,usr_63,2026-08-16T17:45:19Z,logout,hash_8743
evt_1857,usr_63,2026-08-15T11:44:49Z,login,hash_5975
evt_1858,usr_63,2026-08-19T18:52:32Z,feature_a,hash_3293
evt_1859,usr_63,2026-08-20T20:53:17Z,feature_b,hash_4068
evt_1860,usr_63,2026-08-19T18:06:08Z,login,hash_8873
evt_1861,usr_63,2026-08-18T08:52:46Z,feature_b,hash_2430
evt_1862,usr_63,2026-08-18T23:42:39Z,feature_a,hash_6322
evt_1863,usr_63,2026-08-16T18:45:06Z,login,hash_4211
evt_1864,usr_63,2026-07-30T00:53:13Z,login,hash_1991
evt_1865,usr_63,2026-08-16T14:24:17Z,login,hash_6568
evt_1866,usr_63,2026-08-09T21:51:00Z,login,hash_6131
evt_1867,usr_63,2026-08-17T23:39:17Z,feature_b,hash_1471
evt_1868,usr_63,2026-08-03T20:04:38Z,login,hash_3535
evt_1869,usr_63,2026-08-18T15:13:18Z,logout,hash_8949
evt_1870,usr_63,2026-08-18T03:30:15Z,export,hash_8294
evt_1871,usr_63,2026-07-25T13:43:20Z,login,hash_4721
evt_1872,usr_63,2026-06-19T06:16:20Z,login,hash_8555
evt_1873,usr_63,2026-08-19T05:01:26Z,login,hash_7687
evt_1874,usr_64,2026-08-06T07:56:33Z,feature_a,hash_5946
evt_1875,usr_64,2026-08-19T02:17:12Z,login,hash_1490
evt_1876,usr_64,2026-07-25T10:43:15Z,feature_b,hash_9743
evt_1877,usr_64,2026-08-18T02:08:23Z,login,hash_9748
evt_1878,usr_64,2026-08-16T21:27:17Z,login,hash_1579
evt_1879,usr_64,2026-08-19T02:40:11Z,export,hash_8830
evt_1880,usr_64,2026-08-18T15:16:16Z,feature_b,hash_3724
evt_1881,usr_64,2026-08-19T02:02:37Z,logout,hash_3333
evt_1882,usr_64,2026-08-22T06:22:05Z,login,hash_4274
evt_1883,usr_64,2026-08-14T19:16:44Z,login,hash_6547
evt_1884,usr_64,2026-08-12T08:14:38Z,login,hash_6959
evt_1885,usr_64,2026-07-04T15:47:31Z,login,hash_8317
evt_1886,usr_64,2026-08-16T14:25:23Z,export,hash_1168
evt_1887,usr_64,2026-08-19T17:11:41Z,login,hash_1966
evt_1888,usr_64,2026-08-17T15:51:47Z,export,hash_9839
evt_1889,usr_64,2026-08-04T09:29:43Z,feature_b,hash_5895
evt_1890,usr_64,2026-08-16T07:16:33Z,feature_b,hash_4460
evt_1891,usr_64,2026-08-19T05:04:12Z,logout,hash_2870
evt_1892,usr_64,2026-08-21T22:15:38Z,feature_a,hash_6117
evt_1893,usr_64,2026-08-04T20:16:53Z,feature_a,hash_6503
evt_1894,usr_64,2026-08-17T08:11:51Z,login,hash_8119
evt_1895,usr_64,2026-08-18T08:04:01Z,feature_b,hash_7099
evt_1896,usr_65,2026-08-21T06:30:25Z,feature_a,hash_6169
evt_1897,usr_65,2026-08-22T00:15:11Z,export,hash_5064
evt_1898,usr_65,2026-08-09T14:34:35Z,feature_a,hash_9192
evt_1899,usr_65,2026-08-22T15:13:42Z,feature_a,hash_5957
evt_1900,usr_65,2026-08-06T08:40:49Z,login,hash_4861
evt_1901,usr_65,2026-08-14T09:17:14Z,login,hash_9323
evt_1902,usr_65,2026-08-13T20:48:00Z,login,hash_6864
evt_1903,usr_65,2026-08-18T22:30:35Z,export,hash_9733
evt_1904,usr_65,2026-08-21T18:34:29Z,feature_a,hash_6449
evt_1905,usr_65,2026-08-19T06:41:54Z,feature_b,hash_2475
evt_1906,usr_65,2026-08-23T00:30:22Z,feature_b,hash_6530
evt_1907,usr_65,2026-08-16T22:49:59Z,feature_b,hash_1731
evt_1908,usr_65,2026-08-15T10:16:00Z,feature_a,hash_1530
evt_1909,usr_65,2026-08-21T20:57:18Z,feature_a,hash_2355
evt_1910,usr_65,2026-08-21T18:25:24Z,feature_b,hash_1640
evt_1911,usr_65,2026-08-17T00:03:51Z,feature_b,hash_5412
evt_1912,usr_65,2026-08-18T19:08:42Z,login,hash_1432
evt_1913,usr_65,2026-08-21T09:30:49Z,feature_b,hash_1472
evt_1914,usr_65,2026-07-08T10:41:11Z,login,hash_4379
evt_1915,usr_65,2026-08-18T15:53:45Z,login,hash_9917
evt_1916,usr_65,2026-08-21T00:52:11Z,export,hash_4911
evt_1917,usr_65,2026-08-21T00:05:19Z,feature_a,hash_2701
evt_1918,usr_66,2026-07-24T06:04:15Z,feature_b,hash_2826
evt_1919,usr_66,2026-08-09T00:13:35Z,feature_b,hash_7676
evt_1920,usr_66,2026-08-17T00:47:44Z,feature_a,hash_4766
evt_1921,usr_66,2026-08-12T04:25:27Z,login,hash_9934
evt_1922,usr_66,2026-08-15T11:57:17Z,export,hash_7263
evt_1923,usr_66,2026-08-05T03:47:57Z,export,hash_9724
evt_1924,usr_66,2026-07-25T21:47:22Z,login,hash_6536
evt_1925,usr_66,2026-07-06T07:57:10Z,feature_a,hash_6611
evt_1926,usr_66,2026-08-13T21:36:40Z,feature_a,hash_9133
evt_1927,usr_66,2026-07-29T16:50:24Z,login,hash_8554
evt_1928,usr_66,2026-08-06T16:36:27Z,login,hash_8807
evt_1929,usr_66,2026-07-22T16:12:17Z,feature_a,hash_8487
evt_1930,usr_66,2026-08-16T09:37:08Z,login,hash_1136
evt_1931,usr_66,2026-07-31T01:50:15Z,export,hash_3267
evt_1932,usr_66,2026-08-17T00:48:57Z,export,hash_5910
evt_1933,usr_66,2026-08-03T01:50:58Z,login,hash_2574
evt_1934,usr_66,2026-08-12T13:38:25Z,export,hash_2114
evt_1935,usr_66,2026-08-16T06:59:44Z,export,hash_1397
evt_1936,usr_66,2026-08-16T02:05:19Z,feature_b,hash_1874
evt_1937,usr_66,2026-08-16T13:04:46Z,feature_a,hash_8269
evt_1938,usr_66,2026-08-09T18:07:29Z,login,hash_9133
evt_1939,usr_66,2026-08-06T03:33:49Z,feature_b,hash_9004
evt_1940,usr_66,2026-07-12T15:39:01Z,feature_b,hash_5953
evt_1941,usr_66,2026-08-16T00:18:47Z,login,hash_5633
evt_1942,usr_66,2026-08-16T11:41:13Z,feature_b,hash_8435
evt_1943,usr_66,2026-08-14T13:45:03Z,login,hash_7049
evt_1944,usr_66,2026-08-04T06:43:35Z,export,hash_8998
evt_1945,usr_66,2026-08-10T17:16:05Z,login,hash_4714
evt_1946,usr_66,2026-08-16T07:06:27Z,login,hash_9155
evt_1947,usr_66,2026-08-09T12:45:26Z,feature_b,hash_7896
evt_1948,usr_66,2026-08-13T13:07:57Z,logout,hash_9060
evt_1949,usr_66,2026-08-10T09:03:15Z,feature_b,hash_1583
evt_1950,usr_67,2026-07-27T05:22:42Z,feature_b,hash_7475
evt_1951,usr_67,2026-08-10T09:48:42Z,feature_b,hash_5559
evt_1952,usr_67,2026-08-23T12:13:26Z,logout,hash_1608
evt_1953,usr_67,2026-08-15T00:15:16Z,logout,hash_3078
evt_1954,usr_67,2026-08-08T06:09:34Z,feature_b,hash_1331
evt_1955,usr_67,2026-08-12T19:58:15Z,login,hash_3923
evt_1956,usr_67,2026-08-25T15:40:18Z,feature_a,hash_6484
evt_1957,usr_67,2026-08-22T13:06:14Z,login,hash_7132
evt_1958,usr_67,2026-08-16T12:36:14Z,feature_b,hash_1720
evt_1959,usr_67,2026-08-08T01:06:57Z,feature_a,hash_7158
evt_1960,usr_67,2026-08-24T07:04:35Z,feature_b,hash_4719
evt_1961,usr_67,2026-08-24T13:11:56Z,feature_b,hash_8336
evt_1962,usr_67,2026-08-19T23:56:16Z,login,hash_8211
evt_1963,usr_67,2026-08-23T13:48:04Z,login,hash_4282
evt_1964,usr_67,2026-08-19T07:37:12Z,feature_a,hash_1337
evt_1965,usr_67,2026-08-19T20:03:55Z,login,hash_4445
evt_1966,usr_67,2026-08-16T01:24:56Z,export,hash_9958
evt_1967,usr_67,2026-08-22T22:47:04Z,feature_b,hash_8305
evt_1968,usr_67,2026-08-21T11:20:17Z,export,hash_8912
evt_1969,usr_67,2026-07-30T22:35:34Z,login,hash_2533
evt_1970,usr_67,2026-07-19T10:26:55Z,feature_b,hash_2027
evt_1971,usr_67,2026-08-24T22:16:51Z,logout,hash_5669
evt_1972,usr_67,2026-08-08T23:11:44Z,feature_a,hash_6935
evt_1973,usr_67,2026-08-19T23:43:20Z,feature_b,hash_7622
evt_1974,usr_67,2026-08-18T01:54:41Z,feature_b,hash_6078
evt_1975,usr_67,2026-08-25T03:58:40Z,export,hash_4305
evt_1976,usr_68,2026-08-24T14:57:36Z,feature_b,hash_5623
evt_1977,usr_68,2026-08-05T18:15:07Z,feature_a,hash_6435
evt_1978,usr_68,2026-08-23T11:47:53Z,login,hash_8143
evt_1979,usr_68,2026-08-12T11:22:50Z,feature_a,hash_5542
evt_1980,usr_68,2026-07-19T05:47:03Z,feature_b,hash_7262
evt_1981,usr_68,2026-08-23T08:40:13Z,login,hash_5464
evt_1982,usr_68,2026-07-21T04:08:27Z,login,hash_2425
evt_1983,usr_68,2026-08-16T17:42:33Z,feature_b,hash_4512
evt_1984,usr_68,2026-08-23T18:02:35Z,login,hash_7037
evt_1985,usr_68,2026-08-23T08:33:17Z,feature_a,hash_3080
evt_1986,usr_68,2026-08-17T10:49:16Z,feature_a,hash_1867
evt_1987,usr_68,2026-08-23T07:48:12Z,login,hash_3453
evt_1988,usr_68,2026-08-19T23:12:32Z,login,hash_4392
evt_1989,usr_68,2026-08-13T11:02:16Z,feature_a,hash_1948
evt_1990,usr_68,2026-07-12T11:00:33Z,login,hash_9001
evt_1991,usr_68,2026-08-24T11:21:47Z,feature_b,hash_7123
evt_1992,usr_68,2026-08-03T04:12:40Z,login,hash_9952
evt_1993,usr_68,2026-08-19T09:25:23Z,login,hash_6606
evt_1994,usr_68,2026-08-24T11:01:08Z,feature_a,hash_8386
evt_1995,usr_68,2026-08-22T10:25:54Z,login,hash_5231
evt_1996,usr_68,2026-08-24T18:58:26Z,feature_b,hash_6414
evt_1997,usr_68,2026-08-18T12:07:26Z,feature_b,hash_6216
evt_1998,usr_68,2026-08-17T09:35:19Z,feature_b,hash_3988
evt_1999,usr_68,2026-08-24T17:00:00Z,login,hash_6462
evt_2000,usr_68,2026-08-13T03:38:25Z,login,hash_6733
evt_2001,usr_68,2026-08-19T19:00:26Z,login,hash_2000
evt_2002,usr_68,2026-08-23T00:37:41Z,login,hash_5299
evt_2003,usr_68,2026-08-01T19:23:24Z,login,hash_2842
evt_2004,usr_68,2026-08-24T20:29:47Z,feature_b,hash_3803
evt_2005,usr_68,2026-08-08T14:30:55Z,feature_a,hash_4422
evt_2006,usr_68,2026-08-22T23:15:59Z,login,hash_1378
evt_2007,usr_68,2026-08-10T06:51:40Z,login,hash_2058
evt_2008,usr_68,2026-08-11T00:36:40Z,feature_a,hash_9697
evt_2009,usr_69,2026-08-29T19:45:23Z,login,hash_2279
evt_2010,usr_69,2026-08-25T14:05:21Z,login,hash_8566
evt_2011,usr_69,2026-08-13T10:10:53Z,login,hash_7325
evt_2012,usr_69,2026-08-12T09:01:53Z,feature_a,hash_2245
evt_2013,usr_69,2026-08-24T11:01:28Z,feature_b,hash_2228
evt_2014,usr_69,2026-08-29T06:37:37Z,login,hash_6611
evt_2015,usr_69,2026-08-12T10:50:21Z,login,hash_5979
evt_2016,usr_69,2026-09-01T18:37:59Z,login,hash_5760
evt_2017,usr_69,2026-08-30T04:52:04Z,feature_b,hash_8941
evt_2018,usr_69,2026-07-19T03:40:49Z,login,hash_7993
evt_2019,usr_69,2026-08-21T18:38:31Z,login,hash_2250
evt_2020,usr_69,2026-08-26T21:13:10Z,feature_a,hash_7720
evt_2021,usr_69,2026-08-31T10:34:42Z,export,hash_7565
evt_2022,usr_69,2026-08-29T13:15:30Z,login,hash_8354
evt_2023,usr_69,2026-08-12T23:49:06Z,login,hash_8686
evt_2024,usr_69,2026-08-29T14:11:39Z,login,hash_3784
evt_2025,usr_69,2026-08-16T02:29:08Z,login,hash_6109
evt_2026,usr_69,2026-07-26T12:06:04Z,export,hash_4543
evt_2027,usr_69,2026-08-09T22:44:45Z,feature_a,hash_8190
evt_2028,usr_69,2026-08-13T06:11:59Z,login,hash_2329
evt_2029,usr_69,2026-08-28T19:28:18Z,login,hash_5841
evt_2030,usr_69,2026-08-28T02:21:58Z,feature_b,hash_7006
evt_2031,usr_69,2026-08-26T08:59:37Z,feature_a,hash_5561
evt_2032,usr_69,2026-08-31T22:37:16Z,feature_a,hash_5121
evt_2033,usr_69,2026-08-26T19:34:21Z,feature_a,hash_1764
evt_2034,usr_69,2026-08-22T14:24:58Z,login,hash_1677
evt_2035,usr_69,2026-09-01T19:17:29Z,login,hash_9851
evt_2036,usr_69,2026-09-01T06:39:13Z,feature_b,hash_5477
evt_2037,usr_69,2026-08-31T12:58:44Z,feature_b,hash_2236
evt_2038,usr_69,2026-08-23T08:13:03Z,feature_b,hash_3578
evt_2039,usr_69,2026-08-27T15:01:48Z,login,hash_7637
evt_2040,usr_69,2026-08-23T09:17:31Z,feature_b,hash_5818
evt_2041,usr_69,2026-08-23T10:35:59Z,login,hash_1120
evt_2042,usr_70,2026-08-01T00:15:29Z,login,hash_5852
evt_2043,usr_70,2026-08-21T08:51:58Z,login,hash_6135
evt_2044,usr_70,2026-08-27T02:58:20Z,logout,hash_1384
evt_2045,usr_70,2026-08-24T20:26:28Z,login,hash_5339
evt_2046,usr_70,2026-08-16T06:31:22Z,logout,hash_7189
evt_2047,usr_70,2026-08-19T08:51:32Z,login,hash_7881
evt_2048,usr_70,2026-08-19T14:32:42Z,export,hash_6225
evt_2049,usr_70,2026-08-19T18:04:23Z,feature_a,hash_1651
evt_2050,usr_70,2026-08-22T06:15:30Z,login,hash_2069
evt_2051,usr_70,2026-08-28T16:14:33Z,feature_a,hash_6551
evt_2052,usr_70,2026-08-13T11:28:30Z,feature_b,hash_6897
evt_2053,usr_70,2026-08-25T09:24:28Z,feature_b,hash_9734
evt_2054,usr_70,2026-08-29T21:21:33Z,feature_b,hash_7328
evt_2055,usr_70,2026-08-27T05:52:01Z,login,hash_9915
evt_2056,usr_70,2026-08-11T03:39:29Z,feature_b,hash_2407
evt_2057,usr_70,2026-08-25T09:16:53Z,logout,hash_5650
evt_2058,usr_70,2026-08-28T06:50:21Z,export,hash_9038
evt_2059,usr_70,2026-08-27T21:56:26Z,export,hash_8099
evt_2060,usr_70,2026-08-29T11:44:40Z,logout,hash_2365
evt_2061,usr_70,2026-08-29T00:22:50Z,login,hash_1436
evt_2062,usr_70,2026-08-25T21:31:28Z,login,hash_5103
evt_2063,usr_70,2026-07-26T11:42:58Z,login,hash_7657
evt_2064,usr_70,2026-08-22T09:34:10Z,feature_a,hash_2980
evt_2065,usr_70,2026-08-29T23:57:58Z,feature_b,hash_8389
evt_2066,usr_70,2026-07-27T17:08:03Z,login,hash_9969
evt_2067,usr_70,2026-08-18T19:06:18Z,login,hash_3855
evt_2068,usr_70,2026-08-19T06:44:20Z,feature_a,hash_3395
evt_2069,usr_70,2026-08-19T00:29:11Z,export,hash_7934
evt_2070,usr_70,2026-08-29T07:18:15Z,login,hash_3026
evt_2071,usr_70,2026-08-22T18:14:35Z,feature_a,hash_3131
evt_2072,usr_70,2026-08-14T18:16:47Z,feature_b,hash_8272
evt_2073,usr_71,2026-08-15T22:07:15Z,login,hash_9594
evt_2074,usr_71,2026-08-21T07:25:46Z,login,hash_8829
evt_2075,usr_71,2026-08-08T18:32:22Z,login,hash_4000
evt_2076,usr_71,2026-09-02T00:54:41Z,login,hash_9266
evt_2077,usr_71,2026-08-31T22:36:18Z,export,hash_2104
evt_2078,usr_71,2026-08-22T06:41:12Z,login,hash_5710
evt_2079,usr_71,2026-08-29T19:26:37Z,export,hash_1615
evt_2080,usr_71,2026-09-02T17:20:39Z,feature_a,hash_2726
evt_2081,usr_71,2026-09-01T12:56:17Z,login,hash_7182
evt_2082,usr_71,2026-07-21T23:39:48Z,login,hash_8202
evt_2083,usr_71,2026-08-23T19:59:55Z,feature_b,hash_7152
evt_2084,usr_71,2026-09-02T18:20:05Z,feature_b,hash_1597
evt_2085,usr_71,2026-07-20T07:07:58Z,logout,hash_7532
evt_2086,usr_71,2026-09-02T13:58:07Z,feature_a,hash_4370
evt_2087,usr_71,2026-08-16T00:18:57Z,login,hash_5820
evt_2088,usr_71,2026-08-29T23:41:22Z,export,hash_5975
evt_2089,usr_71,2026-08-15T13:12:28Z,feature_a,hash_8947
evt_2090,usr_71,2026-08-28T20:25:32Z,login,hash_9699
evt_2091,usr_71,2026-08-26T12:08:11Z,login,hash_5644
evt_2092,usr_71,2026-08-28T16:02:17Z,logout,hash_4443
evt_2093,usr_71,2026-08-25T08:23:34Z,feature_b,hash_5252
evt_2094,usr_71,2026-08-30T19:27:38Z,export,hash_4479
evt_2095,usr_71,2026-09-03T02:12:44Z,login,hash_5501
evt_2096,usr_71,2026-08-02T23:50:19Z,login,hash_4279
evt_2097,usr_71,2026-09-01T08:16:38Z,login,hash_5578
evt_2098,usr_71,2026-09-02T19:23:47Z,feature_a,hash_3204
evt_2099,usr_71,2026-09-01T21:08:18Z,login,hash_3997
evt_2100,usr_71,2026-08-03T22:49:32Z,login,hash_6770
evt_2101,usr_71,2026-08-20T02:13:56Z,login,hash_3459
evt_2102,usr_71,2026-08-15T05:18:19Z,login,hash_9611
evt_2103,usr_71,2026-08-26T10:21:01Z,login,hash_7779
evt_2104,usr_71,2026-08-30T10:31:30Z,feature_b,hash_2410
evt_2105,usr_71,2026-08-17T12:39:48Z,feature_b,hash_4571
evt_2106,usr_71,2026-08-22T22:54:52Z,logout,hash_7958
evt_2107,usr_71,2026-06-30T19:08:55Z,export,hash_3601
evt_2108,usr_71,2026-08-28T00:27:51Z,login,hash_7487
evt_2109,usr_71,2026-08-29T04:01:20Z,login,hash_5933
evt_2110,usr_71,2026-09-02T20:15:28Z,login,hash_5061
evt_2111,usr_71,2026-08-07T16:57:43Z,feature_b,hash_1052
evt_2112,usr_71,2026-08-24T06:51:47Z,feature_a,hash_6056
evt_2113,usr_71,2026-07-23T14:41:43Z,feature_b,hash_6750
evt_2114,usr_72,2026-08-17T03:16:35Z,feature_a,hash_7286
evt_2115,usr_72,2026-08-21T07:03:44Z,feature_a,hash_8051
evt_2116,usr_72,2026-08-04T21:27:04Z,feature_b,hash_4829
evt_2117,usr_72,2026-08-28T10:49:32Z,login,hash_9936
evt_2118,usr_72,2026-09-01T13:11:19Z,feature_a,hash_4876
evt_2119,usr_72,2026-07-31T11:36:11Z,feature_b,hash_7168
evt_2120,usr_72,2026-08-19T04:41:59Z,feature_b,hash_2785
evt_2121,usr_72,2026-08-31T08:16:16Z,feature_b,hash_8033
evt_2122,usr_72,2026-08-30T22:30:24Z,login,hash_6497
evt_2123,usr_72,2026-08-26T11:50:25Z,feature_a,hash_7924
evt_2124,usr_72,2026-08-30T07:42:08Z,feature_b,hash_1397
evt_2125,usr_72,2026-08-24T02:50:23Z,feature_a,hash_9680
evt_2126,usr_72,2026-08-19T00:38:13Z,feature_a,hash_9906
evt_2127,usr_72,2026-08-21T20:43:13Z,login,hash_3596
evt_2128,usr_72,2026-08-13T15:53:36Z,login,hash_2324
evt_2129,usr_72,2026-08-31T05:42:15Z,login,hash_2314
evt_2130,usr_72,2026-09-02T01:52:07Z,login,hash_8613
evt_2131,usr_72,2026-08-21T22:02:33Z,login,hash_3484
evt_2132,usr_72,2026-08-12T19:00:18Z,feature_b,hash_2398
evt_2133,usr_72,2026-08-27T15:53:36Z,feature_a,hash_4648
evt_2134,usr_72,2026-08-21T08:24:11Z,feature_a,hash_5001
evt_2135,usr_72,2026-09-01T09:50:29Z,feature_a,hash_6874
evt_2136,usr_72,2026-08-26T11:10:44Z,login,hash_2020
evt_2137,usr_72,2026-08-26T16:49:59Z,feature_a,hash_5148
evt_2138,usr_72,2026-08-19T00:58:35Z,export,hash_9170
evt_2139,usr_72,2026-08-27T08:48:43Z,login,hash_1867
evt_2140,usr_72,2026-08-27T10:51:42Z,feature_b,hash_1675
evt_2141,usr_72,2026-08-27T22:31:08Z,feature_a,hash_9690
evt_2142,usr_72,2026-08-31T06:23:47Z,login,hash_6760
evt_2143,usr_72,2026-08-20T05:12:28Z,login,hash_5541
evt_2144,usr_72,2026-08-12T16:07:17Z,logout,hash_1820
evt_2145,usr_72,2026-08-26T03:27:49Z,login,hash_2571
evt_2146,usr_72,2026-08-28T01:12:54Z,feature_a,hash_8498
evt_2147,usr_72,2026-08-20T01:07:50Z,logout,hash_6222
evt_2148,usr_72,2026-08-03T09:35:04Z,login,hash_9277
evt_2149,usr_73,2026-08-08T01:42:30Z,login,hash_6925
evt_2150,usr_73,2026-08-07T05:48:02Z,feature_a,hash_1488
evt_2151,usr_73,2026-08-06T13:01:39Z,login,hash_2411
evt_2152,usr_73,2026-08-18T21:06:19Z,login,hash_8208
evt_2153,usr_73,2026-08-17T02:51:52Z,login,hash_6547
evt_2154,usr_73,2026-08-18T07:07:07Z,login,hash_6342
evt_2155,usr_73,2026-08-14T14:43:14Z,login,hash_6914
evt_2156,usr_73,2026-08-02T11:49:48Z,login,hash_6907
evt_2157,usr_73,2026-08-10T19:40:24Z,login,hash_7811
evt_2158,usr_73,2026-08-17T04:21:56Z,export,hash_4505
evt_2159,usr_73,2026-08-06T05:44:44Z,feature_a,hash_2896
evt_2160,usr_73,2026-08-14T22:21:12Z,export,hash_9716
evt_2161,usr_73,2026-08-12T16:24:59Z,logout,hash_8707
evt_2162,usr_73,2026-08-15T07:21:38Z,feature_b,hash_9169
evt_2163,usr_73,2026-07-26T08:57:23Z,feature_b,hash_7877
evt_2164,usr_73,2026-07-30T21:32:55Z,login,hash_3509
evt_2165,usr_73,2026-08-15T15:40:59Z,feature_a,hash_6434
evt_2166,usr_73,2026-08-07T02:45:00Z,login,hash_2456
evt_2167,usr_73,2026-08-08T02:18:57Z,export,hash_1613
evt_2168,usr_73,2026-08-14T06:18:14Z,login,hash_4144
evt_2169,usr_74,2026-08-20T10:05:27Z,feature_b,hash_1090
evt_2170,usr_74,2026-08-17T11:38:02Z,feature_b,hash_5551
evt_2171,usr_74,2026-08-19T20:45:47Z,login,hash_7629
evt_2172,usr_74,2026-08-18T15:27:50Z,feature_a,hash_8786
evt_2173,usr_74,2026-08-19T14:20:05Z,export,hash_7727
evt_2174,usr_74,2026-08-10T06:30:04Z,login,hash_6210
evt_2175,usr_74,2026-08-17T17:26:45Z,logout,hash_3413
evt_2176,usr_74,2026-07-15T20:24:36Z,feature_b,hash_5582
evt_2177,usr_74,2026-08-10T21:09:27Z,feature_a,hash_6052
evt_2178,usr_74,2026-08-19T17:03:33Z,feature_b,hash_4032
evt_2179,usr_74,2026-07-14T02:15:27Z,logout,hash_1836
evt_2180,usr_74,2026-08-12T09:47:42Z,login,hash_8926
evt_2181,usr_74,2026-08-16T20:18:35Z,logout,hash_4777
evt_2182,usr_74,2026-08-15T11:48:37Z,feature_b,hash_7542
evt_2183,usr_74,2026-08-10T21:18:47Z,logout,hash_1921
evt_2184,usr_74,2026-08-16T20:29:01Z,login,hash_7868
evt_2185,usr_74,2026-08-06T22:07:39Z,login,hash_4787
evt_2186,usr_74,2026-08-15T17:16:49Z,feature_a,hash_9483
evt_2187,usr_74,2026-08-17T04:03:46Z,feature_b,hash_9278
evt_2188,usr_74,2026-08-20T23:31:00Z,export,hash_5679
evt_2189,usr_74,2026-08-17T21:53:06Z,feature_a,hash_3111
evt_2190,usr_74,2026-07-28T09:00:07Z,feature_b,hash_2850
evt_2191,usr_74,2026-08-13T20:40:23Z,login,hash_3808
evt_2192,usr_74,2026-07-30T18:24:37Z,login,hash_9759
evt_2193,usr_74,2026-08-18T08:04:56Z,login,hash_7050
evt_2194,usr_75,2026-08-11T21:31:31Z,export,hash_5164
evt_2195,usr_75,2026-08-24T18:08:41Z,feature_b,hash_6503
evt_2196,usr_75,2026-08-19T08:11:26Z,login,hash_2559
evt_2197,usr_75,2026-08-24T04:18:40Z,logout,hash_4541
evt_2198,usr_75,2026-08-23T10:26:56Z,feature_b,hash_2814
evt_2199,usr_75,2026-08-28T16:04:55Z,login,hash_4394
evt_2200,usr_75,2026-07-12T19:28:19Z,feature_b,hash_6409
evt_2201,usr_75,2026-08-23T10:32:59Z,feature_a,hash_5854
evt_2202,usr_75,2026-08-25T11:41:57Z,login,hash_8322
evt_2203,usr_75,2026-08-30T00:46:55Z,feature_a,hash_2366
evt_2204,usr_75,2026-08-02T11:29:35Z,logout,hash_2751
evt_2205,usr_75,2026-08-28T08:27:01Z,feature_b,hash_2170
evt_2206,usr_75,2026-08-29T20:41:03Z,feature_b,hash_2906
evt_2207,usr_75,2026-08-24T12:12:25Z,logout,hash_5683
evt_2208,usr_75,2026-08-26T22:56:12Z,feature_a,hash_5808
evt_2209,usr_75,2026-08-28T03:25:14Z,export,hash_6528
evt_2210,usr_75,2026-08-27T04:45:30Z,feature_a,hash_7217
evt_2211,usr_75,2026-08-15T22:03:07Z,feature_b,hash_3336
evt_2212,usr_75,2026-08-27T19:52:17Z,login,hash_1721
evt_2213,usr_75,2026-08-27T12:54:38Z,feature_a,hash_9344
evt_2214,usr_75,2026-08-12T11:45:19Z,feature_a,hash_2228
evt_2215,usr_75,2026-08-22T15:42:30Z,logout,hash_5686
evt_2216,usr_75,2026-08-23T20:31:18Z,feature_a,hash_6391
evt_2217,usr_75,2026-08-23T08:19:17Z,export,hash_3202
evt_2218,usr_75,2026-08-25T00:21:04Z,logout,hash_6174
evt_2219,usr_75,2026-08-24T10:16:51Z,export,hash_8670
evt_2220,usr_75,2026-08-28T05:20:59Z,feature_b,hash_3030
evt_2221,usr_75,2026-08-13T01:15:28Z,feature_b,hash_4277
evt_2222,usr_75,2026-08-09T22:38:44Z,login,hash_7844
evt_2223,usr_75,2026-08-12T09:47:16Z,login,hash_3383
evt_2224,usr_75,2026-08-17T23:58:14Z,feature_a,hash_7004
evt_2225,usr_75,2026-08-17T16:38:01Z,feature_a,hash_1823
evt_2226,usr_75,2026-08-28T11:38:11Z,feature_b,hash_7415
evt_2227,usr_75,2026-08-11T18:57:21Z,login,hash_1380
evt_2228,usr_75,2026-08-01T08:38:41Z,login,hash_6003
evt_2229,usr_75,2026-07-18T22:07:34Z,logout,hash_8046
evt_2230,usr_76,2026-08-29T01:36:17Z,login,hash_6464
evt_2231,usr_76,2026-08-16T22:18:15Z,feature_a,hash_5352
evt_2232,usr_76,2026-08-18T22:02:37Z,feature_b,hash_3221
evt_2233,usr_76,2026-08-29T15:18:33Z,export,hash_8143
evt_2234,usr_76,2026-07-09T16:01:11Z,export,hash_7613
evt_2235,usr_76,2026-08-22T11:52:43Z,feature_b,hash_5130
evt_2236,usr_76,2026-08-08T18:08:24Z,login,hash_1184
evt_2237,usr_76,2026-08-15T00:05:55Z,export,hash_6222
evt_2238,usr_76,2026-07-31T20:07:09Z,login,hash_2444
evt_2239,usr_76,2026-08-26T08:13:29Z,feature_a,hash_2652
evt_2240,usr_76,2026-08-21T19:10:25Z,logout,hash_4366
evt_2241,usr_76,2026-08-23T04:52:27Z,feature_a,hash_5797
evt_2242,usr_76,2026-07-25T18:06:05Z,login,hash_8896
evt_2243,usr_76,2026-08-01T03:38:06Z,login,hash_7124
evt_2244,usr_76,2026-08-24T23:22:36Z,feature_b,hash_6298
evt_2245,usr_76,2026-08-25T22:41:44Z,login,hash_2854
evt_2246,usr_76,2026-08-27T07:13:59Z,feature_a,hash_7768
evt_2247,usr_76,2026-08-28T09:05:33Z,feature_b,hash_7807
evt_2248,usr_76,2026-08-25T12:35:40Z,logout,hash_2895
evt_2249,usr_76,2026-08-27T12:06:58Z,login,hash_9129
evt_2250,usr_76,2026-08-25T14:44:22Z,logout,hash_2976
evt_2251,usr_76,2026-08-26T22:51:59Z,login,hash_1116
evt_2252,usr_76,2026-08-29T09:58:37Z,login,hash_5615
evt_2253,usr_76,2026-09-01T13:33:02Z,feature_a,hash_5568
evt_2254,usr_76,2026-09-01T08:40:54Z,feature_a,hash_2544
evt_2255,usr_76,2026-08-25T12:01:32Z,feature_b,hash_3456
evt_2256,usr_76,2026-08-25T21:58:36Z,logout,hash_9029
evt_2257,usr_76,2026-08-25T14:01:20Z,login,hash_1635
evt_2258,usr_76,2026-09-01T16:57:44Z,feature_a,hash_8611
evt_2259,usr_76,2026-07-26T13:58:59Z,login,hash_3648
evt_2260,usr_76,2026-08-29T21:22:44Z,export,hash_8770
evt_2261,usr_76,2026-08-31T02:02:17Z,login,hash_2249
evt_2262,usr_76,2026-07-17T06:52:04Z,login,hash_4428
evt_2263,usr_76,2026-08-16T02:24:06Z,login,hash_2159
evt_2264,usr_76,2026-08-20T14:56:31Z,login,hash_5072
evt_2265,usr_76,2026-08-23T19:57:40Z,feature_a,hash_9380
evt_2266,usr_76,2026-08-22T23:47:55Z,feature_a,hash_7212
evt_2267,usr_76,2026-08-01T01:03:21Z,export,hash_3648
evt_2268,usr_76,2026-08-23T16:04:27Z,feature_b,hash_7293
evt_2269,usr_77,2026-08-08T20:33:21Z,feature_a,hash_9452
evt_2270,usr_77,2026-08-06T04:29:37Z,logout,hash_7817
evt_2271,usr_77,2026-08-06T21:16:39Z,feature_b,hash_6493
evt_2272,usr_77,2026-08-28T12:41:52Z,feature_a,hash_7743
evt_2273,usr_77,2026-08-24T05:35:09Z,login,hash_1278
evt_2274,usr_77,2026-08-05T14:45:02Z,feature_a,hash_9699
evt_2275,usr_77,2026-08-26T23:32:33Z,feature_b,hash_4665
evt_2276,usr_77,2026-08-16T11:24:20Z,logout,hash_4912
evt_2277,usr_77,2026-08-24T23:34:59Z,login,hash_9068
evt_2278,usr_77,2026-08-29T15:14:57Z,login,hash_3406
evt_2279,usr_77,2026-08-30T19:38:08Z,login,hash_9984
evt_2280,usr_77,2026-08-29T08:24:51Z,feature_b,hash_3444
evt_2281,usr_77,2026-08-29T20:15:13Z,export,hash_1988
evt_2282,usr_77,2026-08-27T19:01:20Z,login,hash_2989
evt_2283,usr_77,2026-08-15T18:46:32Z,login,hash_4818
evt_2284,usr_77,2026-08-29T14:59:57Z,logout,hash_5584
evt_2285,usr_77,2026-08-28T19:37:47Z,feature_a,hash_2630
evt_2286,usr_77,2026-08-23T12:25:56Z,login,hash_8663
evt_2287,usr_77,2026-08-19T05:21:18Z,login,hash_3239
evt_2288,usr_77,2026-08-27T09:26:15Z,login,hash_1025
evt_2289,usr_77,2026-08-29T04:10:31Z,feature_a,hash_4334
evt_2290,usr_77,2026-08-16T07:49:26Z,feature_b,hash_2814
evt_2291,usr_77,2026-08-30T20:09:36Z,export,hash_6839
evt_2292,usr_77,2026-08-13T15:01:57Z,login,hash_6214
evt_2293,usr_77,2026-08-26T08:21:32Z,feature_b,hash_3938
evt_2294,usr_77,2026-08-22T03:27:07Z,login,hash_8144
evt_2295,usr_77,2026-08-23T12:20:16Z,login,hash_7741
evt_2296,usr_77,2026-08-25T06:37:17Z,login,hash_4050
evt_2297,usr_77,2026-08-30T13:49:14Z,login,hash_9445
evt_2298,usr_77,2026-08-26T03:12:04Z,feature_b,hash_9248
evt_2299,usr_78,2026-08-08T02:56:09Z,feature_a,hash_9262
evt_2300,usr_78,2026-08-08T14:47:18Z,logout,hash_4391
evt_2301,usr_78,2026-08-06T18:05:18Z,feature_a,hash_4770
evt_2302,usr_78,2026-07-16T23:39:35Z,login,hash_3991
evt_2303,usr_78,2026-08-03T09:15:14Z,login,hash_7470
evt_2304,usr_78,2026-07-26T01:53:44Z,feature_a,hash_7439
evt_2305,usr_78,2026-08-10T00:38:43Z,export,hash_1099
evt_2306,usr_78,2026-08-10T16:40:45Z,feature_a,hash_4307
evt_2307,usr_78,2026-08-14T02:33:06Z,feature_b,hash_1391
evt_2308,usr_78,2026-08-10T08:14:55Z,export,hash_2234
evt_2309,usr_78,2026-08-15T19:20:11Z,feature_a,hash_6282
evt_2310,usr_78,2026-07-28T04:39:25Z,feature_a,hash_6944
evt_2311,usr_78,2026-07-27T06:25:06Z,login,hash_3869
evt_2312,usr_78,2026-07-23T03:12:53Z,export,hash_4174
evt_2313,usr_78,2026-08-09T17:01:54Z,feature_a,hash_6299
evt_2314,usr_78,2026-08-15T22:24:14Z,export,hash_5059
evt_2315,usr_78,2026-07-22T06:29:16Z,feature_a,hash_1227
evt_2316,usr_78,2026-08-10T00:24:22Z,login,hash_3514
evt_2317,usr_78,2026-08-12T03:11:31Z,feature_a,hash_9230
evt_2318,usr_78,2026-07-29T05:31:17Z,logout,hash_3106
evt_2319,usr_78,2026-08-14T20:35:15Z,feature_a,hash_9013
evt_2320,usr_78,2026-08-15T03:32:08Z,feature_a,hash_5446
evt_2321,usr_78,2026-08-02T06:59:21Z,login,hash_2374
evt_2322,usr_78,2026-07-24T00:09:19Z,login,hash_2392
evt_2323,usr_78,2026-08-08T05:38:17Z,feature_b,hash_4447
evt_2324,usr_78,2026-07-28T21:00:20Z,export,hash_8551
evt_2325,usr_78,2026-08-08T16:26:23Z,feature_a,hash_8560
evt_2326,usr_78,2026-08-03T11:18:35Z,feature_a,hash_4541
evt_2327,usr_78,2026-08-12T06:01:19Z,feature_a,hash_1261
evt_2328,usr_78,2026-08-15T20:22:34Z,login,hash_4504
evt_2329,usr_78,2026-07-21T18:19:56Z,feature_a,hash_6987
evt_2330,usr_78,2026-08-08T22:19:02Z,export,hash_8254
evt_2331,usr_78,2026-08-07T18:43:40Z,login,hash_6511
evt_2332,usr_78,2026-08-15T23:20:41Z,feature_a,hash_9792
evt_2333,usr_79,2026-08-12T02:04:24Z,login,hash_3745
evt_2334,usr_79,2026-08-22T01:13:26Z,login,hash_1545
evt_2335,usr_79,2026-08-19T22:48:20Z,feature_b,hash_1787
evt_2336,usr_79,2026-08-15T16:00:45Z,feature_b,hash_5732
evt_2337,usr_79,2026-08-21T20:16:13Z,login,hash_1256
evt_2338,usr_79,2026-08-11T02:17:30Z,feature_a,hash_7995
evt_2339,usr_79,2026-08-21T10:35:14Z,feature_b,hash_3632
evt_2340,usr_79,2026-08-15T18:15:09Z,login,hash_8965
evt_2341,usr_79,2026-08-21T08:14:16Z,feature_a,hash_6346
evt_2342,usr_79,2026-07-29T12:18:20Z,login,hash_9187
evt_2343,usr_79,2026-08-18T10:57:27Z,export,hash_4236
evt_2344,usr_79,2026-08-08T23:20:11Z,login,hash_5281
evt_2345,usr_79,2026-08-19T04:26:13Z,feature_a,hash_9037
evt_2346,usr_79,2026-08-15T10:45:47Z,feature_a,hash_5181
evt_2347,usr_79,2026-08-17T18:37:30Z,login,hash_1496
evt_2348,usr_80,2026-08-08T13:52:15Z,login,hash_7505
evt_2349,usr_80,2026-07-30T05:13:27Z,login,hash_6195
evt_2350,usr_80,2026-08-10T08:25:04Z,feature_a,hash_6897
evt_2351,usr_80,2026-07-24T02:04:20Z,feature_b,hash_3170
evt_2352,usr_80,2026-08-12T14:29:31Z,login,hash_8615
evt_2353,usr_81,2026-08-12T23:24:48Z,feature_a,hash_5570
evt_2354,usr_81,2026-08-18T20:36:21Z,feature_a,hash_7953
evt_2355,usr_81,2026-08-21T09:26:25Z,feature_a,hash_3862
evt_2356,usr_81,2026-08-15T21:44:15Z,login,hash_6975
evt_2357,usr_81,2026-07-03T08:56:57Z,feature_b,hash_7864
evt_2358,usr_81,2026-08-20T07:24:07Z,feature_b,hash_5736
evt_2359,usr_81,2026-08-22T01:10:44Z,login,hash_1706
evt_2360,usr_81,2026-08-19T03:34:54Z,feature_a,hash_4042
evt_2361,usr_81,2026-08-18T13:08:18Z,feature_b,hash_6269
evt_2362,usr_81,2026-08-17T07:08:52Z,logout,hash_2710
evt_2363,usr_81,2026-08-06T19:00:27Z,logout,hash_3884
evt_2364,usr_81,2026-08-22T11:10:15Z,feature_a,hash_5408
evt_2365,usr_81,2026-08-01T18:07:18Z,login,hash_6813
evt_2366,usr_81,2026-08-13T09:23:44Z,feature_b,hash_8750
evt_2367,usr_81,2026-08-16T19:01:51Z,feature_b,hash_2089
evt_2368,usr_81,2026-08-09T18:55:54Z,feature_a,hash_3316
evt_2369,usr_81,2026-08-16T02:14:28Z,login,hash_3112
evt_2370,usr_81,2026-08-09T10:23:25Z,export,hash_6724
evt_2371,usr_81,2026-08-16T01:12:29Z,logout,hash_1858
evt_2372,usr_81,2026-08-18T17:31:42Z,feature_b,hash_7504
evt_2373,usr_81,2026-08-22T14:53:10Z,login,hash_1692
evt_2374,usr_81,2026-08-19T14:05:28Z,logout,hash_4757
evt_2375,usr_81,2026-08-13T10:13:20Z,feature_b,hash_5181
evt_2376,usr_81,2026-08-20T19:55:59Z,login,hash_4669
evt_2377,usr_81,2026-08-16T11:44:39Z,login,hash_6389
evt_2378,usr_81,2026-08-21T17:28:28Z,login,hash_2934
evt_2379,usr_81,2026-08-19T00:55:31Z,login,hash_1787
evt_2380,usr_81,2026-07-23T19:25:07Z,login,hash_3922
evt_2381,usr_81,2026-08-14T20:51:09Z,login,hash_5307
evt_2382,usr_81,2026-08-20T11:54:38Z,feature_b,hash_6836
evt_2383,usr_81,2026-08-02T14:54:43Z,feature_a,hash_2116
evt_2384,usr_81,2026-08-19T21:00:31Z,feature_a,hash_4150
evt_2385,usr_82,2026-08-13T06:48:40Z,login,hash_9703
evt_2386,usr_82,2026-08-16T16:49:50Z,login,hash_1565
evt_2387,usr_82,2026-08-06T09:40:14Z,logout,hash_7573
evt_2388,usr_82,2026-08-17T06:44:26Z,login,hash_9612
evt_2389,usr_82,2026-07-22T07:17:08Z,feature_b,hash_3494
evt_2390,usr_82,2026-08-20T11:51:26Z,login,hash_6600
evt_2391,usr_82,2026-08-15T11:55:46Z,login,hash_1921
evt_2392,usr_82,2026-08-14T20:33:44Z,login,hash_2114
evt_2393,usr_82,2026-08-19T10:04:12Z,logout,hash_4687
evt_2394,usr_82,2026-08-23T20:14:48Z,feature_b,hash_4240
evt_2395,usr_82,2026-08-18T10:57:14Z,feature_a,hash_6827
evt_2396,usr_82,2026-08-18T00:13:19Z,export,hash_8353
evt_2397,usr_82,2026-08-20T18:10:37Z,feature_b,hash_3128
evt_2398,usr_82,2026-07-17T09:35:55Z,feature_b,hash_6424
evt_2399,usr_82,2026-08-15T14:30:02Z,export,hash_9304
evt_2400,usr_82,2026-08-19T15:24:06Z,login,hash_4143
evt_2401,usr_82,2026-08-16T11:30:37Z,feature_b,hash_2482
evt_2402,usr_82,2026-08-25T01:11:55Z,feature_a,hash_8118
evt_2403,usr_82,2026-08-22T06:15:33Z,login,hash_4066
evt_2404,usr_82,2026-08-23T03:59:47Z,login,hash_3344
evt_2405,usr_82,2026-08-03T05:39:44Z,login,hash_4727
evt_2406,usr_82,2026-08-15T23:37:41Z,feature_b,hash_7506
evt_2407,usr_82,2026-08-21T09:31:23Z,feature_b,hash_1176
evt_2408,usr_82,2026-08-18T20:46:04Z,login,hash_9149
evt_2409,usr_82,2026-08-21T03:56:01Z,feature_b,hash_9449
evt_2410,usr_82,2026-08-20T23:04:36Z,feature_a,hash_5446
evt_2411,usr_82,2026-08-16T08:02:06Z,feature_b,hash_8656
evt_2412,usr_82,2026-08-13T06:21:48Z,feature_b,hash_7511
evt_2413,usr_82,2026-08-21T06:32:09Z,feature_a,hash_7391
evt_2414,usr_83,2026-07-14T01:35:11Z,feature_a,hash_6686
evt_2415,usr_83,2026-07-19T18:17:02Z,feature_a,hash_2263
evt_2416,usr_83,2026-06-15T13:57:52Z,login,hash_4282
evt_2417,usr_83,2026-07-15T20:55:40Z,feature_a,hash_4932
evt_2418,usr_83,2026-07-20T11:53:35Z,feature_a,hash_4563
evt_2419,usr_83,2026-07-15T03:12:13Z,login,hash_5714
evt_2420,usr_83,2026-07-07T04:34:35Z,feature_b,hash_6378
evt_2421,usr_83,2026-07-17T11:14:23Z,login,hash_8597
evt_2422,usr_83,2026-07-16T13:23:52Z,login,hash_9560
evt_2423,usr_83,2026-07-19T19:49:41Z,login,hash_7813
evt_2424,usr_83,2026-07-06T06:44:52Z,logout,hash_8073
evt_2425,usr_83,2026-07-19T14:25:45Z,feature_b,hash_9963
evt_2426,usr_83,2026-07-08T08:24:46Z,feature_a,hash_3851
evt_2427,usr_83,2026-07-21T01:51:33Z,login,hash_9388
evt_2428,usr_84,2026-08-19T07:09:50Z,feature_b,hash_9161
evt_2429,usr_84,2026-08-19T21:02:36Z,feature_b,hash_5744
evt_2430,usr_84,2026-08-21T15:10:49Z,feature_b,hash_4522
evt_2431,usr_84,2026-08-09T18:35:00Z,logout,hash_5639
evt_2432,usr_84,2026-08-23T20:33:22Z,export,hash_6387
evt_2433,usr_84,2026-08-16T12:00:14Z,export,hash_2071
evt_2434,usr_84,2026-09-01T02:17:41Z,feature_a,hash_1484
evt_2435,usr_84,2026-08-30T06:48:18Z,logout,hash_6314
evt_2436,usr_84,2026-08-21T23:42:39Z,login,hash_1049
evt_2437,usr_84,2026-08-12T21:59:09Z,login,hash_5734
evt_2438,usr_84,2026-08-31T22:13:20Z,feature_a,hash_1245
evt_2439,usr_84,2026-08-27T14:26:13Z,feature_a,hash_6353
evt_2440,usr_84,2026-08-23T03:14:27Z,feature_a,hash_1904
evt_2441,usr_84,2026-08-24T21:40:50Z,feature_b,hash_9851
evt_2442,usr_84,2026-09-01T01:55:43Z,login,hash_9096
evt_2443,usr_84,2026-08-30T19:08:26Z,login,hash_5785
evt_2444,usr_84,2026-08-26T15:45:38Z,login,hash_2494
evt_2445,usr_84,2026-08-15T23:50:17Z,export,hash_2990
evt_2446,usr_84,2026-08-08T09:18:59Z,login,hash_9338
evt_2447,usr_84,2026-08-23T16:18:11Z,login,hash_1890
evt_2448,usr_84,2026-08-27T21:02:51Z,login,hash_9656
evt_2449,usr_84,2026-08-26T20:22:19Z,login,hash_9817
evt_2450,usr_84,2026-08-31T13:35:47Z,login,hash_9815
evt_2451,usr_84,2026-08-21T04:27:46Z,login,hash_1671
evt_2452,usr_84,2026-08-16T22:16:08Z,login,hash_4445
evt_2453,usr_84,2026-08-30T07:03:12Z,feature_a,hash_4971
evt_2454,usr_84,2026-08-31T15:52:41Z,login,hash_2534
evt_2455,usr_84,2026-08-28T08:44:46Z,login,hash_2129
evt_2456,usr_84,2026-08-26T00:31:09Z,logout,hash_8291
evt_2457,usr_84,2026-08-27T13:08:45Z,feature_b,hash_1832
evt_2458,usr_84,2026-08-28T15:49:36Z,login,hash_6987
evt_2459,usr_84,2026-08-27T10:13:48Z,feature_b,hash_4551
evt_2460,usr_84,2026-08-29T23:29:01Z,logout,hash_5155
evt_2461,usr_84,2026-08-29T16:04:58Z,logout,hash_7831
evt_2462,usr_84,2026-07-24T17:44:52Z,feature_b,hash_8280
evt_2463,usr_84,2026-08-28T14:37:48Z,feature_b,hash_7577
evt_2464,usr_84,2026-08-21T12:10:33Z,login,hash_7809
evt_2465,usr_84,2026-08-30T14:14:45Z,login,hash_4482
evt_2466,usr_84,2026-08-14T20:42:14Z,export,hash_5318
evt_2467,usr_85,2026-08-21T11:33:07Z,feature_a,hash_3562
evt_2468,usr_85,2026-08-20T09:33:36Z,login,hash_4018
evt_2469,usr_85,2026-08-13T05:40:03Z,login,hash_8458
evt_2470,usr_85,2026-08-19T12:34:05Z,login,hash_6146
evt_2471,usr_85,2026-08-23T08:23:55Z,feature_b,hash_9827
evt_2472,usr_85,2026-08-20T08:44:25Z,login,hash_6113
evt_2473,usr_85,2026-08-14T11:16:28Z,feature_a,hash_7330
evt_2474,usr_85,2026-08-14T20:19:41Z,export,hash_7111
evt_2475,usr_85,2026-08-02T20:32:45Z,login,hash_4983
evt_2476,usr_85,2026-08-09T03:37:31Z,feature_b,hash_7209
evt_2477,usr_85,2026-08-15T20:45:35Z,login,hash_3625
evt_2478,usr_85,2026-08-05T18:53:38Z,login,hash_9598
evt_2479,usr_85,2026-08-07T03:18:40Z,export,hash_4913
evt_2480,usr_85,2026-08-15T14:02:49Z,feature_b,hash_3741
evt_2481,usr_85,2026-08-18T19:37:59Z,feature_a,hash_1230
evt_2482,usr_85,2026-07-21T04:22:18Z,login,hash_3784
evt_2483,usr_85,2026-08-21T19:31:21Z,feature_b,hash_8228
evt_2484,usr_85,2026-08-19T09:07:49Z,feature_b,hash_2405
evt_2485,usr_85,2026-08-13T23:05:15Z,login,hash_8129
evt_2486,usr_85,2026-08-08T00:52:07Z,login,hash_8667
evt_2487,usr_85,2026-08-08T05:25:56Z,feature_b,hash_3761
evt_2488,usr_85,2026-08-16T09:02:51Z,feature_b,hash_6407
evt_2489,usr_85,2026-07-30T12:33:29Z,feature_b,hash_4395
evt_2490,usr_85,2026-08-18T10:51:08Z,login,hash_8701
evt_2491,usr_85,2026-08-20T00:45:03Z,feature_a,hash_4165
evt_2492,usr_85,2026-08-18T05:36:16Z,feature_b,hash_5043
evt_2493,usr_85,2026-07-24T11:13:27Z,feature_a,hash_4065
evt_2494,usr_85,2026-08-22T17:43:50Z,feature_a,hash_7460
evt_2495,usr_85,2026-08-23T22:02:57Z,feature_a,hash_3343
evt_2496,usr_85,2026-08-15T20:59:46Z,feature_b,hash_5907
evt_2497,usr_85,2026-08-08T19:41:32Z,login,hash_4244
evt_2498,usr_85,2026-07-29T16:24:55Z,logout,hash_2039
evt_2499,usr_86,2026-08-19T22:20:54Z,feature_b,hash_4363
evt_2500,usr_86,2026-08-26T01:40:53Z,feature_a,hash_4211
evt_2501,usr_86,2026-08-26T16:31:18Z,login,hash_3724
evt_2502,usr_86,2026-07-30T20:12:26Z,feature_a,hash_2466
evt_2503,usr_86,2026-08-30T13:06:54Z,feature_a,hash_1592
evt_2504,usr_86,2026-08-05T15:04:58Z,logout,hash_5433
evt_2505,usr_86,2026-08-26T10:18:40Z,export,hash_3291
evt_2506,usr_86,2026-08-25T23:14:38Z,login,hash_7342
evt_2507,usr_86,2026-08-25T07:44:01Z,login,hash_5850
evt_2508,usr_86,2026-08-18T21:52:45Z,feature_a,hash_9838
evt_2509,usr_86,2026-08-18T11:00:59Z,login,hash_9070
evt_2510,usr_86,2026-08-23T08:33:51Z,feature_a,hash_2562
evt_2511,usr_86,2026-08-18T23:17:56Z,feature_b,hash_9811
evt_2512,usr_86,2026-08-29T01:08:52Z,login,hash_6412
evt_2513,usr_86,2026-08-16T06:36:36Z,feature_b,hash_9341
evt_2514,usr_86,2026-08-26T21:39:20Z,login,hash_3476
evt_2515,usr_86,2026-08-26T15:02:30Z,feature_a,hash_8139
evt_2516,usr_86,2026-08-22T12:36:46Z,login,hash_2220
evt_2517,usr_86,2026-08-31T00:16:29Z,login,hash_8676
evt_2518,usr_86,2026-08-18T11:21:08Z,login,hash_2726
evt_2519,usr_86,2026-08-26T03:49:03Z,login,hash_6809
evt_2520,usr_86,2026-08-07T19:32:13Z,feature_b,hash_4364
evt_2521,usr_86,2026-08-23T15:59:01Z,feature_b,hash_8406
evt_2522,usr_86,2026-08-25T05:53:15Z,feature_a,hash_5338
evt_2523,usr_86,2026-08-19T10:34:54Z,feature_b,hash_7027
evt_2524,usr_86,2026-08-16T08:01:27Z,logout,hash_8379
evt_2525,usr_86,2026-08-22T09:51:37Z,login,hash_8622
evt_2526,usr_86,2026-08-19T13:01:45Z,feature_a,hash_8080
evt_2527,usr_86,2026-07-13T23:03:53Z,export,hash_4209
evt_2528,usr_86,2026-08-24T04:04:39Z,login,hash_6497
evt_2529,usr_87,2026-08-11T17:28:19Z,login,hash_7795
evt_2530,usr_87,2026-08-17T02:58:09Z,feature_a,hash_8955
evt_2531,usr_87,2026-08-19T14:51:23Z,feature_a,hash_2383
evt_2532,usr_87,2026-08-10T05:23:20Z,feature_b,hash_1491
evt_2533,usr_87,2026-07-26T11:52:22Z,login,hash_3399
evt_2534,usr_87,2026-08-12T21:20:27Z,login,hash_8739
evt_2535,usr_87,2026-08-17T11:48:56Z,feature_b,hash_3085
evt_2536,usr_87,2026-08-17T06:47:35Z,feature_b,hash_7810
evt_2537,usr_87,2026-08-08T17:25:56Z,feature_b,hash_2440
evt_2538,usr_87,2026-08-17T10:53:05Z,login,hash_7467
evt_2539,usr_87,2026-08-12T12:02:11Z,logout,hash_2595
evt_2540,usr_87,2026-07-26T07:09:01Z,login,hash_9220
evt_2541,usr_87,2026-08-15T11:08:21Z,login,hash_2680
evt_2542,usr_87,2026-08-17T04:34:58Z,export,hash_4315
evt_2543,usr_87,2026-08-14T15:35:53Z,feature_b,hash_6647
evt_2544,usr_87,2026-07-25T11:25:51Z,login,hash_9854
evt_2545,usr_87,2026-08-15T04:45:45Z,feature_b,hash_2890
evt_2546,usr_87,2026-08-18T01:10:10Z,export,hash_5106
evt_2547,usr_87,2026-08-06T22:14:50Z,feature_a,hash_8211
evt_2548,usr_87,2026-08-19T13:30:43Z,feature_b,hash_5071
evt_2549,usr_87,2026-08-16T02:18:54Z,login,hash_3077
evt_2550,usr_87,2026-08-06T10:12:56Z,feature_a,hash_4481
evt_2551,usr_87,2026-08-07T04:46:00Z,login,hash_6252
evt_2552,usr_87,2026-07-19T18:02:29Z,logout,hash_2552
evt_2553,usr_88,2026-08-29T16:19:35Z,login,hash_5357
evt_2554,usr_88,2026-07-21T20:33:21Z,feature_b,hash_4535
evt_2555,usr_88,2026-08-26T03:47:10Z,logout,hash_4463
evt_2556,usr_88,2026-08-30T07:06:56Z,feature_a,hash_4858
evt_2557,usr_88,2026-08-25T06:04:48Z,export,hash_4887
evt_2558,usr_88,2026-08-28T14:25:09Z,login,hash_4250
evt_2559,usr_88,2026-08-22T01:00:05Z,feature_b,hash_9714
evt_2560,usr_88,2026-08-29T10:03:24Z,logout,hash_5393
evt_2561,usr_88,2026-08-28T16:32:55Z,login,hash_6684
evt_2562,usr_88,2026-09-01T19:37:24Z,login,hash_8900
evt_2563,usr_88,2026-09-01T16:46:10Z,feature_a,hash_6065
evt_2564,usr_88,2026-08-31T19:10:52Z,login,hash_3378
evt_2565,usr_88,2026-08-28T12:56:36Z,logout,hash_7274
evt_2566,usr_88,2026-08-17T13:28:50Z,login,hash_6178
evt_2567,usr_88,2026-08-09T20:11:42Z,login,hash_1152
evt_2568,usr_88,2026-08-19T01:30:24Z,feature_a,hash_3484
evt_2569,usr_88,2026-08-05T07:22:26Z,export,hash_4237
evt_2570,usr_88,2026-08-28T03:44:56Z,login,hash_8409
evt_2571,usr_88,2026-08-20T05:32:52Z,feature_b,hash_4952
evt_2572,usr_88,2026-08-23T03:24:58Z,login,hash_9223
evt_2573,usr_88,2026-08-19T00:03:55Z,feature_a,hash_1638
evt_2574,usr_88,2026-08-23T18:03:49Z,login,hash_8404
evt_2575,usr_88,2026-08-30T21:02:40Z,logout,hash_4841
evt_2576,usr_88,2026-08-25T23:25:02Z,login,hash_4831
evt_2577,usr_88,2026-08-24T01:17:38Z,logout,hash_2852
evt_2578,usr_88,2026-09-01T15:32:33Z,feature_b,hash_1564
evt_2579,usr_88,2026-08-27T21:12:09Z,login,hash_5307
evt_2580,usr_88,2026-08-29T07:24:13Z,login,hash_1310
evt_2581,usr_88,2026-09-01T19:47:03Z,login,hash_3052
evt_2582,usr_88,2026-08-08T08:23:37Z,export,hash_7644
evt_2583,usr_88,2026-08-16T05:26:37Z,login,hash_6432
evt_2584,usr_88,2026-08-24T05:50:39Z,feature_a,hash_9997
evt_2585,usr_89,2026-08-18T04:25:06Z,feature_a,hash_8280
evt_2586,usr_89,2026-08-22T14:55:36Z,feature_a,hash_1123
evt_2587,usr_89,2026-08-05T04:01:47Z,login,hash_8295
evt_2588,usr_89,2026-08-22T21:44:00Z,login,hash_7884
evt_2589,usr_89,2026-08-17T08:28:06Z,feature_b,hash_4358
evt_2590,usr_89,2026-08-28T08:03:51Z,export,hash_8519
evt_2591,usr_89,2026-08-20T23:14:53Z,login,hash_2374
evt_2592,usr_89,2026-08-26T01:38:05Z,login,hash_1950
evt_2593,usr_89,2026-08-22T13:13:58Z,feature_b,hash_5405
evt_2594,usr_89,2026-08-06T14:10:13Z,feature_a,hash_2680
evt_2595,usr_89,2026-08-24T04:44:02Z,export,hash_6172
evt_2596,usr_89,2026-08-20T05:18:48Z,login,hash_6830
evt_2597,usr_89,2026-08-30T19:05:32Z,feature_a,hash_9963
evt_2598,usr_89,2026-08-22T20:01:39Z,login,hash_1805
evt_2599,usr_89,2026-08-05T03:01:41Z,export,hash_7603
evt_2600,usr_89,2026-08-28T01:21:51Z,login,hash_8369
evt_2601,usr_89,2026-08-30T22:01:06Z,feature_b,hash_7811
evt_2602,usr_89,2026-08-26T00:21:26Z,feature_a,hash_6779
evt_2603,usr_89,2026-08-16T21:32:06Z,login,hash_6743
evt_2604,usr_89,2026-08-26T01:38:39Z,feature_b,hash_3827
evt_2605,usr_89,2026-08-22T02:32:10Z,feature_a,hash_5531
evt_2606,usr_89,2026-08-11T11:14:12Z,login,hash_7579
evt_2607,usr_89,2026-08-15T13:26:14Z,feature_a,hash_2558
evt_2608,usr_89,2026-08-27T23:00:14Z,logout,hash_6151
evt_2609,usr_89,2026-08-26T04:57:22Z,login,hash_7137
evt_2610,usr_89,2026-08-27T15:44:50Z,feature_b,hash_2914
evt_2611,usr_89,2026-08-10T05:06:45Z,login,hash_9894
evt_2612,usr_89,2026-08-26T12:34:00Z,feature_a,hash_8324
evt_2613,usr_89,2026-08-24T16:19:17Z,feature_a,hash_1360
evt_2614,usr_89,2026-08-22T08:31:16Z,feature_a,hash_5320
evt_2615,usr_89,2026-08-09T23:00:15Z,feature_a,hash_3366
evt_2616,usr_89,2026-08-26T13:22:54Z,feature_b,hash_9246
evt_2617,usr_89,2026-08-16T07:52:24Z,feature_b,hash_4567
evt_2618,usr_90,2026-09-01T19:25:38Z,logout,hash_2446
evt_2619,usr_90,2026-09-01T07:20:38Z,export,hash_7043
evt_2620,usr_90,2026-08-28T08:14:20Z,feature_a,hash_7693
evt_2621,usr_90,2026-08-20T08:35:25Z,login,hash_1675
evt_2622,usr_90,2026-08-26T20:45:56Z,login,hash_5513
evt_2623,usr_90,2026-08-20T18:11:20Z,feature_a,hash_6714
evt_2624,usr_90,2026-08-16T19:09:53Z,export,hash_7619
evt_2625,usr_90,2026-08-20T20:41:40Z,feature_a,hash_2165
evt_2626,usr_90,2026-08-20T22:34:01Z,login,hash_6428
evt_2627,usr_90,2026-08-13T12:45:41Z,feature_b,hash_8011
evt_2628,usr_90,2026-07-29T07:34:21Z,feature_b,hash_5611
evt_2629,usr_90,2026-08-30T22:26:22Z,login,hash_8964
evt_2630,usr_90,2026-08-31T02:27:36Z,feature_a,hash_1532
evt_2631,usr_90,2026-08-24T19:47:32Z,login,hash_2124
evt_2632,usr_90,2026-08-01T13:44:36Z,feature_b,hash_3071
evt_2633,usr_90,2026-08-25T13:26:36Z,login,hash_7297
evt_2634,usr_90,2026-08-31T03:46:19Z,login,hash_1998
evt_2635,usr_90,2026-09-01T03:14:50Z,login,hash_7578
evt_2636,usr_90,2026-08-28T09:32:05Z,export,hash_9652
evt_2637,usr_90,2026-08-28T11:07:55Z,login,hash_5153
evt_2638,usr_90,2026-08-27T18:03:59Z,feature_b,hash_9517
evt_2639,usr_90,2026-08-16T08:09:02Z,feature_a,hash_9130
evt_2640,usr_90,2026-08-24T00:54:41Z,login,hash_3747
evt_2641,usr_90,2026-08-31T16:48:50Z,login,hash_3848
evt_2642,usr_90,2026-08-15T18:34:35Z,login,hash_8957
evt_2643,usr_90,2026-09-01T00:19:37Z,feature_b,hash_8884
evt_2644,usr_90,2026-08-31T18:39:19Z,login,hash_9274
evt_2645,usr_90,2026-08-19T16:06:58Z,export,hash_8937
evt_2646,usr_90,2026-08-07T06:46:38Z,login,hash_9225
evt_2647,usr_90,2026-07-31T11:39:08Z,login,hash_9831
evt_2648,usr_90,2026-08-31T23:47:25Z,feature_b,hash_8953
evt_2649,usr_90,2026-07-15T00:04:28Z,logout,hash_2025
evt_2650,usr_90,2026-08-13T16:35:37Z,login,hash_6850
evt_2651,usr_90,2026-08-29T20:39:27Z,login,hash_9328
evt_2652,usr_90,2026-08-26T19:54:10Z,login,hash_9829
evt_2653,usr_90,2026-09-01T23:37:50Z,login,hash_2271
evt_2654,usr_90,2026-08-07T06:00:18Z,login,hash_3326
evt_2655,usr_90,2026-08-21T13:55:41Z,feature_a,hash_9674
evt_2656,usr_90,2026-08-30T03:28:52Z,logout,hash_4396
evt_2657,usr_91,2026-08-24T21:57:51Z,logout,hash_9300
evt_2658,usr_91,2026-08-21T06:03:57Z,feature_b,hash_8389
evt_2659,usr_91,2026-08-15T17:55:17Z,login,hash_5687
evt_2660,usr_91,2026-08-20T14:19:02Z,feature_a,hash_7332
evt_2661,usr_91,2026-08-18T15:58:18Z,feature_a,hash_4901
evt_2662,usr_91,2026-08-12T07:52:05Z,feature_b,hash_9074
evt_2663,usr_91,2026-08-26T16:48:53Z,login,hash_8045
evt_2664,usr_91,2026-08-24T09:39:12Z,feature_b,hash_9068
evt_2665,usr_91,2026-08-14T08:19:14Z,feature_a,hash_3486
evt_2666,usr_91,2026-08-10T05:50:52Z,login,hash_4628
evt_2667,usr_91,2026-08-23T01:37:45Z,feature_b,hash_9537
evt_2668,usr_91,2026-08-11T11:40:51Z,feature_b,hash_8600
evt_2669,usr_91,2026-08-25T22:17:33Z,login,hash_9881
evt_2670,usr_91,2026-08-25T02:41:38Z,logout,hash_4755
evt_2671,usr_91,2026-08-03T19:16:56Z,login,hash_4426
evt_2672,usr_91,2026-08-23T00:34:34Z,feature_b,hash_8543
evt_2673,usr_91,2026-08-22T07:54:09Z,feature_a,hash_4248
evt_2674,usr_91,2026-08-27T01:20:56Z,feature_a,hash_2046
evt_2675,usr_91,2026-08-02T22:52:14Z,feature_a,hash_5385
evt_2676,usr_91,2026-08-26T20:48:27Z,logout,hash_4356
evt_2677,usr_91,2026-08-20T05:36:05Z,feature_b,hash_7616
evt_2678,usr_91,2026-08-20T18:53:42Z,login,hash_7247
evt_2679,usr_92,2026-08-15T23:34:16Z,export,hash_8579
evt_2680,usr_92,2026-08-08T13:39:33Z,login,hash_3001
evt_2681,usr_92,2026-08-25T12:15:51Z,feature_b,hash_2816
evt_2682,usr_92,2026-08-24T14:40:16Z,login,hash_8139
evt_2683,usr_92,2026-08-21T18:37:42Z,feature_a,hash_2503
evt_2684,usr_92,2026-08-22T07:51:36Z,logout,hash_9922
evt_2685,usr_92,2026-08-25T17:28:45Z,feature_a,hash_8196
evt_2686,usr_92,2026-08-19T14:41:57Z,feature_b,hash_7943
evt_2687,usr_92,2026-08-24T14:23:08Z,logout,hash_3283
evt_2688,usr_92,2026-08-10T02:04:09Z,feature_a,hash_2564
evt_2689,usr_92,2026-08-21T01:20:38Z,feature_a,hash_3426
evt_2690,usr_92,2026-07-09T00:59:28Z,logout,hash_3388
evt_2691,usr_92,2026-08-02T13:52:33Z,logout,hash_6939
evt_2692,usr_92,2026-08-10T08:03:38Z,export,hash_7027
evt_2693,usr_92,2026-08-25T16:06:44Z,export,hash_7696
evt_2694,usr_92,2026-08-12T03:44:53Z,login,hash_5475
evt_2695,usr_92,2026-08-21T05:40:55Z,login,hash_1747
evt_2696,usr_92,2026-08-19T00:06:02Z,login,hash_4813
evt_2697,usr_92,2026-08-19T22:29:24Z,feature_a,hash_3788
evt_2698,usr_92,2026-08-20T05:41:36Z,login,hash_3859
evt_2699,usr_92,2026-07-26T21:02:25Z,login,hash_1384
evt_2700,usr_92,2026-08-07T00:20:24Z,feature_b,hash_5753
evt_2701,usr_92,2026-08-20T23:34:04Z,feature_a,hash_2752
evt_2702,usr_92,2026-08-22T00:14:33Z,login,hash_2628
evt_2703,usr_92,2026-08-24T09:27:51Z,feature_a,hash_4335
evt_2704,usr_92,2026-08-19T23:52:08Z,login,hash_8013
evt_2705,usr_92,2026-08-23T14:14:51Z,login,hash_1235
evt_2706,usr_92,2026-07-27T19:04:37Z,feature_b,hash_5858
evt_2707,usr_92,2026-08-07T18:54:56Z,login,hash_6105
evt_2708,usr_93,2026-07-27T09:44:20Z,login,hash_4592
evt_2709,usr_93,2026-08-26T05:27:39Z,login,hash_9306
evt_2710,usr_93,2026-08-30T14:58:53Z,feature_b,hash_6399
evt_2711,usr_93,2026-08-11T11:49:01Z,login,hash_6580
evt_2712,usr_93,2026-08-06T01:01:30Z,login,hash_3168
evt_2713,usr_93,2026-08-30T16:14:35Z,feature_a,hash_3287
evt_2714,usr_93,2026-08-22T18:43:08Z,feature_a,hash_1826
evt_2715,usr_93,2026-08-26T16:19:09Z,export,hash_6914
evt_2716,usr_93,2026-08-19T21:24:49Z,feature_a,hash_9196
evt_2717,usr_93,2026-08-27T07:50:21Z,feature_b,hash_1045
evt_2718,usr_93,2026-07-24T09:17:49Z,export,hash_3590
evt_2719,usr_93,2026-08-11T21:18:33Z,logout,hash_6302
evt_2720,usr_93,2026-08-20T03:27:23Z,logout,hash_8637
evt_2721,usr_93,2026-08-29T13:15:13Z,login,hash_3607
evt_2722,usr_93,2026-08-30T04:22:50Z,login,hash_4130
evt_2723,usr_93,2026-08-01T13:10:50Z,login,hash_7098
evt_2724,usr_93,2026-08-21T13:54:01Z,login,hash_3530
evt_2725,usr_93,2026-08-28T16:36:55Z,login,hash_3354
evt_2726,usr_93,2026-08-06T07:37:05Z,login,hash_9798
evt_2727,usr_93,2026-08-25T10:56:00Z,login,hash_7096
evt_2728,usr_93,2026-08-23T05:34:21Z,feature_a,hash_9572
evt_2729,usr_93,2026-08-30T02:28:30Z,export,hash_6969
evt_2730,usr_93,2026-08-16T05:57:12Z,feature_b,hash_2813
evt_2731,usr_93,2026-08-27T07:05:44Z,feature_a,hash_9243
evt_2732,usr_93,2026-08-16T03:15:10Z,logout,hash_3006
evt_2733,usr_93,2026-08-21T10:27:15Z,export,hash_7130
evt_2734,usr_93,2026-08-27T22:40:37Z,feature_b,hash_5864
evt_2735,usr_93,2026-08-27T13:24:02Z,login,hash_8227
evt_2736,usr_93,2026-08-20T08:35:27Z,feature_b,hash_4711
evt_2737,usr_93,2026-08-22T18:24:20Z,export,hash_1416
evt_2738,usr_93,2026-08-12T15:35:13Z,login,hash_4415
evt_2739,usr_93,2026-08-10T18:17:51Z,login,hash_7271
evt_2740,usr_93,2026-08-29T03:04:04Z,feature_b,hash_5350
evt_2741,usr_93,2026-08-19T16:10:55Z,login,hash_3645
evt_2742,usr_93,2026-08-31T14:37:45Z,login,hash_9504
evt_2743,usr_93,2026-08-13T14:45:25Z,feature_b,hash_6443
evt_2744,usr_93,2026-08-31T10:08:12Z,login,hash_3255
evt_2745,usr_93,2026-08-28T05:59:04Z,feature_b,hash_4280
evt_2746,usr_93,2026-08-18T00:28:03Z,feature_b,hash_9754
evt_2747,usr_93,2026-08-17T12:45:51Z,login,hash_4890
evt_2748,usr_93,2026-08-09T06:51:43Z,login,hash_3277
evt_2749,usr_93,2026-08-19T00:04:05Z,login,hash_4623
evt_2750,usr_93,2026-08-31T03:20:28Z,logout,hash_8238
evt_2751,usr_94,2026-08-23T04:00:47Z,feature_b,hash_4942
evt_2752,usr_94,2026-08-19T15:19:42Z,feature_b,hash_4037
evt_2753,usr_94,2026-08-19T05:13:06Z,login,hash_9317
evt_2754,usr_94,2026-08-21T22:22:57Z,login,hash_8885
evt_2755,usr_94,2026-08-28T05:00:44Z,login,hash_1026
evt_2756,usr_94,2026-08-26T23:50:58Z,login,hash_3489
evt_2757,usr_94,2026-08-23T03:26:35Z,feature_b,hash_3307
evt_2758,usr_94,2026-08-19T16:57:33Z,feature_a,hash_5922
evt_2759,usr_94,2026-08-22T23:37:50Z,login,hash_8151
evt_2760,usr_94,2026-08-28T04:38:19Z,login,hash_8127
evt_2761,usr_94,2026-08-08T09:07:00Z,feature_b,hash_7771
evt_2762,usr_94,2026-08-31T11:15:24Z,login,hash_6515
evt_2763,usr_94,2026-07-22T18:19:21Z,feature_b,hash_7742
evt_2764,usr_94,2026-08-31T23:04:53Z,login,hash_5176
evt_2765,usr_94,2026-08-28T08:29:08Z,feature_b,hash_8721
evt_2766,usr_94,2026-08-31T22:12:00Z,login,hash_1300
evt_2767,usr_94,2026-08-30T15:50:59Z,feature_a,hash_9587
evt_2768,usr_94,2026-08-30T00:12:57Z,feature_b,hash_2113
evt_2769,usr_94,2026-08-22T10:29:30Z,logout,hash_2139
evt_2770,usr_94,2026-08-31T20:06:04Z,login,hash_3460
evt_2771,usr_94,2026-08-30T05:12:17Z,login,hash_6903
evt_2772,usr_94,2026-08-18T02:30:23Z,login,hash_4237
evt_2773,usr_94,2026-08-16T02:57:42Z,feature_b,hash_1707
evt_2774,usr_94,2026-08-11T11:49:59Z,login,hash_5818
evt_2775,usr_94,2026-08-29T19:13:24Z,login,hash_8060
evt_2776,usr_94,2026-08-10T17:11:31Z,login,hash_6902
evt_2777,usr_94,2026-07-25T03:11:53Z,login,hash_4221
evt_2778,usr_95,2026-08-26T04:43:38Z,logout,hash_9505
evt_2779,usr_95,2026-08-27T11:10:05Z,feature_b,hash_9579
evt_2780,usr_95,2026-08-24T11:58:15Z,login,hash_8459
evt_2781,usr_95,2026-08-24T07:57:55Z,login,hash_7266
evt_2782,usr_95,2026-07-10T01:39:54Z,logout,hash_4697
evt_2783,usr_95,2026-08-10T17:26:40Z,export,hash_5862
evt_2784,usr_95,2026-08-21T02:27:23Z,feature_a,hash_1458
evt_2785,usr_95,2026-08-22T04:14:24Z,login,hash_8688
evt_2786,usr_95,2026-08-17T01:47:45Z,export,hash_8322
evt_2787,usr_95,2026-08-27T14:02:22Z,login,hash_7512
evt_2788,usr_95,2026-09-02T01:35:39Z,feature_b,hash_4962
evt_2789,usr_95,2026-08-17T09:52:55Z,feature_a,hash_8045
evt_2790,usr_95,2026-08-27T08:35:03Z,feature_b,hash_1629
evt_2791,usr_95,2026-08-30T22:38:59Z,login,hash_7959
evt_2792,usr_95,2026-08-21T00:49:44Z,feature_b,hash_3059
evt_2793,usr_95,2026-08-23T00:03:24Z,login,hash_1646
evt_2794,usr_95,2026-08-14T05:04:39Z,feature_a,hash_7190
evt_2795,usr_95,2026-08-25T21:41:54Z,logout,hash_1105
evt_2796,usr_95,2026-08-22T10:46:44Z,logout,hash_4724
evt_2797,usr_95,2026-08-26T08:32:25Z,feature_b,hash_3552
evt_2798,usr_95,2026-09-01T12:18:18Z,export,hash_8979
evt_2799,usr_95,2026-08-10T11:30:37Z,login,hash_4830
evt_2800,usr_95,2026-08-31T00:50:56Z,logout,hash_3306
evt_2801,usr_95,2026-08-31T04:19:46Z,login,hash_3534
evt_2802,usr_95,2026-08-02T06:40:25Z,login,hash_7219
evt_2803,usr_95,2026-08-21T16:10:19Z,feature_a,hash_6194
evt_2804,usr_95,2026-09-01T12:12:45Z,login,hash_8635
evt_2805,usr_95,2026-08-23T08:16:34Z,login,hash_5417
evt_2806,usr_95,2026-09-01T16:55:15Z,feature_b,hash_5724
evt_2807,usr_95,2026-08-09T12:24:59Z,export,hash_5595
evt_2808,usr_95,2026-08-18T19:10:05Z,feature_a,hash_9624
evt_2809,usr_95,2026-08-10T17:25:27Z,export,hash_5075
evt_2810,usr_95,2026-07-05T12:24:42Z,feature_b,hash_9341
evt_2811,usr_95,2026-08-31T15:32:36Z,logout,hash_6949
evt_2812,usr_95,2026-08-21T09:23:34Z,export,hash_9523
evt_2813,usr_95,2026-08-31T02:13:48Z,logout,hash_3403
evt_2814,usr_95,2026-08-26T12:51:29Z,login,hash_1845
evt_2815,usr_95,2026-08-25T21:44:44Z,login,hash_5446
evt_2816,usr_95,2026-08-20T19:02:06Z,logout,hash_5311
evt_2817,usr_95,2026-08-22T11:38:17Z,export,hash_9553
evt_2818,usr_95,2026-09-01T23:12:08Z,feature_b,hash_3502
evt_2819,usr_95,2026-08-26T20:18:43Z,feature_a,hash_2964
evt_2820,usr_95,2026-08-26T19:55:09Z,feature_a,hash_8337
evt_2821,usr_95,2026-08-21T22:58:17Z,feature_b,hash_1775
evt_2822,usr_95,2026-08-31T11:26:21Z,login,hash_7091
evt_2823,usr_95,2026-08-25T03:03:20Z,feature_b,hash_2603
evt_2824,usr_96,2026-08-09T07:30:48Z,login,hash_6629
evt_2825,usr_96,2026-07-18T17:43:56Z,feature_a,hash_4953
evt_2826,usr_96,2026-08-11T21:31:18Z,login,hash_3204
evt_2827,usr_96,2026-07-28T05:21:47Z,logout,hash_8784
evt_2828,usr_96,2026-07-20T21:55:19Z,login,hash_6325
evt_2829,usr_96,2026-08-01T03:26:22Z,login,hash_5106
evt_2830,usr_96,2026-06-27T14:22:10Z,feature_a,hash_1009
evt_2831,usr_96,2026-08-08T13:32:22Z,login,hash_2925
evt_2832,usr_96,2026-08-11T08:52:57Z,feature_a,hash_8533
evt_2833,usr_96,2026-07-27T03:16:23Z,feature_a,hash_4801
evt_2834,usr_96,2026-08-13T06:59:00Z,feature_b,hash_9379
evt_2835,usr_96,2026-07-01T00:38:37Z,feature_b,hash_9114
evt_2836,usr_96,2026-07-26T12:34:04Z,logout,hash_4538
evt_2837,usr_97,2026-08-14T19:04:57Z,feature_a,hash_4552
evt_2838,usr_97,2026-08-12T08:10:20Z,export,hash_3741
evt_2839,usr_97,2026-07-27T21:11:37Z,login,hash_2666
evt_2840,usr_97,2026-08-12T12:41:18Z,logout,hash_5896
evt_2841,usr_97,2026-08-21T20:06:46Z,login,hash_5005
evt_2842,usr_97,2026-08-18T04:21:04Z,logout,hash_4716
evt_2843,usr_97,2026-08-17T18:18:10Z,feature_a,hash_9761
evt_2844,usr_97,2026-08-22T14:20:23Z,logout,hash_3043
evt_2845,usr_97,2026-08-09T05:19:25Z,login,hash_8254
evt_2846,usr_97,2026-08-16T04:26:54Z,logout,hash_3182
evt_2847,usr_97,2026-08-22T14:30:19Z,feature_b,hash_3796
evt_2848,usr_97,2026-08-06T08:57:42Z,login,hash_1692
evt_2849,usr_97,2026-08-18T09:13:16Z,logout,hash_2907
evt_2850,usr_97,2026-08-06T21:24:43Z,login,hash_2556
evt_2851,usr_97,2026-08-21T00:49:04Z,login,hash_1946
evt_2852,usr_97,2026-08-18T11:34:17Z,export,hash_3380
evt_2853,usr_97,2026-08-23T03:06:14Z,feature_a,hash_4147
evt_2854,usr_97,2026-08-12T15:17:29Z,login,hash_5068
evt_2855,usr_97,2026-08-18T21:20:52Z,feature_b,hash_1327
evt_2856,usr_97,2026-08-02T15:15:54Z,login,hash_7530
evt_2857,usr_97,2026-08-19T15:46:37Z,export,hash_2735
evt_2858,usr_97,2026-08-10T04:09:17Z,login,hash_6407
evt_2859,usr_97,2026-08-23T02:13:11Z,logout,hash_2492
evt_2860,usr_97,2026-08-20T22:03:47Z,logout,hash_7549
evt_2861,usr_97,2026-08-15T04:27:20Z,login,hash_3140
evt_2862,usr_97,2026-08-11T19:07:30Z,login,hash_4573
evt_2863,usr_97,2026-08-19T15:06:16Z,feature_b,hash_8965
evt_2864,usr_97,2026-08-01T10:45:43Z,login,hash_2758
evt_2865,usr_97,2026-08-14T16:19:09Z,feature_b,hash_2915
evt_2866,usr_97,2026-08-20T12:57:56Z,feature_b,hash_6478
evt_2867,usr_97,2026-08-05T15:36:34Z,export,hash_2701
evt_2868,usr_97,2026-08-17T14:53:50Z,feature_a,hash_8417
evt_2869,usr_97,2026-08-05T01:11:13Z,login,hash_4933
evt_2870,usr_97,2026-08-20T21:51:17Z,login,hash_7927
evt_2871,usr_97,2026-08-23T22:05:40Z,login,hash_7792
evt_2872,usr_97,2026-08-11T02:04:51Z,login,hash_6442
evt_2873,usr_97,2026-08-21T22:40:28Z,export,hash_9062
evt_2874,usr_97,2026-07-31T15:58:11Z,feature_a,hash_1834
evt_2875,usr_97,2026-08-13T00:51:34Z,export,hash_3029
evt_2876,usr_97,2026-06-30T06:03:59Z,export,hash_6614
evt_2877,usr_97,2026-08-13T19:34:42Z,login,hash_3360
evt_2878,usr_98,2026-08-22T19:54:42Z,login,hash_5976
evt_2879,usr_98,2026-08-18T16:36:29Z,feature_b,hash_8091
evt_2880,usr_98,2026-08-23T10:14:32Z,logout,hash_7192
evt_2881,usr_98,2026-07-28T03:59:04Z,feature_a,hash_2658
evt_2882,usr_98,2026-08-25T10:55:44Z,export,hash_5856
evt_2883,usr_98,2026-08-23T03:00:50Z,feature_a,hash_7732
evt_2884,usr_98,2026-08-21T22:04:52Z,login,hash_5854
evt_2885,usr_98,2026-08-14T09:26:01Z,feature_a,hash_3013
evt_2886,usr_98,2026-08-22T01:34:04Z,logout,hash_1305
evt_2887,usr_98,2026-08-18T01:24:17Z,feature_a,hash_5470
evt_2888,usr_98,2026-08-06T17:00:00Z,feature_b,hash_6615
evt_2889,usr_98,2026-07-26T04:36:49Z,login,hash_6657
evt_2890,usr_98,2026-08-09T13:02:00Z,feature_a,hash_9320
evt_2891,usr_98,2026-08-19T05:28:10Z,login,hash_5113
evt_2892,usr_98,2026-08-24T19:04:10Z,login,hash_5031
evt_2893,usr_98,2026-07-30T21:53:07Z,login,hash_7317
evt_2894,usr_98,2026-08-24T05:45:33Z,login,hash_6337
evt_2895,usr_98,2026-08-23T22:33:04Z,login,hash_8588
evt_2896,usr_98,2026-08-01T14:24:36Z,feature_a,hash_6735
evt_2897,usr_98,2026-08-14T13:30:29Z,login,hash_1711
evt_2898,usr_98,2026-08-08T19:29:13Z,feature_a,hash_1566
evt_2899,usr_98,2026-08-11T08:14:24Z,export,hash_9537
evt_2900,usr_98,2026-08-15T23:33:41Z,login,hash_3794
evt_2901,usr_98,2026-08-20T20:36:21Z,login,hash_4715
evt_2902,usr_98,2026-08-13T12:01:32Z,login,hash_2237
evt_2903,usr_98,2026-08-23T15:55:42Z,login,hash_6515
evt_2904,usr_98,2026-08-21T02:43:26Z,export,hash_9313
evt_2905,usr_98,2026-08-22T09:37:39Z,logout,hash_3896
evt_2906,usr_98,2026-08-17T14:54:52Z,login,hash_5679
evt_2907,usr_98,2026-08-23T15:41:14Z,logout,hash_2594
evt_2908,usr_98,2026-08-20T21:16:45Z,logout,hash_9950
evt_2909,usr_99,2026-09-02T18:52:53Z,login,hash_1334
evt_2910,usr_99,2026-08-26T23:44:36Z,login,hash_1470
evt_2911,usr_99,2026-08-02T14:09:49Z,export,hash_1623
evt_2912,usr_99,2026-08-31T05:28:27Z,feature_b,hash_7189
evt_2913,usr_99,2026-08-29T03:23:30Z,feature_b,hash_1087
evt_2914,usr_99,2026-08-21T12:22:15Z,login,hash_6106
evt_2915,usr_99,2026-08-08T04:38:00Z,logout,hash_9348
evt_2916,usr_99,2026-08-07T19:47:02Z,logout,hash_6992
evt_2917,usr_99,2026-08-29T11:45:41Z,feature_b,hash_8379
evt_2918,usr_99,2026-08-29T17:23:19Z,login,hash_4143
evt_2919,usr_99,2026-08-10T20:06:51Z,feature_b,hash_9059
evt_2920,usr_99,2026-08-26T03:39:57Z,feature_a,hash_3401
evt_2921,usr_99,2026-08-29T06:33:35Z,logout,hash_8114
evt_2922,usr_99,2026-08-17T07:13:02Z,feature_a,hash_3892
evt_2923,usr_99,2026-08-27T14:23:30Z,feature_a,hash_6210
evt_2924,usr_99,2026-09-02T05:48:32Z,feature_a,hash_1951
evt_2925,usr_99,2026-08-10T02:02:44Z,login,hash_7609
evt_2926,usr_99,2026-08-09T11:08:21Z,logout,hash_3247
evt_2927,usr_99,2026-08-19T03:02:30Z,login,hash_5067
evt_2928,usr_99,2026-08-30T00:14:10Z,feature_b,hash_7192
evt_2929,usr_99,2026-08-31T04:35:00Z,login,hash_1972
evt_2930,usr_99,2026-08-30T03:58:23Z,login,hash_4100
evt_2931,usr_99,2026-08-30T07:57:10Z,feature_a,hash_7843
evt_2932,usr_99,2026-08-30T17:19:45Z,feature_b,hash_7770
evt_2933,usr_99,2026-08-06T14:13:32Z,login,hash_1901
evt_2934,usr_99,2026-08-20T11:35:08Z,login,hash_9732
evt_2935,usr_99,2026-09-02T04:39:01Z,login,hash_9885
evt_2936,usr_99,2026-08-25T04:49:10Z,logout,hash_2842
evt_2937,usr_99,2026-08-27T01:41:17Z,login,hash_7908
evt_2938,usr_99,2026-09-02T16:21:34Z,feature_a,hash_4856
evt_2939,usr_99,2026-09-02T14:31:40Z,logout,hash_5376
evt_2940,usr_99,2026-08-27T19:19:02Z,feature_b,hash_8801
evt_2941,usr_99,2026-08-20T15:26:31Z,export,hash_7940
evt_2942,usr_99,2026-08-24T08:13:58Z,feature_b,hash_5280
evt_2943,usr_99,2026-08-29T07:06:26Z,feature_a,hash_2546
evt_2944,usr_99,2026-08-19T15:48:52Z,export,hash_2914
evt_2945,usr_99,2026-08-30T14:46:30Z,feature_a,hash_4670
evt_2946,usr_99,2026-09-02T05:40:54Z,feature_a,hash_7600
evt_2947,usr_99,2026-08-25T19:37:02Z,login,hash_5966
evt_2948,usr_99,2026-08-29T15:31:16Z,feature_b,hash_8487
evt_2949,usr_99,2026-08-25T21:02:41Z,login,hash_1108
evt_2950,usr_99,2026-08-14T04:30:29Z,export,hash_1456
evt_2951,usr_99,2026-08-20T05:05:24Z,login,hash_5709
evt_2952,usr_99,2026-07-01T06:38:30Z,feature_b,hash_5728
evt_2953,usr_99,2026-08-30T18:46:49Z,export,hash_1219
evt_2954,usr_99,2026-08-29T21:06:33Z,logout,hash_2445
evt_2955,usr_100,2026-08-07T08:08:15Z,logout,hash_8791
evt_2956,usr_100,2026-07-25T19:09:10Z,login,hash_2076
evt_2957,usr_100,2026-08-14T10:49:22Z,feature_a,hash_4742
evt_2958,usr_100,2026-08-09T02:00:38Z,feature_a,hash_5938
evt_2959,usr_100,2026-08-11T19:59:34Z,feature_a,hash_2993
evt_2960,usr_100,2026-07-22T06:55:25Z,feature_a,hash_7507
evt_2961,usr_100,2026-08-03T18:08:34Z,feature_a,hash_2141
evt_2962,usr_100,2026-08-14T10:31:21Z,login,hash_6096
evt_2963,usr_100,2026-08-12T18:14:44Z,login,hash_2204
evt_2964,usr_100,2026-08-09T16:38:47Z,feature_a,hash_9759
evt_2965,usr_100,2026-08-10T16:55:01Z,feature_b,hash_2027
evt_2966,usr_100,2026-08-08T06:02:37Z,feature_b,hash_4914
evt_2967,usr_100,2026-08-14T11:32:31Z,feature_a,hash_6995
evt_2968,usr_100,2026-08-11T20:32:43Z,logout,hash_5925
evt_2969,usr_100,2026-07-05T12:05:37Z,feature_a,hash_6543
evt_2970,usr_100,2026-08-03T20:05:17Z,export,hash_2524
evt_2971,usr_100,2026-08-04T15:42:03Z,export,hash_3680
evt_2972,usr_100,2026-08-07T07:15:17Z,export,hash_2700
evt_2973,usr_100,2026-07-19T10:56:39Z,feature_b,hash_2268
evt_2974,usr_100,2026-07-25T03:00:22Z,login,hash_5500
evt_2975,usr_100,2026-08-14T14:45:28Z,export,hash_6895
